asset,role,tris,verts_stored,verts_welded,vertex_split_ratio,edges,islands,render_objects,anchor_objects,materials,largest_island_tri_share,island_bbox_overlaps,planar_islands,open_shell,boundary_edges,nonmanifold_edges,degenerate_tris,duplicate_faces,quads_detected,quad_tri_ratio,ngon_clusters_ge3,hard_edges_gt30,hard_edge_ratio,mean_dihedral_deg,stores_normals,stores_uv,has_skeleton,vertex_anim_blocks,uv_coverage,uv_overlap_factor,uv_tiled,texel_density_iqr_ratio,bbox_x,bbox_y,bbox_z,bbox_diag,flatness_ratio,best_mirror,best_mirror_frac,tri_share_y_upper_half,tri_share_outer_third_radial,tris_visible_gamecam,hidden_gamecam_ratio,silhouette_band_tri_share,tri_share_for_90pct_pixels,tris_never_visible,interior_tri_ratio,game_scale,px_per_unit,screen_px_height,subpixel_tri_ratio,median_tri_px,tex_settings,tex_px_low,tex_px_med,tex_px_high,tex_channels,tex_files,tex_max_px,round_pieces,round_segments_median,round_segments_max,sphere_pieces,flat_pieces,texels_per_tri_high,object_names,material_names
mimesis,(no referenciado),6925,7463,3934,1.897,10693,137,8,4,10,0.056,291,0,True,611,0,0,0,2534,0.732,256,4464,0.443,34.89,True,True,True,2,0.9669,5.09,False,1.27,164.60012817382812,68.72025299072266,200.8634262084961,268.6294685140957,0.342,mirror_x0,0.304,0.362,0.183,1835,0.735,0.406,0.102,1039,0.15,,,,,,,,,,normal+specular,6,512,4,6,6,0,0,,shipMesh|<orphan:geometry>|<orphan:geometry>|<orphan:geometry>|<orphan:geometry>|<orphan:geometry>|<orphan:geometry>|<orphan:null>,Material1|engine_0|laserpoint_centerFront|laserpoint_centerRear|laserpoint_leftFrontOuter|laserpoint_leftRearInner|laserpoint_rightFrontOuter|laserpoint_rightRearInner|laserpoint_standard|light_position
tartarus,(no referenciado),4218,4716,2246,2.1,6344,34,11,6,5,0.564,38,0,True,277,12,9,72,1200,0.57,146,2022,0.334,26.08,True,True,False,0,0.9262,6.54,False,1.29,263.9257049560547,75.45700073242188,203.69940185546875,341.8244915338263,0.286,mirror_x0,0.997,0.741,0.219,2320,0.45,0.251,0.242,261,0.062,,,,,,,,,,glow+normal+specular,10,1024,4,18,18,5,0,,dockingPoint_9|dockingPoint_8|dockingPoint_7|dockingPoint_6|dockingPoint_5|dockingPoint_4|dockingPoint_3|dockingPoint_2|dockingPoint_1|dockingPoint_0|ship_tartarus,leftFrontInner|leftRearOuter|rightFrontInner|rightRearOuter|ship_tartarus
hammerclaw,(no referenciado),2824,3442,1527,2.254,4223,37,4,0,0,0.122,60,0,True,226,0,84,0,1037,0.757,129,1559,0.39,28.4,True,True,False,0,0.8729,612.71,True,1.54,83.28659057617188,62.97754669189453,133.48460388183594,169.47261439720367,0.472,mirror_xc,0.94,0.56,0.149,839,0.703,0.303,0.102,317,0.112,,,,,,,,,,diffuse+glow+normal+specular,12,512,6,8,18,0,0,,ship_clawhammer|laserpoint_centerFront|engine_1|engine_0,
cyborg,(no referenciado),2279,3600,1424,2.528,3603,80,6,0,0,0.068,127,0,True,375,0,2,0,792,0.696,93,1649,0.511,40.66,True,True,False,0,0.8681,1025.94,True,1.37,131.99339294433594,53.53289985656738,103.28759765625,175.94418142584462,0.406,mirror_x0,0.98,0.534,0.185,1055,0.537,0.389,0.211,106,0.047,,,,,,,,,,diffuse+glow+normal+specular,12,512,6,6,6,2,0,,laserpoint_leftFrontInner|laserpoint_rightFrontInner|engine_0|engine_1|cyborg_ship|laserpoint_centerFront,
solarsegel,(no referenciado),2244,4204,1278,3.29,3686,22,1,0,0,0.064,13,0,True,640,0,0,0,868,0.774,144,950,0.312,22.29,True,True,False,0,0.0966,8.22,False,1.06,69.7921257019043,11.238671779632568,297.68751525878906,305.965856419164,0.038,mirror_x0,0.11,0.711,0.26,698,0.689,0.847,0.079,23,0.01,,,,,,,,,,,0,,0,,,0,0,,main,
streuner-blockzone03,(no referenciado),2152,2913,1327,2.195,3400,64,1,0,0,0.063,132,0,True,353,0,3,0,725,0.675,111,1512,0.496,37.78,True,True,False,0,0.8237,1.99,False,4.34,694.7588500976562,1010.4017944335938,416.34521484375,1294.9691053870483,1.454,mirror_yc,0.028,0.761,0.246,531,0.753,0.388,0.059,220,0.102,,,,,,,,,,diffuse+glow+normal+specular,12,512,17,4,6,0,0,,lowpoly_ingame,
streuner-blockzone02,(no referenciado),2146,2935,1356,2.164,3412,72,1,0,0,0.063,164,0,True,395,0,3,0,707,0.66,100,1545,0.512,37.16,True,True,False,0,0.7495,1.74,False,3.54,566.3758850097656,867.1162109375,396.64239501953125,1109.05245859609,1.531,mirror_z0,0.024,0.653,0.366,851,0.603,0.287,0.097,198,0.092,,,,,,,,,,diffuse+glow+normal+specular,12,512,18,4,6,0,0,,ingame,
streuner-blockzone01,(no referenciado),2122,2868,1335,2.148,3373,68,1,0,0,0.064,136,0,True,389,0,3,0,645,0.609,85,1484,0.497,36.63,True,True,False,0,0.8215,1.7,False,3.34,355.0359344482422,598.8515930175781,401.0340118408203,803.4314058227814,1.493,mirror_yc,0.011,0.634,0.484,858,0.596,0.262,0.116,150,0.071,,,,,,,,,,diffuse+glow+normal+specular,12,512,14,4,6,0,0,,lowpoly_ingame,
goliath-x,(no referenciado),1970,2570,1205,2.133,3098,60,1,7,0,0.088,103,0,True,292,0,2,0,554,0.563,87,1332,0.475,37.28,True,True,False,0,0.6177,1.56,False,1.44,106.3838005065918,39.85200023651123,141.68679809570312,181.60628757752235,0.281,mirror_x0,1.0,0.495,0.393,702,0.644,0.493,0.148,97,0.049,,,,,,,,,,diffuse+glow+normal+specular,12,512,17,6,6,0,0,,goliath_x_design_legend_lowpoly,
anihilator,(no referenciado),1927,2605,1459,1.785,3255,131,1,0,1,0.224,310,0,True,731,2,0,0,356,0.369,11,1280,0.508,45.28,True,True,False,0,0.7889,0.82,True,1.32,323.6339874267578,158.38349151611328,132.77666473388672,383.99730585048707,0.489,mirror_z0,0.029,0.343,0.158,740,0.616,0.524,0.156,55,0.029,,,,,,,,,,,0,,6,6,6,0,0,,annihilator,annihilator
streuner-guard-turret-base,(no referenciado),1920,1860,1106,1.682,2764,96,5,0,1,0.021,214,0,False,0,38,0,46,504,0.525,0,1750,0.642,55.9,False,True,False,3,0.2502,23.15,False,1.44,207.38839721679688,179.60360717773438,134.44679641723633,305.52142981837403,0.866,mirror_x0,1.0,0.499,0.096,531,0.723,0.508,0.103,311,0.162,,,,,,,,,,,0,,0,,,0,0,,Flower|<orphan:Flower2>|<orphan:Flower3>|<orphan:Flower4>|<orphan:Flower5>,original
g-champion,(no referenciado),1905,1811,1083,1.672,2913,50,1,7,1,0.468,77,0,True,111,0,0,0,317,0.333,26,1258,0.449,38.69,False,True,False,0,0.8486,2.05,False,1.67,144.69329833984375,40.17368507385254,199.57867431640625,249.7633335755476,0.201,mirror_xc,0.896,0.371,0.336,869,0.544,0.48,0.178,85,0.045,,,,,,,,,,diffuse+glow+normal+specular,12,512,5,3,6,0,0,,goliath_sapphire,laserpoint_centerRear
maraudeur,(no referenciado),1822,2120,1111,1.908,2851,66,1,0,1,0.201,130,0,True,256,20,0,0,537,0.589,42,1205,0.468,39.55,False,True,False,0,0.8901,0.86,False,1.11,49.16546630859375,14.8126220703125,31.953571319580078,60.47881918502433,0.301,mirror_z0,0.93,0.441,0.451,647,0.645,0.597,0.12,170,0.093,,,,,,,,,,,0,,4,8,8,2,0,,marauder,marauder
aegis-veteran,(no referenciado),1738,1876,1075,1.745,2678,74,1,6,6,0.082,150,0,True,150,8,0,0,409,0.471,27,1393,0.553,48.48,False,True,False,0,0.8721,1.05,False,2.0,80.78865432739258,167.02005004882812,139.3951873779297,232.0636163866971,1.198,mirror_x0,0.344,0.433,0.237,611,0.648,0.511,0.122,93,0.054,,,,,,,,,,glow+normal+specular,9,512,5,6,6,0,0,,main,engine_0|laserpoint_leftRearInner|laserpoint_rightFrontOuter|laserpoint_rightRearInner|laserpoint_standard|light_position
slender,(no referenciado),1698,2588,995,2.601,2605,56,1,4,5,0.111,237,0,True,134,6,2,6,197,0.232,18,1214,0.492,48.47,True,True,False,0,0.7133,0.63,True,1.11,104.5388298034668,75.40995025634766,95.13648986816406,160.20605244115563,0.721,mirror_z0,0.264,0.484,0.5,526,0.69,0.321,0.105,168,0.099,,,,,,,,,,diffuse+glow+normal+specular,12,512,0,,,0,0,,saimon_LP,laserpoint_centerFront|laserpoint_leftFrontOuter|laserpoint_rightFrontOuter|light_position|saimon_LP
crazy-bot,(no referenciado),1582,1579,909,1.737,2453,39,1,4,5,0.183,70,0,True,160,0,0,0,326,0.412,22,1120,0.488,39.87,False,True,False,0,0.6372,0.77,False,1.02,203.9219207763672,153.91696166992188,157.73753356933594,300.2594051139124,0.755,mirror_x0,0.554,0.484,0.23,527,0.667,0.617,0.119,34,0.021,,,,,,,,,,diffuse+glow+normal+specular,12,512,0,,,2,0,,crazy_bot,crazy_bot|engine_0|laserpoint_leftFrontOuter|laserpoint_rightFrontOuter|light_position
streuner-specialist,(no referenciado),1554,2373,1006,2.359,2475,67,1,4,5,0.228,174,41,True,312,0,8,0,361,0.467,21,798,0.369,35.63,True,True,False,0,0.8072,1.62,False,1.84,197.43699645996094,114.80709838867188,184.81640625,293.8011937190212,0.581,mirror_x0,0.966,0.277,0.391,640,0.588,0.289,0.174,49,0.032,,,,,,,,,,diffuse+glow+normal+specular,12,512,0,,,0,0,,streuner_technician_low_poly,engine_0|engine_1|laserpoint_leftFrontOuter|laserpoint_rightFrontOuter|streuner_technician_low_poly
streuner-rocketeer,(no referenciado),1548,2329,896,2.599,2395,33,2,4,6,0.238,71,3,True,158,0,4,0,352,0.456,20,833,0.372,35.22,True,True,False,0,0.892,2.22,False,1.79,126.30680084228516,91.19930076599121,126.84309768676758,200.89771484512528,0.719,mirror_x0,0.924,0.658,0.256,621,0.599,0.385,0.123,33,0.021,,,,,,,,,,diffuse+glow+normal+specular,12,512,0,,,0,0,,Streuner_Rocketeer|rocketlauncher,Streuner_Rocketeer|leftFrontOuter|leftInner|leftRearInner|rightFrontOuter|rightInner
streuner-emperor,(no referenciado),1454,2163,1022,2.116,2384,78,3,4,6,0.182,232,24,True,412,0,2,0,349,0.481,35,680,0.345,34.77,True,True,False,4,0.7792,1.49,False,1.91,266.31080627441406,195.322998046875,300.7857971191406,446.7041692811305,0.649,mirror_x0,0.777,0.562,0.319,670,0.539,0.36,0.184,22,0.015,,,,,,,,,,diffuse+glow+normal+specular,11,512,0,,,0,0,,streuner_emperror_low_poly|Wings1|<orphan:Wings2>,Object001|engine_0|engine_1|laserpoint_leftFrontOuter|laserpoint_rightFrontOuter|streuner_emperror_low_poly
streuner-soldier,(no referenciado),1384,2082,812,2.564,2155,31,1,4,5,0.254,64,6,True,158,0,0,0,294,0.425,15,718,0.36,35.36,True,True,False,0,0.8175,1.81,False,1.74,150.11459350585938,105.35710144042969,146.5341033935547,234.7482768088221,0.702,mirror_x0,0.963,0.629,0.412,594,0.571,0.382,0.137,23,0.017,,,,,,,,,,diffuse+glow+normal+specular,12,512,0,,,0,0,,streuner_warriror_low_poly,engine_0|engine_1|laserpoint_leftFrontOuter|laserpoint_rightFrontOuter|streuner_warriror_low_poly
streuner-guard-turret,(no referenciado),1208,2532,410,6.176,1122,16,3,2,4,0.405,22,0,True,24,696,4,464,119,0.198,21,204,0.507,36.33,True,True,False,3,0.4919,3.02,False,2.57,38.778799057006836,60.33310079574585,62.806100845336914,95.33354399857362,0.961,mirror_xc,0.41,0.907,0.378,358,0.704,0.469,0.118,472,0.391,,,,,,,,,,diffuse+glow+normal+specular,12,512,0,,,0,0,,Turret|Object103|<orphan:Turret2>,Object102|Object103|laserpoint_leftFrontOuter001|laserpoint_rightFrontOuter
ga-laser-module,(no referenciado),636,841,472,1.782,1075,40,1,0,1,0.101,93,12,True,242,0,0,0,191,0.601,29,402,0.483,42.17,False,True,False,0,0.5536,1.7,True,1.0,80.31165313720703,170.3363265991211,138.9310760498047,234.0219427345866,1.226,mirror_x0,0.778,0.022,0.432,291,0.542,0.553,0.167,2,0.003,,,,,,,,,,,0,,1,4,4,0,12,,cbs_module_laser_ga,cbs_module_laser_ga
am-laser-module,(no referenciado),575,741,395,1.876,948,29,1,0,0,0.297,70,6,True,172,1,0,0,176,0.612,24,384,0.495,43.37,False,True,False,0,0.6192,1.36,False,1.0,122.94478988647461,134.43233489990234,103.31819915771484,209.43286347672878,1.093,mirror_z0,0.514,0.063,0.327,295,0.487,0.539,0.212,4,0.007,,,,,,,,,,,0,,1,4,4,0,6,,cbs_module_laser_am,
al-laser-module,(no referenciado),398,513,302,1.699,679,28,1,0,1,0.075,58,6,True,164,0,0,0,135,0.678,19,256,0.497,44.88,False,True,False,0,0.3307,1.48,False,1.01,80.56067276000977,110.02555084228516,107.98443984985352,173.94333296617117,1.019,mirror_x0,0.56,0.095,0.309,217,0.455,0.544,0.266,0,0.0,,,,,,,,,,,0,,1,4,4,0,0,,cbs_module_laser_al,cbs_module_laser_al
drone_designs_drone-a-elite,(no referenciado),298,622,158,3.937,449,4,1,0,0,0.403,3,0,True,4,0,0,0,100,0.671,15,224,0.503,41.73,True,True,False,0,0.8737,0.85,False,1.58,67.05546188354492,131.40406799316406,113.93488311767578,186.39909239211997,1.153,mirror_x0,0.519,0.55,0.221,121,0.594,0.554,0.134,8,0.027,,,,,,,,,,glow+normal+specular,9,512,0,,,0,0,,aegis_drone_low_poly,
streuner-seeker-rocket,(no referenciado),146,260,89,2.921,231,5,1,0,1,0.616,4,0,True,24,0,0,0,20,0.274,1,114,0.551,49.95,True,True,False,0,0.1369,1.54,False,1.68,23.342199325561523,28.733400344848633,58.14099884033203,68.92635425498061,0.494,mirror_x0,1.0,0.479,0.288,60,0.589,0.65,0.24,0,0.0,,,,,,,,,,,0,,0,,,0,0,,Box002,Box002
pl-rocket-module,(no referenciado),102,138,64,2.156,160,4,1,0,1,0.353,4,0,True,14,0,0,0,29,0.569,4,77,0.527,44.14,False,True,False,0,0.9069,0.84,False,1.14,134.8791961669922,108.29065341406249,100.06755828857422,199.83187783067987,0.803,mirror_z0,0.719,0.48,0.402,54,0.471,0.63,0.363,0,0.0,,,,,,,,,,diffuse+glow+normal+specular,12,512,0,,,0,0,,cbs_module_rocket_pl,cbs_module_rocket_pl
damage-module,(no referenciado),100,143,89,1.607,179,9,1,0,1,0.36,17,0,True,58,0,0,0,28,0.56,0,51,0.421,35.52,False,True,False,0,0.9429,0.86,False,1.08,124.96517944335938,104.99244689941406,108.08795928955078,195.76188833022857,0.84,mirror_x0,0.685,0.46,0.34,38,0.62,0.737,0.16,0,0.0,,,,,,,,,,,0,,0,,,0,0,,cbs_module_damage,cbs_module_damage
lf-4,(no referenciado),100,113,62,1.823,157,4,1,0,0,0.4,3,0,True,14,0,0,0,40,0.8,2,75,0.524,35.84,False,True,False,0,0.8862,0.97,False,1.42,27.746799677610397,6.323400020599365,9.89840030670166,30.130526195233763,0.228,mirror_z0,1.0,0.5,0.65,53,0.47,0.774,0.27,0,0.0,,,,,,,,,,,0,,1,7,7,0,0,,lf_4,
demaner-freighter,NPC/nave grande,6105,8292,3515,2.359,9533,115,2,5,7,0.072,232,2,True,757,0,2,0,2082,0.682,173,4029,0.459,31.08,True,True,False,0,0.8072,1.65,False,1.04,296.5567932128906,385.52629470825195,749.3459777832031,893.3621045981589,0.514,mirror_x0,0.642,0.401,0.183,2334,0.618,0.187,0.146,679,0.111,0.43,0.498,373.2,0.218,5.85,ship_big,256,256,512,diffuse+glow+normal+specular,12,512,0,,,0,0,42.9,demander_freighter_lowpoly|Object001,Object001|demander_freighter_lowpoly|engine_0|engine_1|laserpoint_centerFront|laserpoint_leftRearInner|laserpoint_rightRearInner
sibelon-emperor,NPC/nave grande,3972,4260,2240,1.902,6107,83,2,7,4,0.146,210,0,True,306,2,2,0,818,0.412,90,3112,0.537,45.64,False,True,False,3,0.8192,1.35,False,1.29,354.4899139404297,250.127685546875,334.80210876464844,548.0140602172403,0.706,mirror_z0,0.149,0.405,0.358,1238,0.688,0.313,0.135,463,0.117,1.3,1.5057,533.8,0.01,83.49,ship_big,256,256,512,diffuse+glow+normal+specular,12,512,19,4,9,0,0,66.0,emperor_sibelon_alien_vertex_animation|emperor_sibelon_copy,Emperor_Sibelon|engine_1_colorMat|laserpoint_leftFrontOuter_colorMat|light_position_colorMat
plague-mothership,NPC/nave grande,3951,8467,2251,3.761,6124,68,1,2,4,0.09,139,0,True,419,0,8,0,626,0.318,43,2472,0.433,35.58,True,True,False,3,0.6584,1.69,False,1.33,201.97579956054688,168.00230407714844,178.4009017944336,317.5624025989538,0.832,mirror_x0,0.506,0.317,0.273,1532,0.612,0.461,0.168,226,0.057,1.0,1.1582,233.9,0.141,6.07,ship_big,256,256,512,diffuse+glow+normal+specular,12,512,12,6,8,7,0,66.3,low_anim,Material1|laserpoint_centerFront|laserpoint_centerRear
sibelon-boss,NPC/nave grande,2733,2862,1274,2.246,3363,60,3,5,5,0.422,109,0,True,267,864,4,576,470,0.344,46,1170,0.524,45.75,False,True,False,3,0.8855,1.38,False,1.13,36108.68359375,19612.443359375,24217.720703125,47696.781458006284,0.543,mirror_z0,0.5,0.458,0.331,710,0.74,0.461,0.104,697,0.255,1.2,1.3899,50187.5,0.001,855168.42,ship_big,256,256,512,diffuse+glow+normal+specular,12,512,6,4,4,1,0,95.9,sibelon-boss|sibelon-boss-creature|<orphan:sibelon-boss-creature_geom>,engine_1_colorMat|laserpoint_leftFrontOuter_colorMat|light_position_colorMat|sibelon-boss
sibelon,NPC/nave grande,2549,2642,1446,1.827,3934,54,3,5,5,0.226,125,0,True,233,0,4,0,517,0.406,55,1957,0.529,44.92,False,True,False,3,0.8449,1.41,False,1.12,39620.666015625,19656.3642578125,24217.71875,50424.87216455399,0.496,mirror_zc,0.38,0.444,0.285,707,0.723,0.41,0.12,419,0.164,1.2,1.3899,55068.8,0.002,920678.71,ship_big,256,256,512,diffuse+glow+normal+specular,12,512,6,4,4,1,0,102.8,sibelon-boss-creature|sibelon|<orphan:sibelon-creature_geom>,engine_1_colorMat|laserpoint_leftFrontOuter_colorMat|light_position_colorMat|sibelon|sibelon-boss
citadel,NPC/nave grande,2022,2714,1323,2.051,3253,86,1,9,9,0.198,182,0,True,440,0,0,0,658,0.651,60,1459,0.519,41.5,False,True,False,0,0.8022,0.83,False,1.21,176.66069793701172,133.90657806396484,201.86009216308594,299.81239242646785,0.663,mirror_x0,0.752,0.61,0.219,854,0.578,0.242,0.122,93,0.046,0.7,0.8108,163.7,0.214,4.52,ship_big,256,256,512,diffuse+glow+normal+specular,12,512,7,8,9,3,0,129.6,main,engine_0|engine_1|laserpoint_centerFront|laserpoint_leftFrontInner|laserpoint_leftRearInner|laserpoint_rightFrontInner|laserpoint_rightRearInner|laserpoint_standard|light_position
lordakium-emperor,NPC/nave grande,1997,1568,1186,1.322,3129,47,1,0,1,0.767,52,0,True,273,0,2,0,208,0.209,21,1305,0.457,34.15,False,True,False,3,0.7191,0.84,False,1.38,460.7457275390625,138.0755157470703,422.43096923828125,640.1557601599108,0.3,mirror_x0,0.027,0.55,0.191,970,0.514,0.539,0.224,180,0.09,0.7,0.8108,373.6,0.075,13.49,ship_big,256,256,512,diffuse+glow+normal+specular,12,512,0,,,0,0,131.3,lordakium-emperor,lordakium-emperor
hitac-mothership,NPC/nave grande,1996,1782,1457,1.223,3402,76,3,0,3,0.055,221,1,True,816,0,0,0,378,0.379,17,966,0.374,31.94,False,True,False,0,0.6438,0.98,False,1.15,354.57298278808594,104.08905410766602,409.2035217285156,551.3656259718125,0.254,mirror_z0,0.892,0.81,0.182,1152,0.423,0.269,0.193,122,0.061,0.8,0.9266,379.2,0.154,8.51,ship_big,256,256,512,diffuse+glow+normal+specular,12,512,2,14,14,0,1,131.3,center_engine|center|hitac,center|center_engine|hitac
curcubitor-boss,NPC/nave grande,1988,2241,1294,1.732,3073,113,1,0,1,0.023,550,15,True,215,17,0,24,435,0.438,2,1503,0.529,55.47,False,True,False,0,0.6554,2.0,False,1.09,168.2116241455078,263.63800048828125,162.2747039794922,352.3254537366842,1.567,mirror_z0,0.12,0.98,0.102,550,0.723,0.342,0.126,81,0.041,1.0,1.1582,305.3,0.025,22.88,ship_big,256,256,512,diffuse+glow+normal+specular,12,512,0,,,0,0,131.9,curcubitor_boss,curcubitor_boss
disguisor,NPC/nave grande,1986,1895,1131,1.676,3071,48,1,2,3,0.146,115,0,True,184,0,0,0,336,0.338,22,1387,0.48,40.82,False,True,False,0,0.7977,0.76,False,1.2,4.802199840545654,4.919399976730347,3.9529999494552612,7.930184615756719,1.024,mirror_x0,0.436,0.395,0.184,547,0.725,0.594,0.104,53,0.027,30.0,34.7467,170.9,0.133,7.26,ship_big,256,256,512,diffuse+glow+normal+specular,12,512,0,,,4,0,132.0,disguisor,disguisor|laserpoint_leftFrontOuter|laserpoint_rightFrontOuter
santa-1100101,NPC/nave grande,1985,1994,1145,1.741,3080,50,1,4,5,0.146,108,0,True,205,0,0,0,379,0.382,22,1437,0.5,41.1,False,True,False,0,0.8214,0.77,False,1.03,209.55044555664062,167.45094299316406,193.72045135498047,330.8758389720589,0.799,mirror_x0,0.431,0.466,0.168,602,0.697,0.615,0.13,79,0.04,0.8,0.9266,194.2,0.115,9.27,ship_big,256,256,512,diffuse+glow+normal+specular,12,512,4,3,3,2,0,132.1,santa_1100101,engine_0|laserpoint_leftFrontOuter|laserpoint_rightFrontOuter|light_position|santa_1100101
century-falcon,NPC/nave grande,1983,2378,1268,1.875,3109,103,1,11,6,0.178,249,0,True,269,0,0,0,485,0.489,46,1526,0.537,49.7,False,True,False,0,0.9085,0.8,False,1.29,2.752000093460083,2.20740008354187,6.505199909210205,7.400253070133036,0.339,mirror_x0,0.811,0.71,0.204,850,0.571,0.372,0.178,53,0.027,40.0,46.3289,301.4,0.069,8.85,ship_big,256,256,512,diffuse+glow+normal+specular,12,512,5,6,8,0,0,132.2,century_falcon,century_falcon|engine_0|laserpoint_centerFront|laserpoint_leftFrontOuter|laserpoint_rightFrontOuter|light_position
kucurbium-boss,NPC/nave grande,1982,1802,1334,1.351,3217,74,2,0,2,0.061,396,0,True,488,0,0,0,203,0.205,2,764,0.28,36.95,False,True,False,3,0.827,2.97,False,1.35,139.4654998779297,88.81681060791016,139.4654998779297,216.30921653725943,0.637,mirror_zc,0.715,0.683,0.315,847,0.573,0.227,0.185,149,0.075,0.9,1.0424,145.4,0.056,16.56,ship_big,256,256,512,diffuse+glow+normal+specular,12,512,2,12,12,4,0,132.3,kucurbium-boss-outer|kucurbium-boss-inner,Material1|kucurbium-boss
devourer,NPC/nave grande,1965,2376,1212,1.96,3021,94,1,0,1,0.054,276,0,True,165,0,6,0,258,0.263,24,1614,0.565,51.88,False,True,False,0,0.8784,0.79,False,1.7,429.0189971923828,341.15208435058594,495.3583221435547,738.7976122901216,0.689,mirror_z0,0.992,0.638,0.083,423,0.785,0.574,0.09,198,0.101,0.7,0.8108,401.6,0.036,31.54,ship_big,256,256,512,diffuse+glow+normal+specular,12,512,0,,,0,0,133.4,devourer,devourer
annihilator,NPC/nave grande,1927,2312,1459,1.585,3255,131,1,7,8,0.224,310,0,True,731,2,0,0,356,0.369,11,1280,0.508,45.28,False,True,False,0,0.7883,0.82,True,1.32,86.0833969116211,102.6852035522461,209.82240295410156,248.95791418198232,0.489,mirror_x0,0.029,0.343,0.158,784,0.593,0.513,0.167,36,0.019,1.02,1.1814,247.9,0.177,5.83,ship_big,256,256,512,diffuse+glow+normal+specular,12,512,6,6,6,0,0,136.0,annihilator,annihilator|engine_0|engine_1|laserpoint_leftFrontOuter|laserpoint_leftRearInner|laserpoint_rightFrontOuter|laserpoint_rightRearInner|light_position
melter,NPC/nave grande,1658,1600,972,1.646,2560,46,1,3,4,0.138,132,0,True,146,0,0,0,293,0.353,36,1058,0.438,38.92,False,True,False,0,0.776,0.89,False,1.37,3.713800072669983,2.698199987411499,7.2129998207092285,8.549851493761885,0.374,mirror_x0,0.981,0.45,0.228,505,0.695,0.38,0.129,140,0.084,30.0,34.7467,250.6,0.141,8.05,ship_big,256,256,512,diffuse+glow+normal+specular,12,512,0,,,0,0,158.1,melter,engine_0|laserpoint_centerFront|light_position|melter
devolarium-boss,NPC/nave grande,1482,1680,870,1.931,2306,43,1,4,2,0.089,87,0,True,174,4,0,0,201,0.271,14,1030,0.484,40.54,False,True,False,0,0.8674,0.81,False,1.67,8.30519962310791,1.7608000040054321,11.343600273132324,14.168769339303433,0.155,mirror_x0,0.977,0.506,0.238,667,0.55,0.433,0.186,42,0.028,23.0,26.6391,302.2,0.045,19.4,ship_big,256,256,512,diffuse+glow+normal+specular,12,512,0,,,0,0,176.9,devolarium_boss,devolarium_boss|laserpoint_centerRear
battleray,NPC/nave grande,1480,1601,842,1.901,2279,33,1,8,9,0.484,55,0,True,130,6,0,4,219,0.296,32,996,0.465,39.47,False,True,False,0,0.7619,0.72,False,1.15,359.0812072753906,130.48260498046875,403.08160400390625,555.3735707676437,0.324,mirror_x0,0.891,0.208,0.268,524,0.646,0.599,0.141,68,0.046,0.75,0.8687,350.2,0.042,14.64,ship_big,256,256,512,diffuse+glow+normal+specular,12,512,10,6,6,0,0,177.1,batteray,batteray|engine_0|laserpoint_leftFrontOuter|laserpoint_leftRearInner|laserpoint_rightFrontOuter|laserpoint_rightRearInner|laserpoint_rightRearOuter|light_position
lordakia,NPC/nave grande,1178,758,591,1.283,1767,1,1,0,1,1.0,0,0,False,0,0,0,0,142,0.241,6,476,0.269,27.12,False,True,False,3,0.6889,0.92,False,1.2,78.87117767333984,36.0500373840332,76.68738555908203,115.76365131964798,0.457,mirror_x0,0.008,0.556,0.341,591,0.498,0.481,0.284,0,0.0,1.0,1.1582,91.3,0.259,3.68,ship_big,256,256,512,diffuse+glow+normal+specular,12,512,0,,,0,0,222.5,lordakia,lordakia
lordakium-boss,NPC/nave grande,948,657,476,1.38,1422,1,1,0,1,1.0,0,0,False,0,0,0,0,104,0.219,9,546,0.384,26.55,True,True,False,3,0.6888,0.83,False,1.45,409.47499084472656,158.4023895263672,349.8960266113281,561.4163469060614,0.387,mirror_y0,0.011,0.673,0.142,456,0.519,0.566,0.302,0,0.0,0.7,0.8108,332.0,0.016,43.1,ship_big,256,256,512,diffuse+glow+normal+specular,12,512,0,,,0,0,276.5,<orphan:lordakium-boss_geom >,lordakium-boss 
plague-minion,NPC/nave grande,867,740,552,1.341,1400,20,1,0,1,0.257,38,0,True,211,0,4,0,70,0.162,6,597,0.502,40.85,True,True,False,3,0.2456,1.48,False,2.82,0.5904510021209717,0.6530486345291138,0.6993856430053711,1.1243865805887387,0.934,mirror_x0,0.009,0.71,0.608,351,0.595,0.476,0.16,13,0.015,0.5,0.5791,0.4,1.0,0.0,ship_big,256,256,512,diffuse+glow+normal+specular,12,512,0,,,0,0,302.4,minion_anim,Material1
kristallon-emperor,NPC/nave grande,525,706,398,1.774,781,48,1,0,1,0.061,154,0,True,2,10,0,1,36,0.137,0,622,0.809,87.45,False,True,False,4,0.895,0.74,True,4.08,24.86857795715332,113.13995361328125,14.557682037353516,116.75196520627449,4.55,mirror_x0,0.214,0.836,0.048,55,0.895,0.636,0.051,370,0.705,2.8,3.243,366.9,0.55,0.75,ship_big,256,256,512,diffuse+glow+normal+spec+specular,14,512,0,,,0,0,499.3,kristallon-emperor,kristallon-emperor
lordakium,NPC/nave grande,500,426,252,1.69,750,1,1,0,1,1.0,0,0,False,0,0,0,0,69,0.276,2,314,0.419,35.32,True,True,False,3,0.7137,0.88,False,1.49,284.5947265625,120.50493621826172,264.6186828613281,406.8644066017764,0.423,mirror_z0,0.008,0.512,0.326,238,0.524,0.651,0.25,0,0.0,0.65,0.7528,214.2,0.03,37.43,ship_big,256,256,512,diffuse+glow+normal+specular,12,512,0,,,0,0,524.3,<orphan:lordakium-solar_full_stack001_geom >,lordakium-solar 
hitac-minion,NPC/nave grande,392,433,278,1.558,636,33,2,0,2,0.918,456,32,True,96,0,0,0,104,0.531,7,162,0.3,27.37,False,True,False,0,0.0597,0.7,False,1.06,82.75076675415039,55.407663345336914,65.110107421875,118.98329565228093,0.67,mirror_x0,0.115,0.832,0.426,212,0.459,0.34,0.321,0,0.0,0.9,1.0424,86.3,0.056,16.91,ship_big,256,256,512,diffuse+glow+normal+specular,12,512,0,,,0,0,668.7,engine007|Object002,Object002|engine007
cluster_mars_small_asteroid04,ambiental,4312,12936,2244,5.765,6468,44,1,0,1,0.023,1,0,False,0,0,0,0,44,0.02,0,2598,0.402,29.2,True,True,False,0,0.6065,36.96,False,1.88,2378.9037475585938,2711.2757568359375,2070.7919311523438,4159.13193970572,1.14,mirror_y0,0.02,0.268,0.125,1662,0.615,0.853,0.26,49,0.011,0.3,0.3475,942.2,0.047,11.1,planet,256,512,1024,diffuse+normal+specular,9,512,0,,,0,0,243.2,asset_mmo_asteroid_b,asset_mmo_asteroid_b
streuner-asteroid-gate,ambiental,3718,3675,1956,1.879,5550,53,1,0,0,0.037,66,0,True,6,0,20,0,642,0.347,89,2875,0.519,29.31,True,True,False,0,0.8461,4.37,False,1.25,38.725189208984375,49.82963752746582,18.594778060913086,65.7905679145946,1.287,mirror_z0,0.01,0.467,0.217,1333,0.641,0.437,0.135,383,0.103,,,,,,,,,,diffuse+normal+specular,9,512,4,6,6,0,0,,lowpoly,
ice-meteoroid-boss,ambiental,2940,3988,1638,2.435,4410,84,1,0,1,0.018,1198,0,False,0,0,0,0,356,0.242,126,1810,0.41,44.29,False,True,False,3,0.861,9.53,False,1.49,138.42682647705078,124.14647674560547,118.37157440185547,220.42269303143152,0.897,mirror_x0,0.015,0.684,0.074,742,0.748,0.385,0.124,347,0.118,1.0,1.1582,160.3,0.157,5.95,ship,128,128,256,diffuse+glow+normal+specular,12,512,0,,,0,0,22.3,meteoroid-boss,meteoroid-boss
ice-meteoroid,ambiental,2460,6419,2196,2.923,3690,483,1,0,1,0.011,7843,0,False,0,0,0,0,33,0.027,5,3218,0.872,87.03,False,True,False,3,0.9644,64.81,False,2.28,6.2859344482421875,7.094858646392822,5.362298965454102,10.890557437284969,1.129,mirror_yc,0.009,0.491,0.245,727,0.704,0.514,0.113,176,0.072,1.0,1.1582,8.2,0.987,0.04,ship,128,128,256,diffuse+glow+normal+specular,12,512,0,,,0,0,26.6,meteoroid,Material1
zone_scrap_pirates2,ambiental,2420,3926,2169,1.81,4593,84,1,0,0,0.061,319,42,True,1926,0,0,0,963,0.796,167,354,0.133,7.94,True,True,False,0,0.7635,6.34,False,1.46,879.4698791503906,737.0238037109375,703.5457763671875,1345.9747453104198,0.838,mirror_x0,0.013,0.506,0.126,625,0.742,0.141,0.018,309,0.128,,,,,,,,,,,0,,0,,,0,0,,claster_scrap_2,
zone_scrap_pirates3,ambiental,2088,2579,1948,1.324,4005,110,1,0,0,0.071,247,64,True,1746,0,0,0,824,0.789,147,313,0.139,8.29,True,True,False,0,0.7635,5.24,False,1.09,1084.8392333984375,980.3992919921875,843.5402221679688,1688.0814673689413,0.904,mirror_zc,0.023,0.84,0.363,601,0.712,0.311,0.022,395,0.189,,,,,,,,,,,0,,0,,,0,0,,claster_scrap_3,
zone_asteroid_low4,ambiental,1816,3303,861,3.836,2331,42,2,0,0,0.055,27,0,False,0,393,0,262,36,0.04,0,1037,0.535,36.02,True,True,False,0,0.8769,14.07,False,3.78,5.817499876022339,9.190899908542633,8.881099700927734,14.042431336281748,1.035,mirror_xc,0.012,0.354,0.363,550,0.697,0.618,0.136,417,0.23,,,,,,,,,,,0,,0,,,0,0,,low_asteroida|<orphan:geometry>,
zone_asteroid_pirates6,ambiental,1754,2226,1265,1.76,2825,142,1,0,1,0.022,330,0,True,412,0,8,0,106,0.121,0,1299,0.538,34.58,True,True,False,0,0.6896,15.88,False,2.04,263.0199890136719,320.8844985961914,284.19139862060547,502.90270143439983,1.129,mirror_x0,0.016,0.573,0.225,733,0.582,0.659,0.176,108,0.062,,,,,,,,,,,0,,0,,,0,0,,Object002,Object002
zone_scrap_pirates1,ambiental,1423,2422,1247,1.942,2681,40,1,0,0,0.104,180,21,True,1093,0,0,0,576,0.81,95,225,0.142,8.04,True,True,False,0,0.7635,3.64,False,1.46,428.43511962890625,369.47418212890625,573.3649597167969,805.4906579360828,0.644,mirror_y0,0.014,0.668,0.271,528,0.629,0.078,0.016,176,0.124,,,,,,,,,,,0,,0,,,0,1,,claster_scrap_1,
i-oil,ambiental,1410,1388,746,1.861,2133,16,1,0,0,0.272,37,0,True,36,0,0,0,327,0.464,25,899,0.429,35.78,True,True,False,0,0.6799,1.25,False,1.46,48.27007293701172,62.566131591796875,49.80600166320801,93.40855723852046,1.256,mirror_zc,0.012,0.767,0.386,580,0.589,0.562,0.181,42,0.03,,,,,,,,,,diffuse+glow+normal+specular,12,512,4,4,12,3,0,,I_oil,
asset-eic-satellite1,ambiental,1225,2721,1108,2.456,2147,161,1,0,1,0.054,422,86,True,619,0,0,0,427,0.697,42,878,0.575,41.89,True,True,False,0,0.7681,2.26,False,1.75,171.50180053710938,160.18060302734375,297.85699462890625,379.1958365054108,0.538,mirror_x0,0.458,0.965,0.122,537,0.562,0.721,0.135,23,0.019,,,,,,,,,,alpha+diffuse+glow+normal+specular,15,512,18,6,8,0,0,,asset_EIC_satellite1,asset_EIC_satellite1
ice-meteoroid-mega-boss,ambiental,1192,2608,658,3.964,1796,28,1,0,1,0.102,125,0,True,16,0,0,0,56,0.094,2,1356,0.762,72.76,False,True,False,3,0.8489,6.0,False,3.17,206.7188262939453,205.80116271972656,216.20278930664062,363.08461524155683,0.952,mirror_z0,0.003,0.467,0.164,436,0.634,0.454,0.163,73,0.061,1.0,1.1582,250.4,0.017,61.86,ship,128,128,256,diffuse+glow+normal+specular,12,512,0,,,0,0,55.0,meteoroid-mega-boss004,meteoroid-mega-boss
cluster_mars_small_asteroid03,ambiental,1100,3300,572,5.769,1650,11,1,0,1,0.091,2,0,False,0,0,0,0,55,0.1,0,693,0.42,28.55,True,True,False,0,0.6373,9.32,False,3.6,892.4100952148438,628.1963195800781,945.1469116210938,1443.7205680193842,0.665,mirror_y0,0.012,0.515,0.496,487,0.557,0.671,0.141,4,0.004,,,,,,,,,,,0,,0,,,0,0,,cluster,cluster
zone_asteroid_pirates3,ambiental,1096,1396,806,1.732,1778,93,1,0,1,0.037,200,0,True,280,0,4,0,63,0.115,4,801,0.535,34.39,True,True,False,0,0.6896,9.9,False,1.92,254.94619750976562,602.9217834472656,298.97279357910156,719.6505901341372,2.017,mirror_xc,0.016,0.374,0.326,456,0.584,0.702,0.173,53,0.048,,,,,,,,,,,0,,0,,,0,0,,cluster,cluster
asset-mmo-miningstation-c,ambiental,1010,1644,1000,1.644,1843,150,1,0,1,0.048,234,116,True,656,0,0,0,374,0.741,18,551,0.464,38.83,False,True,False,0,0.9016,10.2,False,1.6,185.02999877929688,144.69639587402344,396.83729553222656,461.1431302237196,0.365,mirror_y0,0.003,0.592,0.292,561,0.445,0.829,0.315,3,0.003,18.0,20.848,8273.3,0.0,11645.3,building,256,512,1024,alpha+diffuse+glow+normal+specular,15,512,2,6,6,0,9,1038.2,asset_mmo_miningstation_c,asset_mmo_miningstation_c
zone_asteroid_low1,ambiental,958,2486,531,4.682,1437,26,1,0,0,0.104,6,0,False,0,0,0,0,22,0.046,0,789,0.549,37.05,True,True,False,0,0.8769,7.16,False,4.53,5.767899990081787,9.190899908542633,8.881099700927734,14.021955759531306,1.035,mirror_xc,0.023,0.402,0.397,391,0.592,0.726,0.165,0,0.0,,,,,,,,,,,0,,0,,,0,0,,low_asteroida,
zone_asteroid_pirates5,ambiental,954,1230,703,1.75,1550,81,1,0,1,0.04,194,0,True,244,0,2,0,45,0.095,0,714,0.547,35.17,True,True,False,0,0.6896,8.76,False,3.01,238.69449615478516,170.42280197143555,274.9992980957031,402.0492605135735,0.62,mirror_y0,0.014,0.582,0.168,424,0.556,0.738,0.159,53,0.056,,,,,,,,,,,0,,0,,,0,0,,cluster,cluster
zone_asteroid_low3,ambiental,826,2196,461,4.764,1239,24,1,0,0,0.104,3,0,False,0,0,0,0,3,0.007,0,669,0.54,36.44,True,True,False,0,0.8711,6.73,False,2.09,13.376200199127197,14.276199579238892,8.718899965286255,21.418492542615127,1.067,mirror_z0,0.007,0.685,0.223,363,0.561,0.84,0.11,0,0.0,,,,,,,,,,,0,,0,,,0,0,,low_asteroidc,
asset-mmo-miningstation-b,ambiental,814,1295,746,1.736,1429,119,1,0,1,0.059,199,81,True,416,0,0,0,287,0.705,7,544,0.537,45.42,False,True,False,0,0.9026,5.57,False,1.66,193.42340087890625,129.4925994873047,397.9244079589844,461.0040995252101,0.325,mirror_z0,0.011,0.587,0.167,426,0.477,0.779,0.302,2,0.002,7.0,8.1076,3226.2,0.0,3268.22,building,256,512,1024,alpha+diffuse+glow+normal+specular,15,512,3,6,6,0,0,1288.2,asset_mmo_miningstation_b,asset_mmo_miningstation_b
zone_asteroid_low5,ambiental,814,769,453,1.698,1221,23,1,0,0,0.123,4,0,False,0,0,0,0,14,0.034,0,680,0.557,37.87,True,True,False,0,0.8769,6.37,False,2.74,4.438799977302551,6.895599961280823,6.2390998005867,10.304300577244348,1.105,mirror_yc,0.011,0.591,0.26,354,0.565,0.763,0.236,8,0.01,,,,,,,,,,,0,,0,,,0,0,,low_asteroida,
zone_asteroid_pirates4,ambiental,806,1042,622,1.675,1330,77,1,0,1,0.05,182,0,True,248,0,2,0,54,0.134,4,576,0.532,33.94,True,True,False,0,0.6784,7.21,False,1.65,252.74510192871094,338.20660400390625,253.7886962890625,492.618002010596,1.333,mirror_x0,0.005,0.772,0.264,374,0.536,0.733,0.237,25,0.031,,,,,,,,,,,0,,0,,,0,0,,Object001,Object001
zone_asteroid_pirates2,ambiental,790,1008,572,1.762,1276,64,1,0,1,0.048,173,0,True,188,0,2,0,39,0.099,0,591,0.543,35.18,True,True,False,0,0.6896,7.15,False,1.93,243.6602020263672,215.86780548095703,231.460205078125,399.4283790988092,0.886,mirror_yc,0.007,0.772,0.273,281,0.644,0.651,0.11,54,0.068,,,,,,,,,,,0,,0,,,0,0,,cluster,cluster
asset-vru-venus,ambiental,768,416,386,1.078,1152,1,1,0,1,1.0,0,0,False,0,0,0,0,336,0.875,0,0,0.0,7.12,False,True,False,0,0.7755,1.86,False,1.34,2981.127197265625,2981.1270751953125,2981.127197265625,5163.463699012143,1.0,mirror_x0,1.0,0.5,0.76,384,0.5,0.292,0.333,0,0.0,,,,,,,,,,diffuse+normal+specular,12,1024,1,4,4,1,0,,asset_vru_venus,asset_vru_venus
fx_sky_sphere,ambiental,768,600,386,1.554,1152,1,1,0,1,1.0,0,0,False,0,0,0,0,360,0.938,0,0,0.0,6.98,False,True,False,0,0.5625,42.67,False,1.11,0.8491759896278381,0.8491759896278381,0.8491759896278381,1.4708159586029976,1.0,mirror_x0,1.0,0.5,0.75,384,0.5,0.281,0.337,0,0.0,,,,,,,,,,,0,,1,4,4,1,0,,pCube1,pCube1
planet-768-tris,ambiental,768,416,386,1.078,1152,1,1,0,1,1.0,0,0,False,0,0,0,0,336,0.875,0,0,0.0,7.12,True,True,False,0,0.7755,1.86,False,1.34,2981.127197265625,2981.1270751953125,2981.127197265625,5163.463699012143,1.0,mirror_x0,1.0,0.5,0.76,384,0.5,0.292,0.333,0,0.0,,,,,,,,,,,0,,1,4,4,1,0,,asset_vru_venus,asset_vru_venus
skybox_geometry,ambiental,768,600,386,1.554,1152,1,1,0,1,1.0,0,0,False,0,0,0,0,360,0.938,0,0,0.0,6.98,False,True,False,0,0.5625,42.67,False,1.11,0.8491759896278381,0.8491759896278381,0.8491759896278381,1.4708159586029976,1.0,mirror_x0,1.0,0.5,0.75,384,0.5,0.281,0.337,0,0.0,,,,,,,,,,,0,,1,4,4,1,0,,pCube1,pCube1
streuner-asteroid02,ambiental,746,802,400,2.005,1116,14,1,0,0,0.183,10,0,True,3,0,3,0,156,0.42,28,587,0.527,31.94,True,True,False,0,0.835,0.9,False,1.13,549.3587036132812,779.0983581542969,381.82765197753906,1026.9282315376604,1.418,mirror_y0,0.01,0.399,0.509,281,0.623,0.569,0.119,40,0.054,,,,,,,,,,diffuse+normal+specular,9,512,2,4,4,0,0,,lowpoly,
streuner-asteroid01,ambiental,734,741,388,1.91,1098,11,1,0,0,0.186,7,0,True,3,0,3,0,114,0.312,17,560,0.511,29.67,True,True,False,0,0.8466,0.87,False,2.01,338.27699279785156,511.2030029296875,382.9440002441406,722.7765501063743,1.335,mirror_yc,0.01,0.529,0.437,248,0.662,0.452,0.117,26,0.035,,,,,,,,,,diffuse+normal+specular,9,512,1,6,6,0,0,,lowpoly,
streuner-asteroid03,ambiental,696,726,373,1.946,1041,13,1,0,0,0.196,8,0,True,3,0,3,0,148,0.427,31,536,0.516,32.03,True,True,False,0,0.774,0.89,False,1.24,694.7588500976562,943.3339538574219,416.34521484375,1243.3471543428982,1.358,mirror_zc,0.027,0.473,0.264,219,0.685,0.548,0.135,39,0.056,,,,,,,,,,diffuse+normal+specular,9,512,2,4,4,0,0,,lowpoly,
zone_asteroid_low2,ambiental,692,1780,382,4.66,1038,18,1,0,0,0.13,2,0,False,0,0,0,0,16,0.046,0,532,0.513,35.76,True,True,False,0,0.8531,5.23,False,4.82,2.569999933242798,4.754700243473053,3.452099919319153,6.4131948290313145,1.377,mirror_y0,0.003,0.345,0.315,323,0.533,0.805,0.181,0,0.0,,,,,,,,,,,0,,0,,,0,0,,low_asteroidb,
cluster_mars_small_asteroid01,ambiental,686,2058,357,5.765,1029,7,1,0,1,0.143,2,0,False,0,0,0,0,7,0.02,0,413,0.401,29.2,True,True,False,0,0.6065,5.88,False,1.93,471.1694030761719,358.8761901855469,601.672119140625,844.2760598456049,0.596,mirror_yc,0.008,0.417,0.523,276,0.598,0.638,0.192,0,0.0,,,,,,,,,,,0,,0,,,0,0,,asset_mmo_asteroid_b,asset_mmo_asteroid_b
asset-mmo-miningstation-a,ambiental,630,1006,600,1.677,1121,99,1,0,1,0.076,168,72,True,352,0,0,0,220,0.698,6,405,0.527,44.71,False,True,False,0,0.9021,4.65,False,1.65,181.1909942626953,256.7654113769531,399.2171936035156,508.0679290706578,0.643,mirror_x0,0.003,0.644,0.224,340,0.46,0.859,0.322,2,0.003,5.0,5.7911,2311.9,0.0,3004.58,building,256,512,1024,alpha+diffuse+glow+normal+specular,15,512,3,4,6,0,0,1664.4,asset_mmo_miningstation_a,asset_mmo_miningstation_a
zone_asteroid_pirates1,ambiental,624,808,479,1.687,1027,59,1,0,1,0.064,136,0,True,188,0,2,0,35,0.113,2,449,0.535,34.27,True,True,False,0,0.6896,5.74,False,1.89,253.39599609375,207.48440551757812,251.40359497070312,412.8717439272394,0.819,mirror_x0,0.006,0.793,0.446,283,0.546,0.682,0.197,15,0.024,,,,,,,,,,,0,,0,,,0,0,,cluster,cluster
asset-vru-satellite-a,ambiental,623,1385,617,2.245,1118,110,1,0,1,0.087,268,72,True,367,0,0,0,198,0.636,30,424,0.565,53.51,True,True,False,0,0.8803,4.14,False,1.28,286.8551940917969,202.11380004882812,297.94659423828125,460.3347299148861,0.678,mirror_y0,0.084,0.65,0.135,292,0.531,0.757,0.177,13,0.021,15.0,17.3733,5176.3,0.01,4138.27,building_small,128,256,512,alpha+diffuse+glow+normal+specular,15,512,3,4,4,0,0,420.8,asset_vru_satellite_a,asset_vru_satellite_a
asset-mmo-satellite,ambiental,602,965,435,2.218,990,44,1,0,1,0.1,178,12,True,174,0,0,0,149,0.495,7,436,0.534,42.85,False,True,False,0,0.8448,1.91,False,1.12,150.9337158203125,114.41529846191406,154.27130126953125,244.2774682381701,0.742,mirror_y0,0.009,0.204,0.289,265,0.56,0.566,0.184,12,0.02,10.0,11.5822,1786.8,0.002,3093.31,building_small,128,256,512,alpha+diffuse+glow+normal+specular,20,1024,7,4,4,0,0,435.5,asset_mmo_satellite,asset_mmo_satellite
zone_scrap_pirates4,ambiental,551,789,618,1.277,1124,70,1,0,0,0.269,27,46,True,595,0,0,0,204,0.74,54,56,0.106,8.44,True,True,False,0,0.1713,7.1,False,1.09,1071.5508422851562,926.1423034667969,1000.6419067382812,1734.140997552862,0.864,mirror_x0,0.016,0.327,0.278,226,0.59,0.65,0.036,23,0.042,,,,,,,,,,,0,,0,,,0,0,,claster_scrap_4,
icecube,ambiental,528,350,266,1.316,792,1,1,0,1,1.0,0,0,False,0,0,0,0,44,0.167,10,103,0.13,12.66,True,True,False,0,0.7212,0.96,False,1.34,201.41220092773438,140.07550048828125,196.01659393310547,314.0231291111094,0.695,mirror_y0,0.008,0.5,0.788,263,0.502,0.323,0.343,0,0.0,0.65,0.7528,151.6,0.006,79.65,ship,128,128,256,diffuse+glow+normal+specular,12,512,0,,,0,0,124.1,lowpoly,lowpoly
cluster_mars_small_asteroid02,ambiental,500,1500,260,5.769,750,5,1,0,1,0.2,1,0,False,0,0,0,0,25,0.1,0,315,0.42,28.55,True,True,False,0,0.6373,4.24,False,2.27,498.31910705566406,459.61119079589844,734.0243835449219,999.1777493519762,0.626,mirror_y0,0.012,0.548,0.432,176,0.648,0.54,0.168,0,0.0,,,,,,,,,,,0,,0,,,0,0,,cluster,cluster
asset-vru-asteroid-b,ambiental,314,940,161,5.839,471,2,1,0,1,0.771,1,0,False,0,0,0,0,9,0.057,0,253,0.537,45.58,True,True,False,0,0.5569,0.78,False,1.18,143.56680297851562,448.7532043457031,399.2497863769531,617.5688279455586,1.124,mirror_x0,0.0,0.478,0.223,154,0.51,0.669,0.29,0,0.0,,,,,,,,,,diffuse+normal+specular,9,512,0,,,0,0,,asset_vru_asteroid_b,asset_vru_asteroid_b
asset-eic-asteroid-a,ambiental,300,301,166,1.813,450,8,1,0,1,0.28,4,0,False,0,0,0,0,5,0.033,0,337,0.749,57.31,False,True,False,0,0.6884,0.76,False,1.37,400.218505859375,219.62879943847656,134.84039306640625,476.01848028978884,0.549,mirror_x0,0.006,0.393,0.2,135,0.55,0.726,0.227,0,0.0,,,,,,,,,,,0,,0,,,0,0,,asset_eic_asteroid_a,asset_eic_asteroid_a
asset-eic-asteroid-b,ambiental,300,295,166,1.777,450,8,1,0,1,0.273,6,0,False,0,0,0,0,5,0.033,0,327,0.727,56.09,False,True,False,0,0.7356,0.81,False,1.49,397.6676940917969,181.87610626220703,145.93519592285156,460.99413701524406,0.457,mirror_z0,0.018,0.29,0.217,134,0.553,0.784,0.243,2,0.007,,,,,,,,,,,0,,0,,,0,0,,asset_eic_asteroid_b,asset_eic_asteroid_b
asset-eic-asteroid-c,ambiental,300,302,166,1.819,450,8,1,0,1,0.28,3,0,False,0,0,0,0,4,0.027,0,335,0.744,56.56,False,True,False,0,0.7124,0.76,False,1.07,399.91461181640625,232.66669464111328,108.81939697265625,475.2969058356897,0.582,mirror_z0,0.006,0.39,0.253,132,0.56,0.909,0.223,0,0.0,,,,,,,,,,,0,,0,,,0,0,,asset_eic_asteroid_c,asset_eic_asteroid_c
asset-mmo-asteroid-b,ambiental,250,243,137,1.774,375,6,1,0,1,0.352,6,0,False,0,0,0,0,6,0.048,0,233,0.621,53.88,False,True,False,0,0.7793,0.88,True,1.08,401.25279235839844,368.0428009033203,252.5218963623047,600.1888159692645,0.917,mirror_z0,0.007,0.424,0.224,102,0.592,0.882,0.2,0,0.0,,,,,,,,,,ao+bump+diffuse+normal+specular,15,512,0,,,0,0,,asset_mmo_asteroid_b,asset_mmo_asteroid_b
mine-asteroid,ambiental,222,171,125,1.368,333,7,1,0,1,0.838,1,0,False,0,0,0,0,6,0.054,1,173,0.52,39.78,False,True,False,0,0.5961,1.16,True,1.35,91.36882400512695,101.04598236083984,151.3509063720703,203.63116021619632,0.668,mirror_zc,0.024,0.608,0.261,123,0.446,0.447,0.351,0,0.0,2.5,2.8956,438.3,0.005,343.64,building_small,128,256,512,diffuse+glow+normal+specular,12,512,0,,,0,0,1180.8,cbs_mine_asteroid,cbs_mine_asteroid
asset-mmo-phobos,ambiental,192,118,98,1.204,288,1,1,0,1,1.0,0,0,False,0,0,0,0,6,0.062,0,102,0.354,24.87,True,True,False,0,0.6368,0.89,False,1.09,1337.28857421875,1743.8070068359375,996.5382995605469,2412.9426413234846,1.304,mirror_z0,0.01,0.557,0.484,89,0.536,0.528,0.323,0,0.0,1.0,1.1582,2019.7,0.0,15932.06,planet,256,512,1024,diffuse+normal+specular,12,1024,0,,,0,0,5461.3,asset_mmo_phobos,asset_mmo_phobos
zone_asteroid_desert,ambiental,144,193,110,1.755,236,14,1,0,0,0.236,26,0,True,40,0,0,0,4,0.056,0,107,0.546,36.07,True,True,False,0,0.6685,1.59,False,1.17,307.275390625,364.815185546875,362.6938781738281,599.212094799595,1.006,mirror_x0,0.018,0.479,0.326,64,0.556,0.703,0.236,2,0.014,,,,,,,,,,,0,,0,,,0,0,,pirate_asteroidc,
iceBergAssetMedium,ambiental,112,105,58,1.81,168,1,1,0,0,1.0,0,0,False,0,0,0,0,5,0.089,0,66,0.393,33.28,True,True,False,0,0.3222,0.7,False,1.43,178.40640258789062,139.89059448242188,89.17120361328125,243.6179928963359,0.784,mirror_y0,0.034,0.643,0.161,39,0.652,0.821,0.223,0,0.0,,,,,,,,,,,0,,0,,,0,0,,Ice_berg_2_lowpoly,
iceBergAssetLarge,ambiental,106,70,55,1.273,159,1,1,0,0,1.0,0,0,False,0,0,0,0,1,0.019,0,59,0.371,29.27,True,True,False,0,0.2698,0.71,False,1.58,146.4906005859375,131.55340576171875,87.5770034790039,215.48903954934124,0.898,mirror_x0,0.0,0.575,0.274,49,0.538,0.551,0.292,0,0.0,,,,,,,,,,,0,,0,,,0,0,,ice_berg_1_lowpoly,
iceBergAssetSmall,ambiental,106,70,55,1.273,159,1,1,0,0,1.0,0,0,False,0,0,0,0,1,0.019,0,59,0.371,29.27,True,True,False,0,0.2698,0.71,False,1.58,146.4906005859375,131.55340576171875,87.5770034790039,215.48903954934124,0.898,mirror_x0,0.0,0.575,0.274,49,0.538,0.551,0.292,0,0.0,,,,,,,,,,,0,,0,,,0,0,,ice_berg_1_lowpoly,
asset-vru-pyramid-b,ambiental,104,212,108,1.963,194,19,1,0,1,0.231,28,12,True,76,0,0,0,39,0.75,4,68,0.576,47.57,False,True,False,0,0.9107,1.29,False,1.57,172.38760375976562,403.3337016105652,172.76260375976562,471.42600484356836,2.335,mirror_z0,0.204,0.5,0.375,56,0.462,0.821,0.183,0,0.0,,,,,,,,,,,0,,0,,,0,0,,asset_vru_asteroid_b,asset_vru_asteroid_b
ore-palladium,ambiental,102,123,59,2.085,153,4,1,0,1,0.353,6,0,False,0,0,0,0,9,0.176,0,97,0.634,61.7,False,True,False,0,0.2124,0.83,False,1.24,26.603425979614258,29.63279151916504,22.396638870239258,45.688664236931096,1.114,mirror_yc,0.017,0.637,0.402,45,0.559,0.911,0.245,0,0.0,,,,,,,,,,,0,,0,,,0,0,,ore_palladium,ore_palladium
asset-mmo-asteroid,ambiental,100,60,52,1.154,150,1,1,0,1,1.0,0,0,False,0,0,0,0,5,0.1,0,63,0.42,28.55,True,True,False,0,0.6373,0.85,False,1.26,100.30860137939453,106.88639831542969,100.57540130615234,177.7693140095572,1.063,mirror_x0,0.0,0.57,0.7,46,0.54,0.565,0.33,0,0.0,,,,,,,,,,,0,,0,,,0,0,,asset_mmo_asteroid_a,asset_mmo_asteroid_a
vru-scrap,ambiental,100,175,80,2.188,166,11,1,0,1,0.28,16,6,True,32,0,0,0,27,0.54,1,74,0.552,53.06,False,True,False,0,0.7649,0.92,False,1.28,90.16439819335938,139.8582000732422,147.24960327148438,222.19896600323605,0.95,mirror_x0,0.013,0.31,0.37,55,0.45,0.8,0.3,0,0.0,,,,,,,,,,diffuse+glow+normal+specular,12,512,2,3,3,0,0,,vru_scrap,vru_scrap
eic-scrap,ambiental,98,151,97,1.557,179,15,1,0,1,0.265,22,10,True,64,0,0,0,22,0.449,7,49,0.426,40.18,False,True,False,0,0.8105,1.06,False,1.55,54.80544662475586,106.14620971679688,145.25257873535156,188.06638840114596,0.731,mirror_x0,0.031,0.214,0.296,64,0.347,0.906,0.265,0,0.0,,,,,,,,,,diffuse+glow+normal+specular,12,512,0,,,0,2,,eic_scrap,eic_scrap
mmo-scrap,ambiental,98,164,85,1.929,167,13,1,0,1,0.367,30,8,True,40,0,0,0,26,0.531,4,66,0.52,47.25,False,True,False,0,0.7626,1.09,False,1.31,103.00391387939453,132.25064086914062,150.931640625,225.56683804701055,0.876,mirror_z0,0.024,0.806,0.153,51,0.48,0.824,0.276,0,0.0,,,,,,,,,,diffuse+glow+normal+specular,12,512,0,,,0,0,,mmo_scrap,mmo_scrap
asset-vru-pyramid-a,ambiental,68,138,98,1.408,147,21,1,0,1,0.176,36,17,True,90,0,0,0,27,0.794,2,24,0.421,31.98,False,True,False,0,0.5586,1.2,False,1.35,237.62530517578125,397.0787048339844,238.8397979736328,520.7511234636017,1.663,mirror_z0,0.082,0.382,0.279,31,0.544,0.871,0.147,0,0.0,,,,,,,,,,,0,,0,,,0,0,,asset_vru_pyramid_a,asset_vru_pyramid_a
ore-endurium,ambiental,50,41,27,1.519,75,1,1,0,1,1.0,0,0,False,0,0,0,0,0,0.0,0,38,0.507,33.24,False,True,False,0,0.1613,0.79,False,1.05,24.476701736450195,23.087966918945312,27.307832717895508,43.33452286680934,0.845,mirror_x0,0.0,0.56,0.56,25,0.5,0.64,0.34,0,0.0,,,,,,,,,,,0,,0,,,0,0,,ore_endurium,ore_endurium
ore-prometium,ambiental,50,39,27,1.444,75,1,1,0,1,1.0,0,0,False,0,0,0,0,2,0.08,0,39,0.52,38.43,False,True,False,0,0.1639,0.8,False,1.13,25.264129638671875,23.185625076293945,25.57988929748535,42.780605337579026,0.906,mirror_x0,0.0,0.5,0.3,26,0.48,0.731,0.36,0,0.0,,,,,,,,,,,0,,0,,,0,0,,ore_prometium,ore_prometium
ore-terbium,ambiental,50,40,27,1.481,75,1,1,0,1,1.0,0,0,False,0,0,0,0,2,0.08,0,29,0.387,28.3,False,True,False,0,0.1914,0.83,False,1.19,24.820816040039062,23.902002334594727,29.813904762268066,45.56585938693599,0.802,mirror_x0,0.0,0.36,0.54,26,0.48,0.846,0.34,0,0.0,,,,,,,,,,,0,,0,,,0,0,,ore_terbium,ore_terbium
hammerclaw-drone,drone,1364,1592,728,2.187,2068,16,1,0,1,0.284,28,0,True,44,0,0,0,566,0.83,105,832,0.411,33.94,True,True,False,0,0.6486,1.54,False,1.0,27.096081733703613,24.253639698028564,41.853824615478516,55.44528220565361,0.579,mirror_x0,1.0,0.848,0.075,558,0.591,0.222,0.155,65,0.048,,,,,,,,,,,0,,0,,,0,0,,Cylinder001,Cylinder001
spartan_drone,drone,794,896,449,1.996,1229,10,2,0,2,0.281,13,0,True,90,2,4,0,284,0.719,5,480,0.422,30.23,True,True,False,0,0.7352,1.07,False,1.1,32.991600036621094,12.941999912261963,37.89619827270508,51.88509302516032,0.342,mirror_x0,1.0,0.408,0.332,312,0.607,0.346,0.202,4,0.005,,,,,,,,,,diffuse+glow+normal+specular,12,512,3,4,4,1,0,,drone|ball,ball|drone
drone-spectrum,drone,630,609,378,1.611,983,17,1,0,1,0.127,44,0,True,76,0,0,0,296,0.94,42,447,0.493,40.42,True,True,False,0,0.6578,1.05,False,1.3,29.646787643432617,30.545913696289062,34.3060245513916,54.670725087898845,0.89,mirror_z0,0.63,0.083,0.248,214,0.66,0.458,0.132,20,0.032,,,,,,,,,,,0,,2,12,12,0,0,,drone_ingame,drone_ingame
drone-g-champion,drone,600,1153,340,3.391,916,15,1,0,1,0.182,18,0,True,56,0,8,0,228,0.77,34,432,0.502,41.95,True,True,False,0,0.7286,1.28,False,1.01,94.82537078857422,83.5314769744873,130.32735443115234,181.53395799065552,0.641,mirror_x0,1.0,0.217,0.43,239,0.602,0.556,0.178,14,0.023,,,,,,,,,,normal,3,512,2,6,6,0,0,,Cylinder001,Cylinder001
drone-enigma,drone,570,515,309,1.667,867,9,1,0,1,0.351,6,0,True,24,0,0,0,113,0.396,13,365,0.433,36.06,True,True,True,2,0.7452,1.37,False,1.17,83.23021697998047,28.058048248291016,63.98403358459473,108.66682862673687,0.337,mirror_xc,0.66,0.532,0.477,251,0.56,0.677,0.251,0,0.0,,,,,,,,,,normal+specular,6,512,2,4,4,0,0,,droneMesh,Material1
drone-senitel,drone,568,807,308,2.62,865,8,3,0,3,0.415,5,0,True,26,0,0,0,144,0.507,27,430,0.513,40.59,True,True,False,0,0.8688,5.41,True,1.0,42.87300109863281,19.149100303649902,58.86100196838379,75.2954169811463,0.325,mirror_x0,0.955,0.319,0.176,300,0.472,0.573,0.266,8,0.014,,,,,,,,,,,0,,2,6,6,0,0,,engine0|ship|laserpoint_center,engine0|laserpoint_center|ship
drone-phantom,drone,472,286,286,1.0,741,16,1,0,0,0.314,21,0,True,66,0,0,0,132,0.559,31,316,0.468,40.43,True,True,False,0,0.5724,3.1,False,1.35,27.78090000152588,29.431099891662598,34.58139991760254,53.233835724931225,0.851,mirror_z0,0.49,0.246,0.294,219,0.536,0.484,0.229,1,0.002,,,,,,,,,,normal+specular,6,512,3,4,4,0,0,,drone_lowpoly,
drone-diminisher,drone,386,491,240,2.046,608,14,3,0,3,0.155,18,0,True,58,0,0,0,156,0.808,25,277,0.504,37.54,True,True,False,0,0.8858,5.4,True,1.02,49.932498931884766,38.02149963378906,51.071800231933594,80.91487911945137,0.744,mirror_x0,0.775,0.775,0.15,192,0.503,0.5,0.215,2,0.005,,,,,,,,,,,0,,4,6,12,0,0,,diminisher_drone|engine01|laserpoint_center,diminisher_drone|engine01|laserpoint_center
cyborg-drone,drone,368,686,202,3.396,555,8,1,0,1,0.322,7,0,True,12,0,2,0,121,0.661,18,268,0.494,39.82,True,True,False,0,0.7608,0.81,False,1.22,21.270000457763672,7.128200054168701,17.18869972229004,28.26084842372166,0.335,mirror_x0,1.0,0.429,0.332,200,0.457,0.655,0.209,3,0.008,,,,,,,,,,,0,,0,,,0,0,,cyborg_drone_low_poly,cyborg_drone_low_poly
drone-bat,drone,340,404,222,1.82,542,17,1,0,1,0.112,25,0,True,64,0,0,0,94,0.553,7,253,0.529,45.35,False,True,False,0,0.8362,1.56,False,1.34,33.475399017333984,16.420799255371094,23.23240089416504,43.93164507347888,0.491,mirror_x0,1.0,0.606,0.182,143,0.579,0.636,0.218,0,0.0,,,,,,,,,,diffuse+glow+normal+specular,12,512,1,8,8,0,0,,drone_bat_low,drone_bat_low
drone-skull,drone,328,226,172,1.314,496,3,1,0,1,0.939,2,0,True,8,0,0,0,24,0.146,3,226,0.463,35.32,False,True,False,0,0.9254,1.71,False,1.12,22.211000442504883,28.062000274658203,17.51799964904785,39.84576152837225,1.263,mirror_x0,1.0,0.409,0.159,128,0.61,0.398,0.232,0,0.0,,,,,,,,,,diffuse+glow+normal,9,512,0,,,0,0,,drone_skull_low,drone_skull_low
drone-demon,drone,319,341,210,1.624,509,14,1,0,1,0.382,23,2,True,63,1,0,1,44,0.276,3,252,0.566,50.8,False,True,False,0,0.7051,1.0,False,1.24,25.304000854492188,12.096100389957428,23.878100395202637,36.83438315448551,0.478,mirror_x0,0.962,0.301,0.282,173,0.458,0.688,0.292,4,0.013,,,,,,,,,,diffuse+glow+normal+specular,12,512,0,,,0,2,,drone_attachement,drone_attachement
drone-reaper,drone,286,222,165,1.345,449,6,1,0,1,0.406,7,0,True,40,0,0,0,45,0.315,9,164,0.401,36.17,True,True,False,0,0.764,1.92,False,1.27,22.360200881958008,25.473800659179688,25.312599182128906,42.3039097585584,1.006,mirror_x0,0.988,0.476,0.224,120,0.58,0.692,0.231,1,0.003,,,,,,,,,,diffuse+glow+normal+specular,8,256,0,,,0,0,,Object005,Object005
drone-beacon,drone,268,206,134,1.537,396,1,1,0,1,1.0,0,0,False,0,0,4,0,51,0.386,4,191,0.482,38.83,True,True,False,0,0.7091,0.97,False,1.31,23.856199264526367,15.313199520111084,12.753900051116943,31.08495278113511,0.642,mirror_x0,1.0,0.243,0.343,127,0.526,0.685,0.284,4,0.015,,,,,,,,,,diffuse+glow+normal+specular,12,512,0,,,0,0,,drone_lowpoly_ingame,drone_lowpoly_ingame
drone-iris-6,drone,266,391,190,2.058,431,17,1,0,0,0.203,35,0,True,68,2,0,0,48,0.361,10,210,0.582,56.12,False,True,False,0,0.6052,0.89,True,1.41,28.225900650024414,27.27810001373291,39.45099925994873,55.65229151142601,0.691,mirror_xc,0.621,0.545,0.421,119,0.553,0.664,0.188,10,0.038,1.0,1.1582,45.7,0.278,2.58,drone,64,64,128,diffuse+glow+normal+specular,12,512,0,,,1,0,61.6,main,
drone-flax-6,drone,250,302,166,1.819,400,18,1,0,0,0.168,41,0,True,50,0,0,0,39,0.312,0,192,0.549,57.68,False,True,False,0,0.6721,0.92,False,1.53,26.929100036621094,24.450599670410156,27.24269962310791,45.444173837576706,0.898,mirror_xc,0.602,0.288,0.144,121,0.516,0.653,0.212,0,0.0,1.0,1.1582,31.6,0.304,3.61,drone,64,64,128,diffuse+glow+normal+specular,12,512,0,,,0,0,65.5,main,
drone-goliath-x,drone,250,361,156,2.314,397,8,1,0,0,0.216,18,0,True,44,0,0,0,55,0.44,7,189,0.535,42.2,True,True,False,0,0.8129,0.89,False,1.23,40.80246543884277,13.353485107421875,22.94942283630371,48.680928081966094,0.327,mirror_x0,1.0,0.584,0.104,119,0.524,0.479,0.22,6,0.024,,,,,,,,,,diffuse+glow+normal+specular,12,512,0,,,0,0,,goliath_x_dronedesign_legend_lowpoly,
drone-pusat,drone,224,378,132,2.864,347,7,1,0,1,0.321,7,0,True,22,0,0,0,81,0.723,10,171,0.526,45.1,True,True,False,0,0.833,0.85,False,1.21,23.476204872131348,48.5306453704834,43.276418685913086,69.13178827104325,1.121,mirror_x0,0.47,0.603,0.388,75,0.665,0.64,0.147,3,0.013,,,,,,,,,,,0,,0,,,0,0,,pusat_drone_lowpoly_INGAME,pusat_drone_lowpoly_INGAME
drone-champion,drone,218,246,117,2.103,327,4,1,0,1,0.56,3,0,False,0,0,0,0,83,0.761,8,146,0.446,28.16,False,True,False,0,0.7825,1.06,False,1.88,27.25819969177246,28.93970012664795,32.36739921569824,51.26562421199253,0.894,mirror_xc,1.0,0.394,0.404,69,0.683,0.652,0.161,6,0.028,,,,,,,,,,diffuse+glow+normal+specular,12,512,0,,,0,0,,ldrone_soccer_ow_poly,ldrone_soccer_ow_poly
drone-iris-5,drone,214,299,154,1.942,349,13,1,0,0,0.252,27,0,True,60,2,0,0,36,0.336,4,170,0.592,55.14,False,True,False,0,0.54,0.77,True,1.32,13.36240005493164,27.27810001373291,39.45099925994873,49.789856579385,0.691,mirror_xc,0.532,0.678,0.411,90,0.579,0.711,0.192,10,0.047,1.0,1.1582,45.7,0.29,2.6,drone,64,64,128,diffuse+glow+normal+specular,12,512,0,,,1,0,76.6,main,
drone-iris-4,drone,188,257,139,1.849,311,12,1,0,0,0.287,23,0,True,60,1,0,0,30,0.319,4,148,0.592,53.53,False,True,False,0,0.54,0.62,True,1.33,13.36240005493164,20.55399990081787,39.45099925994873,46.44784160495871,0.521,mirror_xc,0.568,0.819,0.452,82,0.564,0.695,0.223,9,0.048,1.0,1.1582,45.7,0.271,2.69,drone,64,64,128,diffuse+glow+normal+specular,12,512,0,,,1,0,87.1,main,
drone-iris-3,drone,162,215,124,1.734,273,11,1,0,0,0.333,20,0,True,60,0,0,0,23,0.284,2,126,0.592,51.4,False,True,False,0,0.4603,0.55,False,1.35,13.36240005493164,12.309199810028076,19.038000106811523,26.315690818562754,0.647,mirror_xc,0.597,0.648,0.284,72,0.556,0.667,0.247,9,0.056,1.0,1.1582,22.0,0.253,2.69,drone,64,64,128,diffuse+glow+normal+specular,12,512,0,,,1,0,101.1,main,
drone-flax-5,drone,130,170,106,1.604,220,15,1,0,0,0.323,18,0,True,50,0,0,0,18,0.277,0,108,0.635,59.01,False,True,False,0,0.3638,1.0,False,1.49,21.587299346923828,11.50510025024414,25.38889980316162,35.25585140195661,0.453,mirror_xc,0.443,0.546,0.146,73,0.438,0.507,0.231,0,0.0,1.0,1.1582,29.4,0.362,3.65,drone,64,64,128,diffuse+glow+normal+specular,12,512,0,,,0,0,126.0,main,
drone-flax-4,drone,118,150,92,1.63,194,13,1,0,0,0.356,14,0,True,34,0,0,0,14,0.237,0,106,0.662,59.97,False,True,False,0,0.3021,1.04,False,1.55,21.587299346923828,11.363000392913818,24.937599182128906,34.88571518532441,0.456,mirror_xc,0.293,0.593,0.169,66,0.441,0.545,0.229,0,0.0,1.0,1.1582,28.9,0.398,2.66,drone,64,64,128,diffuse+glow+normal+specular,12,512,0,,,0,0,138.8,main,
drone-flax-3,drone,100,126,78,1.615,164,11,1,0,0,0.42,12,0,True,28,0,0,0,13,0.26,0,90,0.662,58.26,False,True,False,0,0.2797,1.02,False,1.51,13.24459981918335,10.089900016784668,24.937599182128906,29.98515232056591,0.405,mirror_xc,0.436,0.6,0.14,58,0.42,0.517,0.23,0,0.0,1.0,1.1582,28.9,0.42,2.22,drone,64,64,128,diffuse+glow+normal+specular,12,512,0,,,0,0,163.8,main,
drone-frozen-in,drone,96,199,52,3.827,144,2,2,0,0,0.625,1,0,False,0,0,0,0,2,0.042,0,81,0.562,50.76,True,True,False,0,0.807,0.63,False,2.23,26.804899215698242,22.745600700378418,39.05269956588745,52.545012290114286,0.582,mirror_x0,0.019,0.479,0.417,40,0.583,0.625,0.198,13,0.135,,,,,,,,,,,0,,0,,,0,0,,frost_drone_lowpoly|<orphan:geometry>,
drone-frozen-out,drone,96,199,52,3.827,144,2,2,0,0,0.625,1,0,False,0,0,0,0,2,0.042,0,81,0.562,50.76,True,True,False,0,0.807,0.63,False,2.23,26.804899215698242,22.745600700378418,39.05269956588745,52.545012290114286,0.582,mirror_x0,0.019,0.479,0.417,40,0.583,0.625,0.198,13,0.135,,,,,,,,,,,0,,0,,,0,0,,frost_drone_lowpoly_ice|<orphan:geometry>,
drone-frozen,drone,96,199,52,3.827,144,2,2,0,0,0.625,1,0,False,0,0,0,0,2,0.042,0,81,0.562,50.76,True,True,False,0,0.807,0.63,False,2.23,26.804899215698242,22.745600700378418,39.05269956588745,52.545012290114286,0.582,mirror_x0,0.019,0.479,0.417,40,0.583,0.625,0.198,13,0.135,,,,,,,,,,diffuse+glow+normal+specular,12,512,0,,,0,0,,frost_drone_lowpoly_ice|frost_drone_lowpoly,
drone-iris-2,drone,90,104,56,1.857,140,4,1,0,0,0.444,3,0,True,10,0,0,0,19,0.422,2,79,0.608,42.48,False,True,False,0,0.3713,0.53,False,1.4,11.484600067138672,12.212599754333496,19.038000106811523,25.36708654001527,0.641,mirror_xc,0.607,0.7,0.467,43,0.522,0.651,0.322,1,0.011,1.0,1.1582,22.0,0.222,3.15,drone,64,64,128,diffuse+glow+normal+specular,12,512,0,,,0,0,182.0,main,
drone-flax-2,drone,74,72,55,1.309,121,7,1,0,0,0.568,6,0,True,20,0,0,0,6,0.162,0,64,0.634,50.59,False,True,False,0,0.2376,0.91,False,1.47,13.24459981918335,7.409199833869934,21.290499687194824,26.145765306813505,0.348,mirror_xc,0.345,0.716,0.459,41,0.446,0.683,0.203,0,0.0,1.0,1.1582,24.7,0.486,1.02,drone,64,64,128,diffuse+glow+normal+specular,12,512,0,,,0,0,221.4,main,
drone-iris-1,drone,46,46,28,1.643,71,2,1,0,1,0.783,0,0,True,4,0,0,0,8,0.348,1,42,0.627,36.88,False,True,False,0,0.1922,0.77,False,1.22,11.39810037612915,11.954399585723877,15.755399703979492,22.826672588698244,0.759,mirror_xc,0.429,0.565,0.457,26,0.435,0.808,0.413,0,0.0,1.0,1.1582,18.2,0.109,4.8,drone,64,64,128,diffuse+glow+normal+specular,12,512,0,,,0,0,356.2,iris_regular_upgrade_1,iris_regular_upgrade_1
drone-flax-1,drone,42,36,23,1.565,63,1,1,0,1,1.0,0,0,False,0,0,0,0,1,0.048,0,36,0.571,36.64,False,True,False,0,0.2153,0.87,False,1.3,10.452399730682373,6.426799833774567,21.290499687194824,24.573192571658584,0.302,mirror_xc,0.652,0.595,0.524,20,0.524,0.9,0.333,0,0.0,1.0,1.1582,24.7,0.143,5.88,drone,64,64,128,diffuse+glow+normal+specular,12,512,0,,,0,0,390.1,flax_regular_upgrade_01,flax_regular_upgrade_01
moduleCircle,estructura,8464,11104,3391,3.275,9703,36,4,0,0,0.095,68,0,True,50,1728,20,2096,1955,0.463,309,3140,0.396,23.28,True,True,False,0,0.2991,3.43,False,1.36,75.02268600463867,35.991610527038574,72.9395866394043,110.65253156981004,0.48,mirror_zc,0.133,0.198,0.278,1597,0.811,0.143,0.05,4389,0.519,,,,,,,,,,,0,,0,,,0,0,,modul02|vru|eic|mmo,
module05,estructura,7993,10397,3630,2.864,10597,33,4,0,0,0.101,100,0,True,269,807,20,1024,2477,0.621,322,3705,0.389,22.69,True,True,False,0,0.6204,2.35,False,1.37,77.40737915039062,73.0172348022461,140.15344619750977,175.97274620274848,0.521,mirror_xc,0.304,0.555,0.187,1840,0.77,0.191,0.07,3546,0.444,,,,,,,,,,,0,,2,6,6,0,0,,modul05|vru|eic|mmo,
module01,estructura,7558,9360,3575,2.618,10295,35,4,0,0,0.107,97,0,True,217,648,20,786,2333,0.619,228,3904,0.414,24.96,True,True,False,0,0.6645,1.41,False,1.39,101.08401870727539,84.78377151489258,70.6083869934082,149.63893565550782,0.839,mirror_x0,0.151,0.758,0.253,1186,0.843,0.214,0.035,3395,0.449,,,,,,,,,,,0,,4,6,6,0,0,,modul01|vru|mmo|eic,
module03,estructura,6442,8492,3018,2.814,8651,34,4,0,0,0.125,104,0,True,277,591,18,762,1898,0.591,244,3404,0.437,24.85,True,True,False,0,0.2803,2.8,False,1.46,37.415443420410156,88.39890670776367,67.43077850341797,117.30810714972274,1.311,mirror_zc,0.231,0.691,0.226,1618,0.749,0.187,0.083,2133,0.331,,,,,,,,,,,0,,0,,,0,0,,modul03|vru|eic|mmo,
streuner-homebase,estructura,5704,7136,3284,2.173,8783,130,1,0,0,0.031,283,0,True,508,0,18,0,1403,0.493,181,4216,0.509,32.71,True,True,False,0,0.8153,4.26,False,4.04,39.006500244140625,53.534902572631836,18.364500522613525,68.73680043617391,1.372,mirror_xc,0.012,0.558,0.097,1176,0.794,0.441,0.068,1239,0.217,,,,,,,,,,diffuse+normal+specular,12,1024,11,6,6,0,0,,lowpoly_ingame,
pirate-base-technical-elements,estructura,4410,6080,4004,1.518,8059,461,1,0,1,0.011,1287,92,True,2888,0,0,0,1265,0.574,78,2504,0.484,42.7,False,True,False,0,0.742,10.94,True,2.14,2342.654541015625,985.7734680175781,3166.676513671875,4060.495015515915,0.311,mirror_y0,0.022,0.525,0.344,1866,0.577,0.874,0.211,475,0.108,1.0,1.1582,3667.6,0.01,169.8,building_big,1024,1024,1024,diffuse+glow+normal+specular,16,1024,15,8,8,7,0,237.8,pirate_base_technical_element,pirate_base_technical_element
module04,estructura,4299,5088,2337,2.177,6586,39,1,0,0,0.094,67,0,True,323,0,16,0,1608,0.751,143,2767,0.442,27.53,True,True,False,0,0.5028,2.02,False,1.76,93.59663391113281,82.90389633178711,128.00626373291016,178.93850748607935,0.648,mirror_z0,0.194,0.362,0.278,459,0.893,0.342,0.018,1809,0.421,,,,,,,,,,,0,,3,6,6,0,0,,main,
module-construction,estructura,2512,3888,1128,3.447,2512,116,4,0,5,0.051,314,0,True,248,908,0,980,380,0.303,24,696,0.513,42.41,True,True,False,3,0.0802,12.47,False,1.07,196.13249969482422,119.3475980758667,210.57219696044922,311.53243287941797,0.567,mirror_xc,0.048,0.484,0.355,588,0.766,0.605,0.105,1042,0.415,0.6,0.6949,146.3,0.071,8.97,building_small,128,256,512,alpha+diffuse+glow+normal+specular,13,512,24,7,7,5,0,104.4,cbs_building_process006|<orphan:geometry22>|<orphan:geometry33>|<orphan:geometry_44>,Material1|cbs_building_process006
low-station-base,estructura,2372,3747,1910,1.962,4090,177,1,0,1,0.167,356,0,True,1064,0,0,0,725,0.611,12,1377,0.455,39.71,False,True,False,0,0.8188,4.17,False,1.87,905.481201171875,593.4652099609375,911.548583984375,1415.280177941301,0.651,mirror_x0,0.059,0.189,0.269,1014,0.573,0.741,0.186,28,0.012,1.0,1.1582,1055.8,0.006,68.0,building,256,512,1024,alpha+diffuse+glow+normal+specular,15,512,2,12,12,0,0,442.1,low_station,low_station
cubikon,estructura,2309,3111,1233,2.523,3453,38,1,0,1,0.183,223,3,True,244,219,0,2,901,0.78,97,921,0.308,28.57,False,True,False,4,0.7935,0.94,False,2.91,212.05093383789062,206.75640869140625,206.75618743896484,361.19514409912216,0.975,mirror_z0,0.545,0.514,0.201,131,0.943,0.397,0.032,2025,0.877,0.65,0.7528,159.6,0.026,23.88,building,256,512,1024,diffuse+glow+normal+specular,12,512,4,18,18,1,1,454.1,cubikon-full-stack001,Material1
building-tradeport,estructura,2299,2339,1498,1.561,3710,93,1,0,1,0.125,244,32,True,523,0,0,0,896,0.779,36,878,0.275,26.88,False,True,False,0,0.8985,1.77,False,1.15,1005.7517700195312,678.5684204101562,703.973388671875,1402.7010572582874,0.675,mirror_z0,0.087,0.522,0.154,876,0.619,0.345,0.173,240,0.104,0.7,0.8108,815.5,0.005,111.64,building,256,512,1024,alpha+glow+normal+specular,12,512,8,16,18,4,0,456.1,building_tradeport_EIC,building_tradeport_EIC
pirate-base-main-asteroid,estructura,2286,1773,1166,1.521,3438,8,1,0,1,0.899,0,0,True,18,0,0,0,68,0.059,2,1576,0.461,33.28,True,True,False,0,0.7494,1.73,True,1.43,2138.5198974609375,911.902099609375,3204.5050048828125,3959.000520008468,0.285,mirror_yc,0.014,0.598,0.267,1416,0.381,0.364,0.388,1,0.0,1.0,1.1582,3711.5,0.0,1509.91,building_big,1024,1024,1024,diffuse+normal+specular,12,1024,0,,,0,0,458.7,pirate_base_main_asteroid,pirate_base_main_asteroid
building-mission-central,estructura,2125,4547,1624,2.8,3582,163,1,0,1,0.048,725,49,True,791,2,0,0,639,0.601,28,1317,0.472,41.0,True,True,False,0,0.8898,2.06,False,1.8,209.14990234375,324.95379638671875,224.6593017578125,447.00162561544346,1.446,mirror_z0,0.025,0.797,0.246,543,0.744,0.405,0.086,230,0.108,2.3,2.6639,865.6,0.078,61.46,building,256,512,1024,alpha+glow+normal+specular,12,512,12,4,16,2,6,493.4,building_mission_central_EIC,building_mission_central_EIC
building-hq-vru,estructura,2079,2253,1440,1.565,3393,129,1,0,1,0.052,281,61,True,555,0,2,0,683,0.658,52,1541,0.543,46.58,False,True,False,0,0.8606,1.14,False,1.9,303.6180114746094,908.9840087890625,406.28961181640625,1040.9164586055676,2.237,mirror_z0,0.363,0.36,0.046,502,0.759,0.498,0.047,222,0.107,1.6,1.8532,1684.5,0.014,70.75,building_big,1024,1024,1024,diffuse+glow+normal+specular,16,1024,9,6,6,1,0,504.4,building_vru_hq,building_vru_hq
building-hq-eic,estructura,1999,4327,1484,2.916,3230,185,1,0,0,0.123,470,26,True,463,0,0,0,528,0.528,44,1653,0.597,57.01,False,True,False,0,0.84,1.57,False,2.01,437.73638916015625,927.486572265625,305.38140869140625,1070.0945252183835,2.119,mirror_x0,0.181,0.425,0.175,478,0.761,0.456,0.063,407,0.204,1.1,1.274,1181.6,0.049,50.68,building_big,1024,1024,1024,alpha+clean+diffuse+glow+normal+specular,24,1024,0,,,1,0,524.6,building-hq-eic,
building-hq-mmo,estructura,1980,3054,1512,2.02,3320,171,1,0,1,0.349,313,75,True,700,0,0,0,669,0.676,32,1353,0.516,44.29,False,True,False,0,0.8767,1.54,False,1.63,1057.2437133789062,776.3751831054688,634.716796875,1457.1849939717774,0.734,mirror_z0,0.014,0.544,0.374,761,0.616,0.229,0.137,111,0.056,1.0,1.1582,1224.5,0.005,284.38,building_big,1024,1024,1024,alpha+diffuse+glow+normal+specular,20,1024,30,3,4,0,0,529.6,building_mmo_hq,building_mmo_hq
building-questgiver-beacon,estructura,1849,2159,1139,1.896,2910,55,1,0,1,0.066,114,4,True,345,0,24,0,328,0.359,20,1043,0.407,31.1,False,True,False,0,0.7381,2.42,False,1.52,140.6699981689453,446.50179290771484,140.6698989868164,488.8148114936945,3.174,mirror_z0,0.106,0.293,0.368,668,0.639,0.398,0.18,52,0.028,1.4,1.6215,724.0,0.022,61.17,building,256,512,1024,normal+specular,6,512,0,,,0,0,567.1,Object141,Object141
cbs,estructura,1803,3004,980,3.065,2648,33,7,0,2,0.303,61,0,True,151,132,0,92,339,0.376,20,776,0.328,29.43,True,True,False,0,0.8249,1.68,False,1.36,148.5359649658203,156.51722717285156,160.3359832763672,268.82745920646744,0.976,mirror_yc,0.408,0.513,0.609,578,0.679,0.31,0.105,212,0.118,1.6,1.8532,297.1,0.021,42.84,building,256,512,1024,diffuse+glow+normal+specular,12,512,9,12,12,1,0,581.6,core|hull_left|hull_right|deflector_level_1|deflector_level_2|deflector_level_3|<orphan:geometry>,cbs_deflector_level_02|cbs_deflector_level_03
building-repair-module,estructura,1669,2117,1022,2.071,2589,76,1,0,1,0.041,118,0,True,171,0,0,0,525,0.629,21,1324,0.548,46.97,False,True,False,0,0.8542,0.86,False,1.1,176.67919921875,169.1146240234375,209.80026245117188,322.22887148694167,0.806,mirror_x0,0.131,0.621,0.329,659,0.605,0.505,0.15,9,0.005,1.4,1.6215,340.2,0.005,39.39,building,256,512,1024,glow+normal+specular,9,512,6,6,6,0,0,628.3,building_repair_module_EIC,building_repair_module_EIC
cbs-construction,estructura,1525,2477,1160,2.135,2593,117,1,0,1,0.021,207,0,True,611,0,0,0,573,0.751,29,1055,0.532,48.04,True,True,False,3,0.7353,0.97,True,1.44,102.01656341552734,136.82706451416016,110.62721252441406,203.38978574549492,1.237,mirror_y0,0.009,0.723,0.407,699,0.542,0.771,0.17,16,0.01,2.5,2.8956,396.2,0.047,14.63,building_small,128,256,512,alpha+diffuse+glow+normal+specular,13,512,10,7,7,0,0,171.9,<orphan:cbs-building-process_geom>,cbs-building-process
building-hangar,estructura,1492,1836,1022,1.796,2428,86,2,0,2,0.064,126,37,True,380,0,0,0,639,0.857,38,1040,0.508,38.6,False,True,False,0,0.8577,1.16,False,1.17,431.3957977294922,496.1969909667969,373.6990051269531,756.2835014569887,1.15,mirror_x0,0.178,0.783,0.122,413,0.723,0.349,0.099,64,0.043,1.5,1.7373,862.0,0.011,205.25,building,256,512,1024,glow+normal+specular,9,512,17,6,8,0,0,702.8,upper|lower,lower|upper
boosterstation,estructura,505,1033,510,2.025,950,67,1,0,1,0.162,312,7,True,385,0,0,0,164,0.65,12,270,0.478,36.54,False,True,False,0,0.7196,3.9,False,1.27,249.0301971435547,448.3883056640625,270.67120361328125,579.9405247187929,1.657,mirror_z0,0.035,0.964,0.172,262,0.481,0.546,0.21,12,0.024,0.5,0.5791,259.7,0.024,22.41,building_small,128,256,512,normal+specular,6,512,6,7,7,0,0,519.1,boostersatation_damaged,boostersatation_damaged
building-hq-turret-large,estructura,414,648,324,2.0,699,34,1,0,1,0.135,79,0,True,156,0,0,0,81,0.391,7,296,0.545,51.12,False,True,False,0,0.792,0.8,False,1.31,51.06264114379883,132.85594177246094,65.21694946289062,156.560994765852,2.037,mirror_z0,0.213,0.72,0.213,158,0.618,0.475,0.174,5,0.012,1.2,1.3899,184.7,0.029,30.29,building_small,128,256,512,normal+specular,8,1024,2,6,6,0,0,633.2,building_HQ_turret_l_EIC,building_HQ_turret_l_EIC
building-hq-turret-small,estructura,338,534,258,2.07,569,27,1,0,1,0.166,42,0,True,124,0,0,0,85,0.503,2,245,0.551,49.5,False,True,False,0,0.4222,1.03,False,1.48,50.166038513183594,90.9792709350586,51.05218505859375,115.7591670635113,1.782,mirror_x0,0.256,0.695,0.447,173,0.488,0.555,0.234,0,0.0,1.0,1.1582,105.4,0.03,17.9,building_small,128,256,512,normal+specular,8,1024,3,6,6,0,0,775.6,building_hq_turret_s_EIC,building_hq_turret_s_EIC
cbs-module-rocket-pm,estructura,170,232,114,2.035,275,8,1,0,1,0.259,10,0,True,40,0,0,0,60,0.706,7,119,0.506,39.06,False,True,False,0,0.7906,0.84,False,1.77,133.29583740234375,96.98477172851562,102.58351135253906,194.15767565934874,0.728,mirror_z0,0.772,0.576,0.382,85,0.5,0.541,0.218,0,0.0,,,,,,,,,,diffuse+glow+normal+specular,12,512,1,8,8,1,0,,cbs_module_rocket_pm,cbs_module_rocket_pm
cbs-module-platform-lvl3,estructura,146,184,90,2.044,231,4,1,0,0,0.26,3,0,True,24,0,0,0,53,0.726,5,102,0.493,29.01,False,True,False,0,0.7032,1.92,True,1.16,149.3157958984375,59.0797004699707,141.46490478515625,214.00452611633855,0.396,mirror_x0,0.867,0.301,0.911,50,0.658,0.7,0.075,0,0.0,,,,,,,,,,,0,,1,6,6,0,0,,main,
cbs-module-platform-lvl2,estructura,108,140,66,2.121,170,3,1,0,0,0.352,2,0,True,16,0,0,0,40,0.741,4,78,0.506,29.51,False,True,False,0,0.6862,1.79,True,1.43,149.3157958984375,54.758700370788574,140.82019805908203,212.4242226123959,0.367,mirror_x0,1.0,0.185,0.898,35,0.676,0.8,0.093,0,0.0,,,,,,,,,,,0,,1,6,6,0,0,,main,
cbs-module-repair,estructura,96,132,94,1.404,178,12,1,0,0,0.292,24,0,True,68,0,0,0,23,0.479,0,49,0.445,35.36,False,True,False,0,0.9301,0.88,False,1.39,103.57053756713867,126.5514101870358,89.96958923339844,186.6457678574575,1.222,mirror_zc,0.117,0.51,0.438,63,0.344,0.667,0.292,0,0.0,,,,,,,,,,diffuse+glow+normal+specular,12,512,0,,,0,0,,cbs_module_repair,
cbs-module-platform-lvl1,estructura,70,96,42,2.286,109,2,1,0,0,0.543,1,0,True,8,0,0,0,27,0.771,3,54,0.535,30.53,False,True,False,0,0.6862,1.6,True,1.69,149.3157958984375,59.0797004699707,141.46490478515625,214.00452611633855,0.396,mirror_x0,0.714,0.286,0.871,18,0.743,0.944,0.143,0,0.0,,,,,,,,,,,0,,1,6,6,0,0,,main,
low-station-cross,estructura,44,72,24,3.0,66,1,1,0,1,1.0,0,0,False,0,0,0,0,21,0.955,2,36,0.545,49.09,False,True,False,0,0.0091,2.53,False,1.0,91.75370001792908,107.17410278320312,103.47859954833984,174.96528323884823,1.036,mirror_yc,1.0,0.5,0.273,21,0.523,0.857,0.364,0,0.0,1.0,1.1582,124.1,0.0,491.12,building,256,512,1024,alpha+diffuse+glow+normal+specular,15,512,1,4,4,0,0,23831.3,cross,cross
pirate-base-billboards,estructura,40,112,80,1.4,100,20,1,0,1,0.05,3,6,True,80,0,0,0,16,0.8,0,0,0.0,1.97,False,True,False,0,0.8595,2.17,False,1.86,1786.3453979492188,684.2424926757812,2130.2708129882812,2863.087739875827,0.321,mirror_y0,0.013,0.5,0.6,40,0.0,1.0,0.8,0,0.0,1.0,1.1582,2467.3,0.0,8076.01,building_big,1024,1024,1024,alpha+diffuse+glow,12,1024,0,,,0,0,26214.4,pirate_base_billboard,pirate_base_billboard
xmas-tree,estructura pequena,1495,1378,972,1.418,2382,65,1,0,1,0.144,307,0,True,279,0,0,0,239,0.32,5,989,0.47,37.29,False,True,False,0,0.7915,1.08,False,1.48,198.73004150390625,195.01455688476562,99.46830749511719,295.66577581629053,0.981,mirror_z0,0.01,0.73,0.144,635,0.575,0.397,0.163,91,0.061,1.6,1.8532,368.3,0.033,20.17,building_small,128,256,512,diffuse+glow+normal+specular,12,512,8,3,4,0,0,175.3,xmas_tree,xmas_tree
low-relay,estructura pequena,470,632,287,2.202,725,20,1,0,1,0.106,38,3,True,40,0,0,0,161,0.685,10,368,0.537,41.02,False,True,False,0,0.6738,1.67,False,1.63,104.30624771118164,260.1745834350586,122.56875610351562,305.93088623078864,2.123,mirror_x0,0.15,0.572,0.3,215,0.543,0.623,0.219,7,0.015,0.6,0.6949,180.8,0.028,18.33,building_small,128,256,512,alpha+diffuse+glow+normal+specular,15,512,3,4,9,0,0,557.8,low_relay,low_relay
destroyed-module,estructura pequena,242,307,282,1.089,500,27,1,0,1,0.103,52,4,True,274,0,0,0,50,0.413,5,54,0.239,20.35,False,True,False,0,0.7868,0.83,False,1.02,226.96833038330078,230.43090057373047,171.34576416015625,366.0223952599506,1.015,mirror_y0,0.035,0.587,0.409,219,0.095,0.932,0.409,0,0.0,1.0,1.1582,266.9,0.004,31.2,building_small,128,256,512,diffuse+glow+normal+specular,12,512,0,,,0,0,1083.2,cbs_module_destroyed,cbs_module_destroyed
vengeance-pusat,nave,5286,5577,2968,1.879,8131,98,12,0,0,0.042,213,0,True,404,0,0,0,1886,0.714,60,1933,0.25,27.05,False,True,False,0,0.9777,11.21,False,42.75,123.5602035522461,70.79229736328125,175.46620178222656,225.98022310752057,0.403,mirror_x0,0.924,0.307,0.25,1232,0.767,0.51,0.07,1488,0.281,0.75,0.8687,152.4,0.665,0.09,ship,128,128,256,diffuse+glow+normal+specular,12,512,18,16,16,11,0,12.4,laserpoint_rightRearInner|laserpoint_rightRearOuter|laserpoint_rightFrontOuter|laserpoint_rightFrontInner|laserpoint_leftFrontInner|laserpoint_leftFrontOuter|laserpoint_leftRearInner|laserpoint_leftRearOuter|laserpoint_centerRear|engine_1|engine_0|turkish_ship_design_lowpoly001,
fortify,nave,3624,9148,1702,5.375,3922,151,3,0,1,0.026,354,12,False,0,1514,0,1252,1041,0.575,40,828,0.344,28.0,True,True,False,4,0.935,23.3,False,2.59,99.31689834594727,132.03319931030273,172.9520034790039,239.1840452968691,0.763,mirror_xc,0.256,0.698,0.307,808,0.777,0.715,0.063,1545,0.426,1.0,1.1582,200.3,0.198,4.61,ship,128,128,256,diffuse+normal+specular,9,512,1,4,4,0,0,18.1,Mesh1|<orphan:geometry>|<orphan:fortify_1>,Material1
stickybomb,nave,2240,3272,1106,2.958,3216,33,2,0,1,0.086,40,0,False,0,144,0,96,723,0.646,80,1552,0.505,41.65,True,True,False,3,0.8089,9.0,False,1.28,163.34140014648438,132.03319931030273,163.34149932861328,266.07071264016906,0.808,mirror_x0,0.671,0.664,0.243,584,0.739,0.548,0.133,340,0.152,0.33,0.3822,62.4,0.288,1.78,ship,128,128,256,diffuse+glow+normal+specular,12,512,1,4,4,0,0,29.3,Mesh1|<orphan:geometry>,Material1
nostromo-ambassador,nave,2039,2371,1214,1.953,3158,70,1,9,0,0.177,132,0,True,199,0,0,0,399,0.391,31,1454,0.491,42.69,False,True,False,0,0.9209,1.23,False,2.19,83.07083892822266,36.02899360656738,127.46443176269531,156.35227540757953,0.283,mirror_xc,0.83,0.343,0.446,664,0.674,0.495,0.154,91,0.045,0.85,0.9845,125.5,0.312,2.38,ship,128,128,256,diffuse+glow+normal+specular,12,512,2,6,6,0,0,32.1,main,
vengeance-avenger,nave,2032,2632,1248,2.109,3172,84,1,8,8,0.194,154,0,True,248,0,0,0,470,0.463,32,1574,0.538,42.73,False,True,False,0,0.8579,1.13,False,1.47,94.80941009521484,56.081356048583984,153.24803161621094,188.72970601655126,0.366,mirror_x0,0.929,0.484,0.329,802,0.605,0.423,0.183,71,0.035,0.7,0.8108,124.3,0.26,2.24,ship,128,128,256,diffuse+glow+normal+specular,12,512,10,4,6,0,0,32.3,main,engine_0|laserpoint_centerRear|laserpoint_leftFrontInner|laserpoint_leftRearOuter|laserpoint_rightRearOuter|laserpoint_righttFrontInner|laserpoint_standard|light_position
nostromo-razer,nave,2023,2341,1200,1.951,3130,68,1,9,0,0.178,127,0,True,191,0,0,0,397,0.392,31,1442,0.491,42.49,False,True,False,0,0.9247,1.21,False,2.23,66.19052505493164,34.816368103027344,127.40974044799805,147.738305987172,0.273,mirror_x0,0.826,0.347,0.444,668,0.67,0.481,0.156,89,0.044,0.85,0.9845,125.4,0.315,2.34,ship,128,128,256,diffuse+glow+normal+specular,12,512,2,6,6,0,0,32.4,main,
convict,nave,2019,2571,1326,1.939,3137,125,2,8,8,0.124,290,0,True,238,19,0,2,481,0.476,23,1727,0.6,56.76,False,True,False,0,0.9807,1.8,False,1.56,3.6173999309539795,3.130199909210205,8.697799682617188,9.926502558858335,0.36,mirror_x0,0.385,0.486,0.37,790,0.609,0.528,0.143,62,0.031,15.0,17.3733,151.1,0.302,1.94,ship,128,128,256,diffuse+glow+normal+specular,12,512,0,,,0,0,32.5,convict|<orphan:geometry>,convict|engine_0|laserpoint_centerFront|laserpoint_leftFrontInner|laserpoint_leftFrontOuter|laserpoint_rightFrontInner|laserpoint_rightFrontOuter|light_position
goliath-reversed-angled-wings,nave,2011,2068,1143,1.809,3079,52,1,10,10,0.436,93,0,True,125,0,0,0,319,0.317,25,1311,0.444,38.01,False,True,False,0,0.7598,1.06,False,1.64,136.77359771728516,41.540740966796875,200.08326721191406,245.898279804464,0.208,mirror_xc,0.752,0.335,0.243,877,0.564,0.483,0.178,99,0.049,0.7,0.8108,162.2,0.288,2.25,ship,128,128,256,glow+normal+specular,9,512,5,3,6,0,0,32.6,main,engine_0|engine_1|laserpoint_centerFront|laserpoint_centerRear|laserpoint_leftFrontOuter|laserpoint_leftRearInner|laserpoint_rightFrontOuter|laserpoint_rightRearInner|laserpoint_standard|light_position
hooligan,nave,2011,2558,1320,1.938,3125,124,1,8,7,0.124,289,0,True,238,19,0,2,484,0.481,23,1715,0.598,56.7,False,True,False,0,0.9482,1.34,False,1.56,4.967599868774414,4.298399925231934,11.944199562072754,13.631478039893562,0.36,mirror_x0,0.383,0.488,0.371,791,0.607,0.528,0.144,54,0.027,10.0,11.5822,138.3,0.337,1.63,ship,128,128,256,diffuse+glow+normal+specular,12,512,0,,,0,0,32.6,hooligan,engine_0|hooligan|laserpoint_leftFrontInner|laserpoint_leftFrontOuter|laserpoint_rightFrontInner|laserpoint_rightFrontOuter|light_position
ravager,nave,2011,2558,1320,1.938,3125,124,1,8,7,0.124,289,0,True,238,19,0,2,483,0.48,23,1715,0.598,56.7,False,True,False,0,0.9482,1.34,False,1.56,3.8510000705718994,3.332200050354004,9.259400367736816,10.567414721168499,0.36,mirror_x0,0.383,0.488,0.371,791,0.607,0.528,0.144,53,0.026,14.0,16.2151,150.1,0.301,1.92,ship,128,128,256,diffuse+glow+normal+specular,12,512,0,,,0,0,32.6,ravager,engine_0|laserpoint_leftFrontInner|laserpoint_leftFrontOuter|laserpoint_rightFrontInner|laserpoint_rightFrontOuter|light_position|ravager
corsair,nave,2008,2380,1264,1.883,3130,99,2,8,8,0.143,201,0,True,248,7,0,5,545,0.543,38,1519,0.528,48.72,False,True,False,0,0.9659,1.31,False,1.04,4.025000095367432,2.2351999282836914,7.599400043487549,8.885247633468964,0.294,mirror_x0,0.739,0.429,0.125,832,0.586,0.605,0.156,83,0.041,18.0,20.848,158.4,0.34,1.94,ship,128,128,256,diffuse+glow+normal+specular,12,512,7,4,6,0,0,32.6,corsair|<orphan:geometry>,corsair|engine_0|laserpoint_centerFront|laserpoint_leftFrontInner|laserpoint_leftFrontOuter|laserpoint_rightFrontInner|laserpoint_rightFrontOuter|light_position
goliath-bastion,nave,1999,2105,1160,1.815,3076,60,1,10,10,0.46,86,0,True,155,0,0,0,363,0.363,27,1321,0.452,39.03,False,True,False,0,0.7679,0.93,False,1.66,140.9584197998047,42.64688301086426,200.02086639404297,248.3875595435969,0.213,mirror_x0,0.793,0.447,0.356,897,0.551,0.501,0.188,58,0.029,0.7,0.8108,162.2,0.27,2.56,ship,128,128,256,diffuse+glow+normal+specular,12,512,11,4,6,0,0,32.8,main,engine_0|engine_1|laserpoint_centerFront|laserpoint_centerRear|laserpoint_leftFrontOuter|laserpoint_leftRearInner|laserpoint_rightFrontOuter|laserpoint_rightRearInner|laserpoint_standard|light_position
scorcher,nave,1990,1719,1099,1.564,3044,36,1,4,4,0.22,137,0,True,120,2,0,0,352,0.354,28,1394,0.477,45.12,False,True,False,0,0.7884,0.74,False,1.13,6.712800025939941,4.528200149536133,7.936600208282471,11.338249584862194,0.571,mirror_x0,0.773,0.383,0.09,673,0.662,0.516,0.139,112,0.056,14.0,16.2151,128.7,0.267,2.48,ship,128,128,256,diffuse+glow+normal+specular,12,512,0,,,0,0,32.9,scorcher,engine_0|laserpoint_centerFront|light_position|scorcher
nostromo,nave,1982,2308,1170,1.973,3061,66,1,9,0,0.182,125,0,True,176,0,0,0,395,0.399,31,1420,0.492,42.72,False,True,False,0,0.9312,1.2,False,2.26,66.2727279663086,34.8365364074707,127.09370040893555,147.50751650204688,0.274,mirror_x0,0.826,0.34,0.451,635,0.68,0.491,0.151,84,0.042,0.85,0.9845,125.1,0.313,2.36,ship,128,128,256,diffuse+glow+normal+specular,12,512,2,6,6,0,0,33.1,main,
goliath-double-winged,nave,1981,2057,1123,1.832,3033,48,1,10,10,0.463,73,0,True,123,0,0,0,322,0.325,30,1232,0.423,38.2,False,True,False,0,0.7741,0.92,False,1.65,140.9584197998047,39.90779113769531,200.0208740234375,247.93196234259054,0.2,mirror_x0,0.781,0.364,0.372,906,0.543,0.499,0.18,112,0.057,0.7,0.8108,162.2,0.298,2.32,ship,128,128,256,glow+normal+specular,9,512,4,6,6,0,0,33.1,main,engine_0|engine_1|laserpoint_centerFront|laserpoint_centerRear|laserpoint_leftFrontOuter|laserpoint_leftRearInner|laserpoint_rightFrontOuter|laserpoint_rightRearInner|laserpoint_standard|light_position
bigboy,nave,1917,2344,1219,1.923,3025,86,1,8,8,0.143,167,0,True,299,0,0,0,632,0.659,57,1389,0.51,42.89,False,True,False,0,0.7906,0.94,False,1.48,117.36102676391602,39.29271697998047,142.1374282836914,188.4690338751992,0.276,mirror_x0,0.927,0.317,0.285,866,0.548,0.445,0.202,78,0.041,0.8,0.9266,131.7,0.185,3.18,ship,128,128,256,diffuse+glow+normal+specular,12,512,7,4,6,0,0,34.2,main,engine_0|laserpoint_centerFront|laserpoint_leftFrontOuter|laserpoint_leftRearOuter|laserpoint_rightFrontOuter|laserpoint_rightRearOuter|laserpoint_standard|light_position
bollerwagen,nave,1898,1667,1087,1.534,2951,31,1,3,4,0.145,48,0,True,208,0,0,0,684,0.721,33,1029,0.375,30.24,False,True,False,0,0.7069,1.6,False,1.14,82.14702606201172,79.92780303955078,138.16184997558594,179.5140227899714,0.579,mirror_x0,0.007,0.53,0.362,765,0.597,0.258,0.187,140,0.074,0.6,0.6949,96.0,0.417,1.62,ship,128,128,256,diffuse+normal+specular,9,512,9,6,12,0,0,34.5,bollerwagen,bollerwagen|engine_0|laserpoint_standard|light_position
goliath-angled-wings,nave,1889,2002,1071,1.869,2889,48,1,10,10,0.472,73,0,True,111,0,0,0,317,0.336,26,1234,0.444,38.41,False,True,False,0,0.7781,0.95,False,1.66,144.69329833984375,40.1737003326416,199.57867431640625,249.76333602987864,0.201,mirror_xc,0.894,0.366,0.33,866,0.542,0.478,0.179,85,0.045,0.7,0.8108,161.8,0.29,2.32,ship,128,128,256,diffuse+glow+normal+specular,12,512,5,3,6,0,0,34.7,main,engine_0|engine_1|laserpoint_centerFront|laserpoint_centerRear|laserpoint_leftFrontOuter|laserpoint_leftRearInner|laserpoint_rightFrontOuter|laserpoint_rightRearInner|laserpoint_standard|light_position
goliath-solace,nave,1854,2370,1081,2.192,2865,49,1,9,9,0.106,87,0,True,168,0,0,0,527,0.569,30,1379,0.511,40.6,False,True,False,0,0.8387,1.36,False,1.65,108.39737701416016,42.626365661621094,142.76080322265625,184.24886792012097,0.299,mirror_x0,0.558,0.531,0.285,771,0.584,0.61,0.159,62,0.033,0.85,0.9845,140.5,0.295,2.04,ship,128,128,256,diffuse+glow+normal+specular,12,512,10,6,6,0,0,35.3,main,engine_0|engine_1|laserpoint_centerFront|laserpoint_leftFrontOuter|laserpoint_leftRearInner|laserpoint_rightFrontOuter|laserpoint_rightRearInner|laserpoint_standard|light_position
vengeance-lightning,nave,1851,2161,1104,1.957,2868,63,1,8,0,0.176,131,0,True,183,0,0,0,454,0.491,38,1331,0.496,39.87,False,True,False,0,0.8526,0.98,False,1.37,139.30364990234375,44.101213455200195,126.18151092529297,193.0600880651558,0.317,mirror_xc,0.734,0.487,0.269,784,0.576,0.45,0.185,73,0.039,0.7,0.8108,112.9,0.259,2.57,ship,128,128,256,diffuse+glow+normal+specular,12,512,3,6,8,0,0,35.4,main,
goliath-diminisher,nave,1831,2231,1193,1.87,2928,77,7,10,17,0.135,122,0,True,363,0,0,0,452,0.494,37,1345,0.524,41.52,True,True,False,0,0.8123,0.96,False,1.83,117.63800048828125,107.268798828125,180.83049774169922,240.92522340846816,0.593,mirror_x0,0.915,0.958,0.267,694,0.621,0.488,0.119,54,0.029,0.7,0.8108,146.6,0.345,2.1,ship,128,128,256,diffuse+glow+normal+specular,12,512,2,6,6,0,0,35.8,goliath_diminisher|laser_centerFront|laser_rightFrontOuter|laser_leftFrontOuter|laser_centerRear|laser_rightRearInner|laser_leftRearInner,engine_0|engine_1|goliath_diminisher|laser_centerFront|laser_centerRear|laser_leftFrontOuter|laser_leftRearInner|laser_rightFrontOuter|laser_rightRearInner|laserpoint_centerFront|laserpoint_centerRear|laserpoint_leftFrontOuter|laserpoint_leftRearInner|laserpoint_rightFrontOuter|laserpoint_rightRearInner|laserpoint_standard|light_position
goliath-spectrum,nave,1831,2698,1215,2.221,2933,95,1,10,0,0.035,133,0,True,373,0,0,0,679,0.742,67,1380,0.539,44.57,False,True,False,0,0.7726,1.04,False,1.68,121.34651947021484,50.23634338378906,134.69281387329102,188.12448562910203,0.373,mirror_x0,0.915,0.515,0.219,688,0.624,0.519,0.137,46,0.025,0.85,0.9845,132.6,0.215,2.8,ship,128,128,256,diffuse+glow+normal+specular,12,512,6,6,6,0,0,35.8,main,
goliath,nave,1831,1882,1034,1.82,2796,46,1,10,10,0.502,66,0,True,99,0,0,0,317,0.346,26,1149,0.426,38.24,False,True,False,0,0.7239,0.94,False,1.66,140.9582290649414,39.53351020812988,200.03799438476562,247.88569940192258,0.198,mirror_x0,0.735,0.447,0.361,856,0.532,0.525,0.185,62,0.034,0.7,0.8108,162.2,0.295,2.33,ship,128,128,256,diffuse+glow+normal+specular,12,512,4,6,6,0,0,35.8,main,engine_0|engine_1|laserpoint_centerFront|laserpoint_centerRear|laserpoint_leftFrontOuter|laserpoint_leftRearInner|laserpoint_rightFrontOuter|laserpoint_rightRearInner|laserpoint_standard|light_position
outcast,nave,1822,1927,1111,1.734,2851,66,1,6,7,0.201,130,0,True,256,20,0,0,539,0.592,42,1205,0.468,39.55,False,True,False,0,0.8902,0.86,False,1.11,6.196599960327148,2.8726000785827637,9.53439998626709,11.728361581138689,0.301,mirror_x0,0.928,0.441,0.451,730,0.599,0.511,0.131,170,0.093,10.0,11.5822,110.4,0.505,0.97,ship,128,128,256,diffuse+glow+normal+specular,12,512,4,8,8,2,0,36.0,outcast,engine_0|laserpoint_leftFrontInner|laserpoint_leftFrontOuter|laserpoint_rightFrontInner|laserpoint_rightFrontOuter|light_position|outcast
goliath-venom,nave,1811,2534,1136,2.231,2858,66,1,9,9,0.049,109,0,True,283,0,0,0,616,0.68,65,1323,0.514,43.2,False,True,False,0,0.8201,1.04,False,1.96,164.60012817382812,66.34038543701172,134.90980529785156,222.9235395831408,0.403,mirror_x0,1.0,0.569,0.186,691,0.618,0.596,0.15,89,0.049,0.85,0.9845,162.0,0.309,2.08,ship,128,128,256,diffuse+glow+normal+specular,12,512,2,6,6,0,0,36.2,main,engine_0|laserpoint_centerFront|laserpoint_centerRear|laserpoint_leftFrontOuter|laserpoint_leftRearInner|laserpoint_rightFrontOuter|laserpoint_rightRearInner|laserpoint_standard|light_position
vengeance,nave,1720,2073,1040,1.993,2688,62,1,8,8,0.229,111,0,True,216,0,0,0,354,0.412,30,1240,0.502,41.4,False,True,False,0,0.839,1.06,False,1.41,91.1700210571289,51.773685455322266,154.69227600097656,186.87479096856882,0.335,mirror_x0,0.805,0.553,0.345,660,0.616,0.436,0.166,63,0.037,0.7,0.8108,125.4,0.271,2.19,ship,128,128,256,diffuse+glow+normal+specular,12,512,2,6,6,0,0,38.1,main,engine_0|laserpoint_centerRear|laserpoint_leftFrontInner|laserpoint_leftRearOuter|laserpoint_rightRearOuter|laserpoint_righttFrontInner|laserpoint_standard|light_position
aegis,nave,1666,1727,1032,1.673,2570,70,3,5,3,0.085,135,0,True,150,8,0,0,413,0.496,29,1321,0.548,47.77,False,True,False,0,0.9159,1.54,False,2.12,113.35663604736328,166.01103973388672,157.35948181152344,255.28689501322168,1.055,mirror_x0,0.136,0.451,0.122,587,0.648,0.492,0.125,82,0.049,0.8,0.9266,153.8,0.254,2.52,ship,128,128,256,diffuse+glow+normal+specular,12,512,5,6,6,0,0,39.3,main|pod|<orphan:engine_0_geom>,engine_0_colorMat|laserpoint_rightFrontInner_colorMat|light_position_colorMat
snowman,nave,1585,1120,821,1.364,2390,10,1,0,0,0.209,15,0,True,29,2,0,2,491,0.62,4,380,0.161,18.68,False,True,False,0,0.8074,0.93,False,1.32,51.21613693237305,89.71417636328124,77.64764404296875,129.2318952435547,1.155,mirror_xc,0.018,0.765,0.114,601,0.621,0.208,0.177,218,0.138,1.0,1.1582,103.9,0.176,4.77,ship,128,128,256,diffuse+glow+normal+specular,12,512,0,,,1,0,41.3,main,
saimon-boss,nave,1546,1623,931,1.743,2378,57,1,0,0,0.122,231,0,True,158,18,2,16,184,0.238,14,1061,0.482,48.74,False,True,False,0,0.8648,0.74,True,1.56,83.71105194091797,69.75220108032227,51.40875244140625,120.48140769507373,0.833,mirror_z0,0.185,0.709,0.209,513,0.668,0.591,0.147,25,0.016,1.12,1.2972,108.6,0.135,3.89,ship,128,128,256,diffuse+glow+normal+specular,12,512,0,,,0,0,42.4,saimon_boss,
streuner-boss,nave,1501,1584,960,1.65,2393,61,1,6,5,0.197,108,0,True,283,0,0,0,271,0.361,8,1055,0.5,44.45,False,True,False,0,0.8778,0.72,False,1.18,1.5634999871253967,0.9735999703407288,1.8924000263214111,2.6407587870931835,0.514,mirror_xc,0.911,0.61,0.187,667,0.556,0.535,0.227,5,0.003,60.0,69.4934,131.5,0.115,6.78,ship,128,128,256,diffuse+glow+normal+specular,12,512,4,10,10,0,0,43.7,streuner_boss,engine_0|engine_1|laserpoint_centerFront|light_position|streuner_boss
streunerr-boss,nave,1499,1613,965,1.672,2405,62,1,6,7,0.2,104,0,True,313,0,0,0,265,0.354,6,1063,0.508,44.45,False,True,False,0,0.857,0.76,False,1.22,126.86540222167969,79.0062026977539,158.06260681152344,217.53298144796665,0.5,mirror_x0,0.771,0.608,0.175,663,0.558,0.544,0.229,1,0.001,0.7,0.8108,128.2,0.136,5.97,ship,128,128,256,diffuse+glow+normal+specular,12,512,4,10,10,0,0,43.7,streunerr_boss,engine_0|engine_1|laserpoint_centerFront|laserpoint_leftFrontInner|laserpoint_rightFrontInner|light_position|streunerr_boss
police,nave,1498,3202,842,3.803,2303,26,1,7,0,0.626,43,0,True,112,0,0,0,397,0.53,14,873,0.398,32.2,True,True,False,0,0.8728,1.81,True,1.48,120.37319946289062,40.713600158691406,112.35040283203125,169.61697262754794,0.338,mirror_x0,0.981,0.549,0.478,728,0.514,0.448,0.218,23,0.015,0.7,0.8108,97.6,0.346,2.2,ship,128,128,256,diffuse+glow+normal+specular,12,512,6,6,6,0,0,43.7,police,
demaner,nave,1496,1720,928,1.853,2377,49,1,5,6,0.178,160,0,True,270,4,0,0,307,0.41,30,1071,0.509,47.82,False,True,False,0,0.8566,0.76,False,1.1,106.15540313720703,34.78859901428223,205.26939392089844,233.6979681496021,0.169,mirror_x0,0.989,0.372,0.205,601,0.598,0.616,0.143,33,0.022,0.5,0.5791,118.9,0.482,1.08,ship,128,128,256,diffuse+glow+normal+specular,12,512,2,4,4,0,0,43.8,demaner,demaner|engine_0|laserpoint_centerFront|laserpoint_leftFrontInner|laserpoint_rightFrontInner|light_position
mordon-boss,nave,1496,2961,1018,2.909,2426,80,1,0,1,0.139,186,0,True,364,0,0,0,630,0.842,52,1069,0.518,41.34,False,True,False,0,0.773,1.71,False,1.03,89.72171783447266,84.18449401855469,79.02394104003906,146.22516521388638,0.938,mirror_z0,0.773,0.201,0.273,499,0.666,0.547,0.121,92,0.061,1.3,1.5057,135.1,0.286,4.21,ship,128,128,256,diffuse+glow+normal+specular,12,512,11,4,4,0,0,43.8,mordon_boss,mordon_boss
mordon,nave,1468,2995,912,3.284,2320,54,1,0,1,0.158,102,0,True,236,0,0,0,680,0.926,52,1064,0.511,39.2,False,True,False,0,0.8076,1.28,False,1.0,111.3609390258789,64.77784729003906,93.09031677246094,158.94412639998455,0.582,mirror_z0,0.735,0.163,0.185,461,0.686,0.57,0.095,132,0.09,1.0,1.1582,129.0,0.426,1.56,ship,128,128,256,diffuse+glow+normal+specular,12,512,11,4,8,0,0,44.6,mordon,mordon
goliath-sentinel,nave,1466,1899,793,2.395,2209,27,1,10,10,0.63,40,0,True,20,0,0,0,213,0.291,13,1120,0.512,43.18,False,True,False,0,0.8572,0.75,False,1.68,171.8479461669922,84.88998413085938,184.90780639648438,266.32484464261074,0.459,mirror_x0,0.995,0.226,0.357,612,0.583,0.505,0.158,47,0.032,0.85,0.9845,182.0,0.194,3.96,ship,128,128,256,diffuse+glow+normal+specular,12,512,2,6,6,0,0,44.7,main,engine_0|engine_1|laserpoint_centerFront|laserpoint_centerRear|laserpoint_leftFrontOuter|laserpoint_leftRearInner|laserpoint_rightFrontOuter|laserpoint_rightRearInner|laserpoint_standard|light_position
spearhead,nave,1415,1469,821,1.789,2191,35,1,7,7,0.187,74,2,True,137,0,0,0,355,0.502,32,971,0.473,38.86,False,True,False,0,0.8409,1.02,False,1.61,113.28168487548828,63.476341247558594,166.9542694091797,211.50818920400906,0.38,mirror_x0,0.931,0.29,0.219,493,0.652,0.7,0.125,25,0.018,0.7,0.8108,135.4,0.27,1.97,ship,128,128,256,diffuse+glow+normal+specular,12,512,6,6,10,0,2,46.3,main,engine_0|laserpoint_leftFrontInner|laserpoint_leftRearInner|laserpoint_rightFrontInner|laserpoint_rightRearInner|laserpoint_standard|light_position
turkey,nave,1388,834,696,1.198,2082,1,1,0,0,1.0,0,0,False,0,0,0,0,89,0.128,11,495,0.238,20.92,False,True,False,0,0.6718,0.9,False,1.12,122.30896759033203,66.66647338867188,110.45347595214844,177.7747804864549,0.545,mirror_z0,0.983,0.646,0.635,769,0.446,0.378,0.3,0,0.0,1.0,1.1582,141.7,0.118,7.73,ship,128,128,256,diffuse+glow+normal+specular,12,512,0,,,0,0,47.2,turkey,
referee,nave,1387,1358,828,1.64,2183,37,1,4,5,0.273,79,1,True,205,0,0,0,254,0.366,13,901,0.456,36.94,False,True,False,0,0.5609,0.78,False,1.46,203.87625122070312,153.88247680664062,163.32777404785156,303.18526391528263,0.755,mirror_x0,0.417,0.492,0.273,467,0.663,0.433,0.15,181,0.13,0.9,1.0424,212.5,0.066,21.58,ship,128,128,256,diffuse+glow+normal+specular,12,512,0,,,2,0,47.3,referee,engine_0|laserpoint_leftFrontOuter|laserpoint_rightFrontOuter|light_position|referee
defcom,nave,1326,1567,847,1.85,2107,53,1,5,6,0.416,114,0,True,236,0,0,0,232,0.35,16,828,0.443,38.8,False,True,False,0,0.826,1.63,False,1.26,79.74400329589844,40.555599212646484,77.17980194091797,118.15491744651341,0.509,mirror_x0,0.848,0.661,0.222,547,0.587,0.517,0.217,16,0.012,1.0,1.1582,92.4,0.201,3.59,ship,128,128,256,diffuse+glow+normal+specular,12,512,3,6,6,0,0,49.4,defcom,defcom|engine_0|laserpoint_centerFront|laserpoint_centerRear|laserpoint_left|laserpoint_right
devolarium,nave,1322,1442,768,1.878,2052,34,1,2,2,0.057,62,0,True,138,0,0,0,176,0.266,16,908,0.474,39.88,False,True,False,0,0.7443,0.8,False,1.52,5.10260009765625,1.0815999507904053,5.773399829864502,7.780651117074383,0.187,mirror_x0,0.917,0.557,0.287,552,0.582,0.487,0.163,43,0.033,25.0,28.9556,167.2,0.101,6.44,ship,128,128,256,diffuse+glow+normal+specular,12,512,0,,,0,0,49.6,devolarium,devolarium|laserpoint_centerRear
streunerr,nave,1316,1428,839,1.702,2109,49,1,6,7,0.216,74,0,True,270,0,0,0,228,0.347,2,913,0.496,42.89,False,True,False,0,0.7957,0.74,False,1.19,98.39970397949219,61.2432804107666,119.07749557495117,166.17066856435883,0.514,mirror_x0,0.867,0.554,0.214,591,0.551,0.587,0.233,1,0.001,0.9,1.0424,124.1,0.131,6.25,ship,128,128,256,diffuse+glow+normal+specular,12,512,4,10,10,0,0,49.8,streunerr,engine_0|engine_1|laserpoint_centerFront|laserpoint_leftFrontInner|laserpoint_rightFrontInner|light_position|streunerr
sibelonit,nave,1302,1582,769,2.057,2034,33,2,0,2,0.367,78,0,True,162,0,0,0,340,0.522,46,869,0.464,38.96,True,True,False,0,0.8335,1.16,True,1.08,100.22119903564453,49.865447998046875,99.48343658447266,149.7591593020106,0.498,mirror_z0,0.026,0.568,0.307,499,0.617,0.467,0.185,86,0.066,0.7,0.8108,81.3,0.233,3.68,ship,128,128,256,diffuse+glow+normal+specular,12,512,7,6,7,1,0,50.3,body|eye,Object001|sibelonit
saimon,nave,1278,1337,764,1.75,1977,43,1,0,0,0.147,127,0,True,138,6,2,6,148,0.232,12,865,0.472,46.81,False,True,False,0,0.7195,0.74,True,1.52,68.63621139526367,57.01950454711914,34.59783935546875,95.70352084203112,0.831,mirror_zc,0.365,0.687,0.138,456,0.643,0.625,0.153,22,0.017,1.08,1.2509,85.9,0.279,2.3,ship,128,128,256,diffuse+glow+normal+specular,12,512,0,,,0,0,51.3,saimon_LP,
lordakia-boss,nave,1178,758,591,1.283,1767,1,1,0,1,1.0,0,0,False,0,0,0,0,153,0.26,13,483,0.273,27.23,False,True,False,3,0.6889,0.92,False,1.43,110.47765350341797,48.269195556640625,113.6787109375,165.70478714786177,0.425,mirror_yc,0.02,0.461,0.274,597,0.493,0.534,0.304,0,0.0,0.65,0.7528,85.6,0.295,2.36,ship,128,128,256,diffuse+glow+normal+specular,12,512,0,,,0,0,55.6,lordakia-idle,lordakia-boss
piranha,nave,1176,1792,688,2.605,1828,26,1,8,8,0.241,47,0,True,128,0,0,0,280,0.476,28,782,0.46,37.41,False,True,False,0,0.8228,1.05,False,1.43,73.57629776000977,19.161331176757812,108.91687774658203,132.8288916711982,0.176,mirror_x0,0.942,0.298,0.302,518,0.56,0.508,0.193,34,0.029,0.85,0.9845,107.2,0.324,1.69,ship,128,128,256,diffuse+glow+normal+specular,12,512,2,6,6,0,0,55.7,main,engine_0|laserpoint_centerRear|laserpoint_leftFrontOuter|laserpoint_leftRearOuter|laserpoint_rightFrontOuter|laserpoint_rightRearOuter|laserpoint_standard|light_position
streuner,nave,1102,1112,683,1.628,1759,30,1,4,5,0.269,49,0,True,212,0,0,0,190,0.345,4,735,0.475,39.48,False,True,False,0,0.722,0.77,False,1.11,93.72244262695312,49.59851837158203,99.56000137329102,145.4513772711293,0.498,mirror_x0,0.892,0.697,0.333,496,0.55,0.552,0.251,0,0.0,0.65,0.7528,74.9,0.186,3.51,ship,128,128,256,diffuse+glow+normal+specular,12,512,4,10,10,0,0,59.5,streuner,engine_0|engine_1|laserpoint_centerFront|light_position|streuner
kristallon,nave,1079,1575,927,1.699,1613,143,1,0,1,0.03,1889,0,True,20,18,0,2,9,0.017,3,1445,0.917,103.55,False,True,False,3,0.9657,1.62,False,1.44,299.6929931640625,165.31842041015625,282.6036071777344,443.8590644206911,0.552,mirror_y0,0.015,0.233,0.335,329,0.695,0.498,0.095,112,0.104,0.5,0.5791,173.6,0.024,48.53,ship,128,128,256,diffuse+glow+normal+specular,12,512,0,,,0,0,60.7,<orphan:kristallon-uber_geom>,kristallon-uber
spaceball-summer,nave,788,1688,396,4.263,1182,5,5,0,5,0.467,10,0,False,0,0,0,0,226,0.574,0,346,0.293,34.29,True,True,False,0,0.8245,9.63,False,3.86,94.4186019897461,98.25900268554688,98.25910186767578,168.00165210586079,1.0,mirror_y0,0.813,0.5,0.525,221,0.72,0.24,0.128,28,0.036,0.6,0.6949,68.3,0.06,7.35,ship,128,128,256,diffuse+glow+normal+specular,12,512,2,20,20,2,0,83.2,inner_ring_small|outer_shell|outer_ring|inner_ring_big|core,core|inner_ring_big|inner_ring_small|outer_ring|outer_shell
spaceball,nave,788,1688,396,4.263,1182,5,5,0,5,0.467,10,0,False,0,0,0,0,226,0.574,0,346,0.293,34.29,True,True,False,0,0.8245,9.63,False,3.86,94.4186019897461,98.25900268554688,98.25910186767578,168.00165210586079,1.0,mirror_y0,0.813,0.5,0.525,221,0.72,0.24,0.128,28,0.036,0.6,0.6949,68.3,0.06,7.35,ship,128,128,256,diffuse+glow+normal+specular,12,512,2,20,20,2,0,83.2,outer_shell|inner_small_ring|outer_ring|inner_ring_big|core,core|inner_ring_big|inner_ring_small|outer_ring|outer_shell
spaceball-winter,nave,704,1728,356,4.854,1056,2,1,0,1,0.591,1,0,False,0,0,0,0,240,0.682,0,384,0.364,43.24,True,True,False,0,0.8484,11.14,False,1.06,140.96510314941406,150.7519989013672,144.83279418945312,252.13858045013112,1.041,mirror_z0,0.907,0.483,0.646,328,0.534,0.427,0.274,0,0.0,0.5,0.5791,87.3,0.023,17.76,ship,128,128,256,diffuse+glow+normal+specular,12,512,1,16,16,1,0,93.1,spaceball_winter,spaceball_winter
aegis-ship-pod,nave,630,592,431,1.374,985,38,1,0,0,0.051,68,0,True,88,8,0,0,151,0.479,9,552,0.621,55.76,False,True,False,0,0.1064,2.14,False,2.87,28.603282928466797,166.01103973388672,51.89895057678223,176.2705709379286,3.199,mirror_x0,0.063,0.603,0.375,243,0.614,0.671,0.151,19,0.03,0.8,0.9266,153.8,0.375,1.5,ship,128,128,256,diffuse+glow+normal+specular,12,512,2,6,6,0,0,104.0,main,
kristallin,nave,570,808,454,1.78,835,58,1,0,1,0.122,579,0,True,8,21,4,1,10,0.035,1,733,0.909,102.16,False,True,False,3,0.9646,1.06,False,1.73,178.2130126953125,175.54525756835938,188.228759765625,313.05922978182036,0.933,mirror_y0,0.007,0.244,0.449,212,0.628,0.608,0.13,33,0.058,0.4,0.4633,87.2,0.051,22.34,ship,128,128,256,diffuse+glow+normal+specular,12,512,0,,,0,0,115.0,<orphan:kristallin_geom>,kristallin
sibelonit-boss-tentacles,nave,345,252,190,1.326,528,7,1,0,1,0.188,8,0,True,21,0,0,0,17,0.099,3,215,0.424,50.95,False,True,False,3,0.0368,3.64,True,1.37,61.88920021057129,179.4498052597046,60.95439910888672,199.36886537565368,2.9,mirror_y0,0.016,0.545,0.438,159,0.539,0.918,0.264,0,0.0,0.4,0.4633,83.1,0.252,3.4,ship,128,128,256,diffuse+glow+normal+specular,12,512,0,,,0,0,190.0,lordakia-idle,lordakia-boss
infernal,nave muy pequena,1981,2256,1171,1.927,3090,48,1,7,8,0.117,149,0,True,237,0,0,0,188,0.19,37,1272,0.446,39.13,False,True,False,0,0.8471,0.78,False,1.13,66.950439453125,31.903188705444336,53.53006935119629,91.46388969033426,0.477,mirror_x0,1.0,0.534,0.13,720,0.637,0.549,0.17,52,0.026,0.7,0.8108,54.3,0.725,0.38,ship_very_small,64,64,128,diffuse+glow+normal+specular,12,512,0,,,0,0,8.3,infernal,engine_0|engine_1|infernal|laserpoint_centerFront|laserpoint_leftFrontOuter|laserpoint_rightFrontOuter|laserpoint_standard|light_position
interceptor,nave muy pequena,1484,1249,907,1.377,2363,39,1,4,5,0.119,109,0,True,274,0,0,0,396,0.534,11,884,0.423,36.94,False,True,False,0,0.8108,0.9,False,1.32,5.492400169372559,3.8238000869750977,10.524999618530273,12.472510721411984,0.363,mirror_x0,0.256,0.208,0.278,539,0.637,0.521,0.12,179,0.121,6.0,6.9493,73.1,0.693,0.31,ship_very_small,64,64,128,diffuse+glow+normal+specular,12,512,2,6,6,0,0,11.0,interceptor,engine_0|interceptor|laserpoint_leftFrontOuter|laserpoint_rightFrontOuter|light_position
repair-robot-tech,nave muy pequena,1264,1921,790,2.432,2006,42,1,0,1,0.04,106,0,True,220,0,0,0,552,0.873,85,844,0.473,41.26,True,True,False,3,0.7773,3.68,True,2.34,29.98391819000244,31.259099006652832,35.10397911071777,55.75352876848418,0.89,mirror_y0,0.085,0.497,0.317,485,0.616,0.538,0.18,18,0.014,1.2,1.3899,48.8,0.393,1.33,ship_very_small,64,64,128,specular,3,512,3,6,6,0,0,13.0,lowpoly,Material1
kucurbium,nave muy pequena,786,822,530,1.551,1241,50,2,0,1,0.061,219,0,True,124,0,0,0,77,0.196,1,556,0.498,54.47,False,True,False,3,0.8021,2.23,False,1.5,37.310319900512695,24.05820369720459,37.310319900512695,57.99066396665394,0.645,mirror_zc,0.675,0.715,0.359,424,0.461,0.389,0.235,8,0.01,1.0,1.1582,43.2,0.321,2.77,ship_very_small,64,64,128,diffuse+glow+normal+specular,12,512,2,4,4,0,0,20.8,kucurbium-outer|kucurbium-inner,kucurbium-boss
repair-robot,nave muy pequena,652,798,422,1.891,1049,25,1,0,1,0.077,44,0,True,142,0,0,0,287,0.88,41,439,0.484,40.85,False,True,False,3,0.7396,2.06,False,3.2,190.32130432128906,158.25132751464844,202.7682876586914,319.9697798523215,0.78,mirror_xc,0.026,0.5,0.469,301,0.538,0.588,0.196,1,0.002,0.8,0.9266,187.9,0.031,24.56,ship_very_small,64,64,128,specular,3,512,6,6,6,0,0,25.1,lowpoly,Material1
protegit,nave muy pequena,310,390,214,1.822,496,22,2,2,4,0.232,28,0,True,62,0,0,0,66,0.426,0,204,0.47,45.74,False,True,False,0,0.8189,1.54,False,1.11,36.89731216430664,8.313838958740234,49.08265686035156,61.96481878980341,0.169,mirror_x0,0.692,0.623,0.435,140,0.548,0.7,0.197,0,0.0,1.0,1.1582,56.8,0.216,4.18,ship_very_small,64,64,128,diffuse+glow+normal+specular,12,512,0,,,1,0,52.9,protegit|<orphan:geometry>,engine_0|laserpoint_centerFront|light_position|protegit
icy,nave muy pequena,124,170,74,2.297,186,6,1,0,1,0.242,14,0,False,0,0,0,0,8,0.129,1,98,0.527,54.43,False,True,False,0,0.8859,0.69,False,1.15,43.80178642272949,30.539682388305664,44.54087448120117,69.53530178083011,0.686,mirror_x0,0.014,0.185,0.25,56,0.548,0.607,0.218,0,0.0,1.0,1.1582,51.6,0.04,5.29,ship_very_small,64,64,128,diffuse+glow+normal+specular,12,512,0,,,0,0,132.1,meteoroid-icy ,meteoroid-icy 
aegis-repair-cross,nave muy pequena,76,72,40,1.8,114,1,1,0,1,1.0,0,0,False,0,0,0,0,35,0.921,2,44,0.386,33.17,False,True,False,0,0.7314,1.16,False,1.15,9.352961540222168,24.91441535949707,24.91440773010254,36.4545428557294,1.0,mirror_x0,1.0,0.5,0.263,36,0.526,0.722,0.289,0,0.0,1.34,1.552,38.7,0.184,18.34,ship_very_small,64,64,128,diffuse+glow+normal,9,512,0,,,0,0,215.6,aegis_rapairpod,aegis_rapairpod
capsule-sibelon-emperor,nave muy pequena,74,101,69,1.464,133,9,1,0,1,0.297,21,0,True,44,0,0,0,13,0.351,0,42,0.472,42.13,False,True,False,0,0.8187,1.29,False,1.26,91.58110046386719,119.0087661743164,104.16465759277344,182.75792809048198,1.143,mirror_y0,0.029,0.392,0.446,36,0.514,0.861,0.23,0,0.0,0.8,0.9266,110.3,0.0,91.71,ship_very_small,64,64,128,glow+normal+specular,9,512,1,4,4,0,0,221.4,capsule_sibelon_emperor,capsule_sibelon_emperor
yamato,nave pequena,1986,1907,1123,1.698,3059,39,1,9,9,0.338,54,4,True,160,0,0,0,551,0.555,34,1311,0.452,35.37,False,True,False,0,0.9042,0.91,False,1.96,76.73675918579102,34.84037208557129,110.98953247070312,139.359456282896,0.314,mirror_x0,0.917,0.532,0.237,840,0.577,0.47,0.215,60,0.03,0.7,0.8108,90.0,0.388,1.54,ship_small,64,64,128,diffuse+glow+normal+specular,12,512,10,8,8,0,2,8.2,main,engine_0|engine_1|laserpoint_centerFront|laserpoint_centerRear|laserpoint_leftFrontOuter|laserpoint_leftRearOuter|laserpoint_rightFrontOuter|laserpoint_rightRearOuter|light_position
saboteur,nave pequena,1964,2228,1108,2.011,3006,49,1,6,7,0.157,112,0,True,120,0,0,0,371,0.378,22,1443,0.5,47.6,False,True,False,0,0.8756,0.79,False,1.08,59.798431396484375,57.630611419677734,131.6539764404297,155.6595942518904,0.438,mirror_x0,0.018,0.357,0.216,724,0.631,0.395,0.152,60,0.031,0.7,0.8108,106.7,0.458,1.2,ship_small,64,64,128,diffuse+glow+normal+specular,12,512,4,4,4,0,0,8.3,saboteur,engine_0|engine_1|laserpoint_centerFront|laserpoint_leftFrontInner|laserpoint_rightFrontInner|light_position|saboteur
curcubitor,nave pequena,1890,1226,990,1.238,2856,19,1,0,1,0.178,66,0,True,42,0,0,0,638,0.675,17,586,0.208,24.93,False,True,False,0,0.7302,0.96,False,1.48,26.180612564086914,61.62194633483887,26.180607795715332,71.889588737714,2.354,mirror_z0,0.204,0.658,0.165,595,0.685,0.417,0.194,128,0.068,1.8,2.0848,128.5,0.259,2.33,ship_small,64,64,128,diffuse+glow+normal+specular,12,512,3,24,24,0,0,8.7,curcubitor,curcubitor
leonov,nave pequena,1831,2481,1208,2.054,2926,88,1,9,9,0.069,200,0,True,367,2,2,0,469,0.513,21,1367,0.535,45.04,False,True,False,0,0.7636,0.88,False,1.29,51.20529365539551,24.030083656311035,115.34785842895508,128.47005667863175,0.208,mirror_x0,0.975,0.196,0.087,716,0.609,0.573,0.141,139,0.076,0.8,0.9266,106.9,0.547,0.7,ship_small,64,64,128,diffuse+glow+normal+specular,12,512,8,4,6,0,0,8.9,main,engine_0|laserpoint_centerFront|laserpoint_centerRear|laserpoint_leftFrontOuter|laserpoint_leftRearOuter|laserpoint_rightFrontOuter|laserpoint_rightRearOuter|laserpoint_standard|light_position
marauder,nave pequena,1822,1927,1111,1.734,2851,66,1,6,7,0.201,130,0,True,256,20,0,0,542,0.595,42,1205,0.468,39.56,False,True,False,0,0.8902,0.86,False,1.11,6.512199878692627,3.0188000202178955,10.0201997756958,12.32583889100316,0.301,mirror_x0,0.93,0.441,0.451,728,0.6,0.511,0.131,170,0.093,8.0,9.2658,92.8,0.602,0.68,ship_small,64,64,128,diffuse+glow+normal+specular,12,512,4,8,8,2,0,9.0,marauder,engine_0|laserpoint_leftFrontInner|laserpoint_leftFrontOuter|laserpoint_rightFrontInner|laserpoint_rightFrontOuter|light_position|marauder
vagrant,nave pequena,1822,1927,1111,1.734,2851,66,1,6,7,0.201,130,0,True,256,20,0,0,550,0.604,42,1203,0.467,39.56,False,True,False,0,0.8902,0.86,False,1.11,5.234399795532227,2.4265999794006348,8.053999900817871,9.90728232573743,0.301,mirror_x0,0.93,0.441,0.451,730,0.599,0.511,0.132,169,0.093,7.0,8.1076,65.3,0.717,0.34,ship_small,64,64,128,diffuse+glow+normal+specular,12,512,4,8,8,2,0,9.0,vagrant,engine_0|laserpoint_leftFrontInner|laserpoint_leftFrontOuter|laserpoint_rightFrontInner|laserpoint_rightFrontOuter|light_position|vagrant
phoenix,nave pequena,1642,1465,859,1.705,2467,17,1,7,7,0.808,25,0,True,20,0,4,0,210,0.256,12,816,0.333,30.3,False,True,False,0,0.8759,0.93,False,1.25,52.73423767089844,43.7045783996582,82.87502479553223,107.51399783601555,0.527,mirror_x0,0.938,0.343,0.261,621,0.622,0.438,0.177,25,0.015,0.7,0.8108,67.2,0.541,0.85,ship_small,64,64,128,diffuse+glow+normal+specular,12,512,2,6,6,0,0,10.0,main,engine_0|laserpoint_centerFront|laserpoint_centerRear|laserpoint_leftFrontOuter|laserpoint_rightFrontOuter|laserpoint_standard|light_position
liberator,nave pequena,1630,1735,976,1.778,2554,37,1,9,9,0.079,122,0,True,218,0,0,0,349,0.428,26,1048,0.449,35.47,False,True,False,0,0.8204,1.06,False,2.13,73.49102401733398,34.392043113708496,96.6350326538086,126.18269602704721,0.356,mirror_x0,0.77,0.652,0.283,606,0.628,0.378,0.118,110,0.067,0.6,0.6949,67.2,0.56,0.76,ship_small,64,64,128,diffuse+glow+normal+specular,12,512,2,6,6,0,0,10.1,main,engine_0|engine_1|laserpoint_centerRear|laserpoint_leftFrontOuter|laserpoint_leftRearOuter|laserpoint_rightFrontOuter|laserpoint_rightRearOuter|laserpoint_standard|light_position
barracuda,nave pequena,1499,1591,924,1.722,2331,64,1,6,7,0.041,129,0,True,165,0,0,0,271,0.362,33,1143,0.528,44.19,False,True,False,0,0.7672,0.81,False,1.33,1.743399977684021,2.0188000202178955,4.1072001457214355,4.89735541295857,0.492,mirror_x0,0.601,0.097,0.266,439,0.707,0.699,0.091,31,0.021,23.0,26.6391,109.4,0.444,1.26,ship_small,64,64,128,diffuse+glow+normal+specular,12,512,2,6,6,0,0,10.9,barracuda,barracuda|engine_0|laserpoint_leftFrontOuter|laserpoint_leftRearInner|laserpoint_rightFrontOuter|laserpoint_rightRearInner|light_position
ufo,nave pequena,1368,3074,870,3.533,2196,39,1,0,1,0.205,56,0,True,288,0,0,0,490,0.716,7,681,0.357,29.64,True,True,False,0,0.9289,3.39,False,1.56,108.36419677734375,54.42319869995117,108.36419677734375,162.62682079882188,0.502,mirror_x0,0.153,0.643,0.592,546,0.601,0.055,0.09,51,0.037,1.0,1.1582,125.5,0.202,3.61,ship_small,64,64,128,diffuse+glow+normal+specular,12,512,22,6,16,1,0,12.0,ufo001,ufo001
aegis-repair-pod,nave pequena,388,361,260,1.388,602,23,2,0,1,0.082,43,0,True,44,4,0,0,87,0.448,7,348,0.628,56.91,True,True,False,0,0.4434,1.43,False,2.5,26.37996196746826,120.01809310913086,86.35084342956543,150.18892511751457,1.39,mirror_x0,0.077,0.979,0.487,145,0.626,0.634,0.168,9,0.023,1.0,1.1582,139.0,0.255,2.26,ship_small,64,64,128,diffuse+glow+normal+specular,12,512,2,6,6,0,0,42.2,Object001|<orphan:geometry>,Object001
pet-spectrum,pet,5292,5678,3069,1.85,8292,74,5,0,0,0.107,251,0,True,708,0,0,0,1707,0.645,138,2415,0.318,23.68,True,True,False,0,0.9689,3.65,False,3.54,88.80674743652344,63.33596229553223,91.93527412414551,142.65404704542146,0.689,mirror_x0,0.862,0.619,0.253,1424,0.731,0.188,0.09,2064,0.39,,,,,,,,,,glow+normal+specular,9,512,13,8,16,1,0,,engine_1|laserpoint_center|engine_0|pet_spectrum_ingame|<orphan:geometry>,
pet_designs_pet-a-elite,pet,3923,3034,2232,1.359,6131,33,1,1,0,0.131,77,0,True,493,0,0,0,1446,0.737,108,2121,0.376,30.21,True,True,False,0,0.8077,1.14,False,1.24,47.58535575866699,127.68294143676758,47.15440559387207,144.1902825558481,2.683,mirror_x0,0.7,0.432,0.224,1060,0.73,0.249,0.115,358,0.091,,,,,,,,,,diffuse+glow+normal+specular,12,512,8,9,16,2,0,,pet_a_elite_ingame,
pet-chimera,pet,3116,3133,1037,3.021,2800,35,4,2,0,0.158,63,0,True,66,1907,0,1318,264,0.169,25,333,0.403,33.78,True,True,False,0,0.9435,29.41,True,1.85,128.54290008544922,64.24549865722656,113.40310287475586,183.06016770918774,0.5,mirror_xc,0.867,0.772,0.044,670,0.785,0.345,0.086,1393,0.447,,,,,,,,,,normal+specular,6,512,9,8,8,0,0,,pet_low_poly|<orphan:geometry>|<orphan:geometry>|<orphan:geometry>,
pet-mirage,pet,3036,2774,1685,1.646,4666,47,2,2,4,0.164,75,0,True,236,0,4,0,984,0.649,122,1738,0.392,30.41,True,True,True,2,0.7499,1.32,False,1.18,92.21662902832031,34.677310943603516,90.2030258178711,133.577724304338,0.376,mirror_x0,0.106,0.644,0.194,1191,0.608,0.591,0.153,261,0.086,,,,,,,,,,normal+specular,6,512,2,12,12,1,0,,droneMesh|<orphan:geometry>,Material1|engine_0|light_position|pet_upgrade_1
pet-pusat,pet,2892,2970,1757,1.69,4604,49,4,0,0,0.196,108,0,True,532,0,0,0,732,0.506,42,1429,0.351,25.67,True,True,False,0,0.9059,3.19,False,1.6,48.26919937133789,18.688400268554688,45.67259979248047,69.03012591870139,0.387,mirror_x0,0.991,0.735,0.462,1267,0.562,0.234,0.178,75,0.026,,,,,,,,,,glow+normal+specular,9,512,5,6,6,0,0,,pet_pusat_lowpoly|engine_1|laserpoint_center|engine_0,
pet-chimera_animation,pet,2636,2834,1161,2.441,3217,30,2,1,1,0.096,111,0,True,96,785,0,554,742,0.563,64,1024,0.438,31.03,True,True,False,4,0.9082,28.05,True,1.62,128.54290008544922,80.62189865112305,113.40310287475586,189.42922542763088,0.627,mirror_xc,1.0,0.891,0.027,655,0.752,0.237,0.1,769,0.292,,,,,,,,,,,0,,12,8,8,0,0,,pet_low_poly|<orphan:petGeo2>,Material1
pet-goliath-x,pet,2588,3712,1483,2.503,4026,35,1,2,0,0.056,150,0,True,288,0,0,0,898,0.694,109,1371,0.367,25.14,True,True,False,0,0.8123,2.34,False,2.57,109.7531967163086,44.05339813232422,70.33380126953125,137.59836364388826,0.401,mirror_x0,1.0,0.597,0.047,488,0.811,0.221,0.057,670,0.259,,,,,,,,,,diffuse+glow+normal+specular,12,512,8,17,17,4,0,,goliath_x_petdesign_legend_lowpoly,
pet_goliath-x,pet,2588,3712,1483,2.503,4026,35,1,2,3,0.056,150,0,True,288,0,0,0,898,0.694,109,1371,0.367,25.14,True,True,False,0,0.8123,2.34,False,2.57,109.7531967163086,44.05339813232422,70.33380126953125,137.59836364388826,0.401,mirror_x0,1.0,0.597,0.047,488,0.811,0.221,0.057,670,0.259,,,,,,,,,,,0,,8,17,17,4,0,,goliath_x_petdesign_legend_lowpoly,engine_0|goliath_x_petdesign_legend_lowpoly|laserpoint_center
pet-g-champion,pet,2578,4021,1386,2.901,3934,15,4,0,4,0.231,16,0,True,176,0,14,0,971,0.757,147,1806,0.481,34.82,True,True,False,0,0.8949,7.72,True,1.1,102.23770141601562,59.605499267578125,106.96809768676758,159.52284180171023,0.557,mirror_x0,0.999,0.284,0.332,906,0.649,0.334,0.166,139,0.054,,,,,,,,,,,0,,5,6,9,2,0,,laserpoint_rightFrontInner|laserpoint_leftFrontInner|engine1|g_champion_pet,engine1|g_champion_pet|laserpoint_leftFrontInner|laserpoint_rightFrontInner
pet-hammerclaw,pet,1691,1974,884,2.233,2485,18,1,0,0,0.205,33,0,True,83,0,62,0,605,0.743,58,997,0.415,31.76,True,True,False,0,0.7371,1.06,False,1.05,72.25735855102539,60.09969139099121,109.28340148925781,144.13868533855214,0.55,mirror_xc,0.494,0.787,0.208,472,0.721,0.271,0.073,224,0.132,,,,,,,,,,diffuse+glow+normal+specular,12,512,2,18,18,0,0,,ingame_substance,
pet-sentinel,pet,1386,2362,814,2.902,2166,27,4,0,4,0.095,56,0,True,174,0,0,0,444,0.641,61,972,0.488,35.57,True,True,False,0,0.8938,7.68,True,1.14,111.39920043945312,35.96440124511719,83.58220291137695,143.83742440334444,0.323,mirror_x0,0.898,0.677,0.078,719,0.481,0.419,0.191,39,0.028,,,,,,,,,,,0,,3,6,6,0,0,,laserpoint_rightFrontInner001|engine0|laserpoint_leftFrontInner001|pet_sentinel,engine0|laserpoint_leftFrontInner001|laserpoint_rightFrontInner001|ship_pet_sentinel
pet-15,pet,1364,1996,926,2.156,2142,95,1,10,10,0.053,220,3,True,192,0,0,0,388,0.569,30,1175,0.603,52.42,True,True,False,0,0.8183,1.33,False,1.82,110.5684814453125,53.371498107910156,130.70809936523438,179.32794857209808,0.408,mirror_x0,0.832,0.392,0.185,496,0.636,0.583,0.13,60,0.044,0.0,0.0,,,,ship,128,128,256,diffuse+glow+normal+specular,12,512,1,4,4,1,0,48.0,main,engine_0|laserpoint_centerFront|laserpoint_centerRear|laserpoint_leftFrontInner|laserpoint_leftFrontOuter|laserpoint_leftRearOuter|laserpoint_rightFrontInner|laserpoint_rightFrontOuter|laserpoint_rightRearOuter|light_position
pet-14,pet,1284,1894,873,2.17,2020,89,1,10,10,0.056,204,3,True,188,0,0,0,364,0.567,28,1095,0.598,52.2,True,True,False,0,0.7904,1.3,False,1.63,110.5684814453125,53.371498107910156,110.18036270141602,164.96550616544252,0.483,mirror_x0,0.801,0.417,0.178,475,0.63,0.581,0.129,54,0.042,,,,,,,,,,,0,,1,4,4,1,0,,main,engine_0|laserpoint_centerFront|laserpoint_centerRear|laserpoint_leftFrontInner|laserpoint_leftFrontOuter|laserpoint_leftRearOuter|laserpoint_rightFrontInner|laserpoint_rightFrontOuter|laserpoint_rightRearOuter|light_position
pet-12,pet,1262,1858,849,2.188,1981,84,1,10,10,0.057,193,0,True,176,0,0,0,361,0.572,28,1077,0.597,51.96,True,True,False,0,0.7503,1.31,False,1.61,110.5684814453125,53.371498107910156,94.76111221313477,155.09214772926254,0.483,mirror_x0,0.696,0.421,0.121,475,0.624,0.579,0.135,50,0.04,,,,,,,,,,,0,,1,4,4,1,0,,main,engine_0|laserpoint_centerFront|laserpoint_centerRear|laserpoint_leftFrontInner|laserpoint_leftFrontOuter|laserpoint_leftRearOuter|laserpoint_rightFrontInner|laserpoint_rightFrontOuter|laserpoint_rightRearOuter|light_position
pet-13,pet,1262,1858,849,2.188,1981,84,1,10,10,0.057,193,0,True,176,0,0,0,361,0.572,28,1077,0.597,51.96,True,True,False,0,0.7503,1.31,False,1.61,110.5684814453125,53.371498107910156,94.76111221313477,155.09214772926254,0.483,mirror_x0,0.696,0.421,0.121,475,0.624,0.579,0.135,50,0.04,,,,,,,,,,,0,,1,4,4,1,0,,main,engine_0|laserpoint_centerFront|laserpoint_centerRear|laserpoint_leftFrontInner|laserpoint_leftFrontOuter|laserpoint_leftRearOuter|laserpoint_rightFrontInner|laserpoint_rightFrontOuter|laserpoint_rightRearOuter|light_position
pet-11,pet,1246,1834,837,2.191,1957,82,1,10,10,0.058,184,0,True,176,0,0,0,355,0.57,28,1059,0.595,51.63,True,True,False,0,0.727,1.29,False,1.61,110.5684814453125,53.371498107910156,79.43915176391602,146.23434867491136,0.483,mirror_x0,0.663,0.42,0.258,471,0.622,0.603,0.139,44,0.035,,,,,,,,,,,0,,1,4,4,1,0,,main,engine_0|laserpoint_centerFront|laserpoint_centerRear|laserpoint_leftFrontInner|laserpoint_leftFrontOuter|laserpoint_leftRearOuter|laserpoint_rightFrontInner|laserpoint_rightFrontOuter|laserpoint_rightRearOuter|light_position
pet-10,pet,1238,1818,821,2.214,1937,78,1,10,10,0.058,170,0,True,160,0,0,0,355,0.574,28,1059,0.596,51.74,True,True,False,0,0.71,1.3,False,1.62,110.5684814453125,53.371498107910156,79.43915176391602,146.23434867491136,0.483,mirror_x0,0.657,0.416,0.26,481,0.611,0.593,0.15,42,0.034,0.0,0.0,,,,ship,128,128,256,diffuse+glow+normal+specular,12,512,1,4,4,1,0,52.9,main,engine_0|laserpoint_centerFront|laserpoint_centerRear|laserpoint_leftFrontInner|laserpoint_leftFrontOuter|laserpoint_leftRearOuter|laserpoint_rightFrontInner|laserpoint_rightFrontOuter|laserpoint_rightRearOuter|light_position
pet-diminisher,pet,1213,1676,704,2.381,1887,23,4,0,4,0.159,39,0,True,135,0,0,0,407,0.671,46,754,0.43,29.94,True,True,False,0,0.9282,7.37,True,1.13,90.78780364990234,46.3047981262207,116.3031997680664,154.63826789438,0.398,mirror_x0,0.957,0.74,0.291,649,0.465,0.39,0.179,19,0.016,,,,,,,,,,,0,,6,8,12,0,0,,rightFrontInner|leftFrontInner|engine1|pet_diminisher_lowpoly,engine1|leftFrontInner|pet_diminisher_lowpoly|rightFrontInner
pet-9,pet,974,1402,657,2.134,1533,64,1,6,6,0.074,130,0,True,144,0,0,0,241,0.495,14,855,0.616,52.98,True,True,False,0,0.6665,1.16,False,1.92,110.5684814453125,53.371498107910156,79.43915176391602,146.23434867491136,0.483,mirror_x0,0.747,0.529,0.232,360,0.63,0.6,0.127,35,0.036,,,,,,,,,,,0,,1,4,4,1,0,,main,engine_0|laserpoint_centerFront|laserpoint_centerRear|laserpoint_leftRearOuter|laserpoint_rightRearOuter|light_position
pet-8,pet,942,1370,637,2.151,1485,62,1,6,6,0.076,128,0,True,144,0,0,0,235,0.499,10,825,0.615,52.97,True,True,False,0,0.6128,1.18,False,1.87,65.01985549926758,48.69905090332031,79.43915176391602,113.62111599962526,0.613,mirror_x0,0.708,0.506,0.285,342,0.637,0.582,0.145,29,0.031,,,,,,,,,,,0,,1,4,4,1,0,,main,engine_0|laserpoint_centerFront|laserpoint_centerRear|laserpoint_leftRearOuter|laserpoint_rightRearOuter|light_position
pet-7,pet,710,918,473,1.941,1121,43,1,6,6,0.101,90,0,True,112,0,0,0,139,0.392,2,608,0.603,51.42,True,True,False,0,0.5465,1.06,False,1.75,65.01985549926758,48.69905090332031,79.43915176391602,113.62111599962526,0.613,mirror_xc,0.839,0.345,0.085,259,0.635,0.514,0.162,14,0.02,0.0,0.0,,,,ship,128,128,256,diffuse+glow+normal+specular,12,512,1,4,4,1,0,92.3,main,engine_0|laserpoint_centerFront|laserpoint_centerRear|laserpoint_leftRearOuter|laserpoint_rightRearOuter|light_position
pet-6,pet,674,858,433,1.982,1053,37,1,4,4,0.107,84,0,True,84,0,0,0,133,0.395,2,586,0.605,50.73,True,True,False,0,0.5181,1.01,False,1.74,39.0717658996582,48.69905090332031,70.9101333618164,94.4798786133453,0.687,mirror_x0,0.797,0.329,0.298,245,0.636,0.518,0.168,11,0.016,,,,,,,,,,,0,,1,4,4,1,0,,main,engine_0|laserpoint_centerFront|laserpoint_centerRear|light_position
pet-cyborg,pet,628,993,364,2.728,964,18,4,0,0,0.347,26,0,True,44,0,0,0,209,0.666,15,491,0.534,40.66,True,True,False,0,0.9515,7.33,True,1.28,44.11259841918945,18.38249969482422,40.80030059814453,62.837108170426184,0.417,mirror_x0,1.0,0.326,0.279,345,0.451,0.551,0.245,4,0.006,,,,,,,,,,diffuse+glow+normal+specular,12,512,3,6,6,0,0,,cyborg_pet_lowpoly|laserpint_leftFrontInner|engine_0|Laserpoint_rightFrontInner,
pet-5,pet,552,716,357,2.006,863,31,1,3,3,0.098,62,0,True,70,0,0,0,105,0.38,2,488,0.615,52.24,True,True,False,0,0.4682,0.98,False,1.77,39.0717658996582,48.69905090332031,70.9101333618164,94.4798786133453,0.687,mirror_x0,0.838,0.25,0.295,207,0.625,0.58,0.165,2,0.004,,,,,,,,,,,0,,1,4,4,1,0,,main,engine_0|laserpoint_centerFront|light_position
pet-4,pet,520,668,333,2.006,815,27,1,3,3,0.104,52,0,True,70,0,0,0,105,0.404,2,452,0.607,50.74,True,True,False,0,0.422,0.91,False,1.72,39.0717658996582,31.29905891418457,70.9101333618164,86.80138819639855,0.441,mirror_xc,0.82,0.271,0.252,199,0.617,0.558,0.167,3,0.006,0.0,0.0,,,,ship,128,128,256,diffuse+glow+normal+specular,12,512,1,4,4,1,0,126.0,main,engine_0|laserpoint_centerFront|light_position
pet-3,pet,436,548,279,1.964,685,22,1,3,3,0.124,37,0,True,62,0,0,0,79,0.362,2,385,0.618,50.58,True,True,False,0,0.3303,0.95,False,1.79,39.0717658996582,29.795562744140625,70.9101333618164,86.2706523862449,0.42,mirror_xc,0.792,0.257,0.17,182,0.583,0.593,0.195,2,0.005,,,,,,,,,,,0,,1,4,4,1,0,,main,engine_0|laserpoint_centerFront|light_position
pet-2,pet,352,416,221,1.882,547,18,1,3,3,0.153,23,0,True,38,0,0,0,64,0.364,2,317,0.623,50.02,True,True,False,0,0.2569,0.86,False,1.6,25.541301727294922,29.795562744140625,55.86760330200195,68.27388045127213,0.533,mirror_x0,0.729,0.29,0.216,178,0.494,0.719,0.276,2,0.006,,,,,,,,,,,0,,1,4,4,1,0,,main,engine_0|laserpoint_centerFront|light_position
pet-1,pet,264,308,164,1.878,413,12,1,3,0,0.205,14,0,True,34,0,0,0,39,0.295,0,230,0.607,48.89,True,True,False,0,0.1976,0.92,False,1.64,25.541301727294922,29.795562744140625,47.21344184875488,61.394158878271945,0.631,mirror_xc,0.634,0.386,0.205,129,0.511,0.76,0.269,0,0.0,0.0,0.0,,,,ship_small,64,64,128,diffuse+glow+normal+specular,12,512,1,4,4,1,0,62.1,pet_upgrade_1,
jumpgate-crushed,portal/baliza,2493,2805,1618,1.734,3885,149,2,0,2,0.036,149,0,True,291,0,0,0,750,0.602,57,2115,0.588,52.1,False,True,False,3,0.7802,1.27,False,1.94,180.23799896240234,479.83457946777344,350.3123321533203,620.8427256412723,1.37,mirror_y0,0.014,0.504,0.34,929,0.627,0.811,0.14,133,0.053,0.75,0.8687,416.8,0.189,5.08,building,256,512,1024,diffuse+normal+specular,9,512,13,4,4,0,0,420.6,jumpgate-crushed_animated|jumpgate-crushed,Material1|jumpgate-crushed
galaxygate-kappa,portal/baliza,2404,2704,1494,1.81,3700,117,1,0,1,0.146,327,0,True,196,4,0,0,455,0.379,12,1882,0.538,50.77,False,True,False,0,0.8853,4.04,False,1.84,252.789306640625,547.701904296875,547.9760131835938,814.9586005110059,0.999,mirror_y0,0.979,0.5,0.136,753,0.687,0.531,0.125,3,0.001,0.7,0.8108,444.3,0.018,59.24,building,256,512,1024,diffuse+glow+normal+specular,12,512,0,,,0,0,436.2,galaxygate_kappa,galaxygate_kappa
eventgate-highscore,portal/baliza,2402,4874,1414,3.447,3783,36,1,0,1,0.083,51,4,True,360,0,0,0,891,0.742,48,1259,0.368,29.81,False,True,False,0,0.8388,2.06,False,1.98,703.913818359375,321.0203857421875,330.4859924316406,841.2905223125151,0.456,mirror_z0,0.051,0.514,0.624,1055,0.561,0.64,0.213,60,0.025,0.9,1.0424,733.8,0.033,27.21,building,256,512,1024,alpha+diffuse+glow+normal+specular,15,512,2,29,29,0,4,436.5,eventgate_highscore,eventgate_highscore
galaxygate-cronos,portal/baliza,2036,3202,1296,2.471,3196,107,1,0,1,0.1,164,0,True,284,0,0,0,663,0.651,38,1633,0.561,48.42,False,True,False,0,0.8389,1.49,False,1.39,385.1014099121094,519.7401123046875,458.2183837890625,792.7149345742416,1.134,mirror_z0,0.282,0.439,0.191,700,0.656,0.499,0.127,58,0.028,0.7,0.8108,421.4,0.079,19.68,building,256,512,1024,diffuse+glow+normal+specular,12,512,2,6,6,0,0,515.0,galaxygate_cronos,galaxygate_cronos
eventgate-soccer,portal/baliza,2018,4266,1206,3.537,3113,76,1,0,1,0.12,209,2,True,172,0,0,0,726,0.72,64,1462,0.497,43.98,False,True,False,0,0.8873,1.8,False,1.88,121.91600036621094,145.04119873046875,98.56060028076172,213.57587036500487,1.19,mirror_z0,0.685,0.9,0.206,751,0.628,0.378,0.105,124,0.061,2.0,2.3164,336.0,0.102,12.94,building,256,512,1024,diffuse+glow+normal+specular,12,512,3,4,4,0,0,519.6,eventgate_soccer,eventgate_soccer
galaxygate-alfa,portal/baliza,2010,2340,1188,1.97,3142,61,1,0,1,0.271,130,0,True,254,0,0,0,640,0.637,52,1344,0.465,36.68,False,True,False,0,0.7991,2.11,False,1.3,39.43317413330078,498.1385803222656,567.8643188476562,756.4171501546101,0.877,mirror_z0,0.929,0.5,0.362,835,0.585,0.394,0.2,8,0.004,0.65,0.7528,427.5,0.037,23.31,building,256,512,1024,diffuse+glow+normal+specular,12,512,0,,,0,0,521.7,galaxygate_alfa,galaxygate_alfa
galaxygate-beta,portal/baliza,2000,2882,1264,2.28,3160,86,1,0,1,0.112,278,0,True,328,8,0,0,811,0.811,86,1352,0.479,43.23,False,True,False,0,0.8314,1.75,False,1.01,43.95215034484863,487.1013488769531,487.1013488769531,690.2660644095366,1.0,mirror_y0,0.938,0.501,0.324,843,0.579,0.585,0.21,13,0.006,0.7,0.8108,394.9,0.025,22.26,building,256,512,1024,diffuse+glow+normal+specular,12,512,2,29,29,0,0,524.3,galaxygate_beta,galaxygate_beta
galaxygate-epsilon,portal/baliza,1992,2163,1150,1.881,3076,65,1,0,1,0.365,146,0,True,176,0,0,0,297,0.298,29,1197,0.413,40.91,False,True,False,0,0.8255,1.04,False,1.23,348.6834716796875,585.6243896484375,586.1851806640625,898.9711648344812,0.999,mirror_z0,0.207,0.497,0.164,507,0.745,0.333,0.116,38,0.019,0.7,0.8108,475.3,0.008,103.94,building,256,512,1024,diffuse+glow+normal+specular,12,512,1,16,16,0,0,526.4,galaxygate_epsilon,galaxygate_epsilon
jumpgate-pirate,portal/baliza,1991,2223,1256,1.77,3159,89,1,0,1,0.072,151,0,True,345,0,0,0,711,0.714,40,1466,0.521,44.32,False,True,False,0,0.8531,1.28,False,1.83,192.07373046875,518.9495239257812,498.75347900390625,744.9536624096005,1.04,mirror_y0,0.014,0.493,0.524,757,0.62,0.638,0.132,113,0.057,0.7,0.8108,420.8,0.113,18.14,building,256,512,1024,diffuse+glow+normal+specular,12,512,24,4,18,0,0,526.7,jumpgate_pirate,jumpgate_pirate
galaxygate-delta,portal/baliza,1988,2403,1242,1.935,3114,82,1,0,1,0.058,134,36,True,312,0,16,0,752,0.763,118,1118,0.399,38.43,False,True,False,0,0.8145,1.97,False,1.16,29.377065658569336,524.6121826171875,367.9517517089844,641.4588417995244,1.426,mirror_zc,0.928,0.555,0.31,776,0.61,0.586,0.203,108,0.054,0.8,0.9266,486.1,0.028,23.75,building,256,512,1024,diffuse+glow+normal+specular,12,512,0,,,0,0,527.5,galaxygate_delta,galaxygate_delta
galaxygate-hades,portal/baliza,1982,2890,1507,1.918,2905,241,1,0,1,0.081,380,48,True,144,140,0,220,304,0.307,2,1757,0.67,90.48,False,True,False,0,0.8646,1.87,False,1.35,316.31158447265625,505.2541198730469,505.25408935546875,781.4195025277483,1.0,mirror_y0,0.109,0.499,0.394,797,0.598,0.679,0.115,4,0.002,0.65,0.7528,380.4,0.039,16.57,building,256,512,1024,diffuse+glow+normal+specular,12,512,1,20,20,0,0,529.0,galaxygate_hades,galaxygate_hades
galaxygate-gamma,portal/baliza,1962,2988,1122,2.663,2964,67,1,0,1,0.065,100,0,True,42,0,0,0,911,0.929,88,1509,0.516,45.51,False,True,False,0,0.7952,2.0,False,1.29,61.68305206298828,552.6135864257812,503.6490173339844,750.2325689249019,1.097,mirror_z0,0.964,0.598,0.408,802,0.591,0.771,0.196,45,0.023,0.65,0.7528,416.0,0.042,13.48,building,256,512,1024,diffuse+glow+normal+specular,12,512,0,,,0,0,534.4,galaxygate_gamma,galaxygate_gamma
eventgate-team,portal/baliza,1898,3864,1088,3.551,2929,53,1,0,1,0.126,208,0,True,164,0,0,0,658,0.693,28,1176,0.425,39.92,False,True,False,0,0.8519,2.32,False,2.31,75.01239776611328,345.87139892578125,349.3765869140625,497.3106513007921,0.99,mirror_y0,0.201,0.463,0.411,754,0.603,0.477,0.199,28,0.015,1.0,1.1582,404.6,0.022,45.23,building,256,512,1024,diffuse+glow+normal+specular,12,512,4,20,41,0,0,552.5,eventgate_team,eventgate_team
jumpgate-regular,portal/baliza,1872,1740,1296,1.343,3024,109,1,0,1,0.462,256,0,True,432,0,0,0,638,0.682,84,1176,0.454,33.88,False,True,False,0,0.7868,1.95,False,1.35,73.71587371826172,517.4461669921875,517.4461059570312,735.4828606725304,1.0,mirror_z0,1.0,0.495,0.24,602,0.678,0.703,0.155,52,0.028,0.6,0.6949,359.6,0.062,16.81,building,256,512,1024,diffuse+glow+normal+specular,12,512,0,,,0,0,560.1,jumpgate_regular,jumpgate_regular
eventgate-birthday,portal/baliza,1866,4118,1267,3.25,3018,99,1,0,1,0.09,221,48,True,438,0,0,0,704,0.755,70,1083,0.42,37.04,False,True,False,0,0.8974,2.6,False,1.84,59.41960144042969,373.4010009765625,392.9822082519531,545.3384385573969,0.95,mirror_z0,0.905,0.543,0.194,773,0.586,0.616,0.219,24,0.013,0.8,0.9266,364.1,0.044,18.74,building,256,512,1024,diffuse+glow+normal+specular,12,512,47,4,28,0,24,561.9,eventgate_birthday,eventgate_birthday
eventgate-pvp1,portal/baliza,1862,2630,1142,2.303,2925,76,1,0,1,0.329,127,0,True,264,0,0,0,782,0.84,27,1272,0.478,41.85,False,True,False,0,0.8952,1.4,False,1.33,61.43110656738281,384.7015380859375,408.2097473144531,564.2732069328729,0.942,mirror_x0,0.452,0.505,0.207,689,0.63,0.448,0.171,81,0.044,,,,,,,,,,diffuse+glow+normal+specular,12,512,7,3,3,0,0,,eventgate_pvp1,eventgate_pvp1
eventgate-invasion,portal/baliza,1796,1804,1002,1.8,2775,24,1,0,0,0.425,29,0,True,162,0,0,0,624,0.695,35,1142,0.437,32.49,False,True,False,0,0.8622,0.93,False,1.03,111.94210433959961,591.6652221679688,531.9044189453125,803.4432654149266,1.112,mirror_z0,0.931,0.618,0.224,625,0.652,0.234,0.173,33,0.018,,,,,,,,,,alpha+diffuse+glow+normal+specular,15,512,0,,,0,0,,main,
eventgate-pvp2,portal/baliza,1776,2165,1094,1.979,2753,81,1,0,1,0.241,187,0,True,178,0,0,0,705,0.794,31,1167,0.453,44.03,False,True,False,0,0.881,1.05,False,2.11,65.67259216308594,451.67730712890625,523.30126953125,694.3842580514461,0.863,mirror_x0,0.066,0.546,0.053,583,0.672,0.521,0.162,150,0.084,,,,,,,,,,diffuse+glow+normal+specular,12,512,1,20,20,0,0,,eventgate_pvp2,eventgate_pvp2
eventgate-invasion-1,portal/baliza,1764,3644,1002,3.637,2743,25,1,0,0,0.433,30,2,True,194,0,0,0,608,0.689,35,1102,0.432,31.98,False,True,False,0,0.7976,1.7,False,1.88,111.94219970703125,591.6651000976562,531.9044189453125,803.4431888082498,1.112,mirror_z0,0.931,0.611,0.23,631,0.642,0.228,0.175,31,0.018,0.6,0.6949,411.1,0.04,41.18,building,256,512,1024,alpha+diffuse+glow+normal+specular,15,512,0,,,0,2,594.4,main,
eventgate-invasion-2,portal/baliza,1764,3644,1002,3.637,2743,25,1,0,0,0.433,30,2,True,194,0,0,0,608,0.689,35,1102,0.432,31.98,False,True,False,0,0.7979,1.7,False,1.88,111.94219970703125,591.6652221679688,531.9044189453125,803.443278702281,1.112,mirror_z0,0.931,0.611,0.23,626,0.645,0.228,0.174,29,0.016,0.6,0.6949,411.1,0.04,41.18,building,256,512,1024,alpha+diffuse+glow+normal+specular,15,512,0,,,0,2,594.4,main,
eventgate-invasion-3,portal/baliza,1764,3644,1002,3.637,2743,25,1,0,0,0.433,30,2,True,194,0,0,0,608,0.689,35,1102,0.432,31.98,False,True,False,0,0.8011,1.7,False,1.88,111.94219970703125,591.6652221679688,531.9044189453125,803.443278702281,1.112,mirror_z0,0.931,0.611,0.23,626,0.645,0.233,0.175,30,0.017,0.6,0.6949,411.1,0.04,41.18,building,256,512,1024,alpha+diffuse+glow+normal+specular,15,512,0,,,0,2,594.4,main,
galaxygate-lambda,portal/baliza,1710,2222,1212,1.833,2748,142,1,0,1,0.084,238,0,True,366,0,0,0,734,0.858,37,1320,0.554,56.07,False,True,False,0,0.811,1.69,False,1.4,349.19219970703125,566.3943481445312,566.0278930664062,873.5704468876559,1.001,mirror_y0,0.139,0.5,0.255,640,0.626,0.766,0.187,53,0.031,0.65,0.7528,426.4,0.013,53.33,building,256,512,1024,diffuse+glow+normal+specular,12,512,4,18,18,0,0,613.2,galaxygate_lambda,galaxygate_lambda
eventgate-domination,portal/baliza,1499,3231,1069,3.022,2456,82,1,0,1,0.032,201,6,True,415,0,0,0,545,0.727,89,1006,0.493,38.27,False,True,False,0,0.9209,2.93,False,1.55,173.96359252929688,404.50079345703125,430.1521911621094,615.5608263970596,0.94,mirror_z0,0.225,0.386,0.093,630,0.58,0.61,0.155,39,0.026,0.9,1.0424,448.4,0.018,30.36,building,256,512,1024,alpha+diffuse+glow+normal+specular,15,512,7,6,6,0,0,699.5,eventgate_domination,eventgate_domination
streuner-gate,portal/baliza,1234,996,848,1.175,2073,23,2,0,0,0.227,64,0,True,444,0,0,0,444,0.72,19,468,0.287,25.04,False,True,False,0,0.7771,2.25,False,1.86,282.9138946533203,138.7147970199585,209.07530212402344,378.1462001110814,0.49,mirror_xc,0.583,0.254,0.377,516,0.582,0.411,0.21,39,0.032,,,,,,,,,,alpha+diffuse+glow+normal+specular,15,512,3,28,28,0,0,,Object117|ring,
galaxygate-zeta,portal/baliza,1073,1095,603,1.816,1609,33,1,0,1,0.105,132,0,True,11,0,4,0,185,0.346,49,707,0.442,44.9,False,True,False,0,0.8429,0.74,False,1.22,216.12533569335938,520.7745971679688,607.6937866210938,828.980144564338,0.857,mirror_z0,1.0,0.354,0.091,368,0.657,0.592,0.156,43,0.04,0.8,0.9266,563.1,0.04,87.72,building,256,512,1024,diffuse+glow+normal+specular,12,512,0,,,0,0,977.2,galaxygate_zeta,galaxygate_zeta
beacon-animated,portal/baliza,348,772,188,4.106,475,13,9,0,3,0.161,23,0,True,26,60,0,40,61,0.351,3,211,0.542,43.71,True,True,False,0,0.8035,1.55,False,1.38,66.5062026977539,304.01739501953125,42.14360046386719,314.0473444113077,4.571,mirror_z0,0.628,0.437,0.307,142,0.592,0.606,0.201,61,0.175,1.4,1.6215,493.0,0.0,103.64,building,256,512,1024,normal+specular,6,512,0,,,0,0,3013.1,leg3|leg0|beacon|leg1|leg2|<orphan:geometry>|<orphan:geometry>|<orphan:geometry>|<orphan:geometry>,beacon_capture_domination|feet01|feet03
z-gate-asteroid,portal/baliza,304,557,154,3.617,456,1,1,0,0,1.0,0,0,False,0,0,0,0,16,0.105,0,235,0.515,48.98,True,True,False,0,0.8381,0.69,False,1.12,143.0004997253418,153.4241943359375,150.68270111083984,258.2506587472483,1.018,mirror_xc,0.026,0.477,0.105,119,0.609,0.63,0.23,0,0.0,,,,,,,,,,diffuse+glow+normal+specular,12,512,0,,,0,0,,Object002,
beacon-static,portal/baliza,268,596,164,3.634,415,11,1,0,0,0.209,12,0,True,26,0,0,0,61,0.455,3,211,0.542,43.71,True,True,False,0,0.8035,1.29,False,1.36,66.5062026977539,304.01739501953125,42.14360046386719,314.0473444113077,4.571,mirror_z0,0.695,0.537,0.384,133,0.504,0.609,0.239,2,0.007,1.4,1.6215,493.0,0.0,108.91,building,256,512,1024,normal+specular,6,512,0,,,0,0,3912.6,main,
beacon-tdm-entrance,portal/baliza,208,482,129,3.736,320,10,1,0,1,0.269,10,0,True,16,0,0,0,39,0.375,3,163,0.536,47.65,False,True,False,0,0.63,1.43,False,1.33,91.85780334472656,157.22000122070312,57.16859817504883,190.85133857653852,1.712,mirror_z0,0.953,0.606,0.221,105,0.495,0.61,0.264,8,0.038,1.5,1.7373,273.1,0.029,129.23,building_small,128,256,512,diffuse+glow+normal+specular,12,512,0,,,0,0,1260.3,beacon_capture_tdm,beacon_capture_tdm
