file,asset,channel,name_size,width,height,mips,format,format_id,cube,bytes
aegis-eic-elite_diffuse_128.atf,aegis-eic-elite,diffuse,128,128,128,8,COMPRESSED(DXT1/PVRTC/ETC1),2,False,11192
aegis-eic-elite_diffuse_256.atf,aegis-eic-elite,diffuse,256,256,256,9,COMPRESSED(DXT1/PVRTC/ETC1),2,False,37144
aegis-eic-elite_diffuse_512.atf,aegis-eic-elite,diffuse,512,512,512,10,COMPRESSED(DXT1/PVRTC/ETC1),2,False,133565
aegis-eic-veteran_diffuse_128.atf,aegis-eic-veteran,diffuse,128,128,128,8,COMPRESSED(DXT1/PVRTC/ETC1),2,False,11909
aegis-eic-veteran_diffuse_256.atf,aegis-eic-veteran,diffuse,256,256,256,9,COMPRESSED(DXT1/PVRTC/ETC1),2,False,39558
aegis-eic-veteran_diffuse_512.atf,aegis-eic-veteran,diffuse,512,512,512,10,COMPRESSED(DXT1/PVRTC/ETC1),2,False,139598
aegis-eic_diffuse_128.atf,aegis-eic,diffuse,128,128,128,8,COMPRESSED(DXT1/PVRTC/ETC1),2,False,11287
aegis-eic_diffuse_256.atf,aegis-eic,diffuse,256,256,256,9,COMPRESSED(DXT1/PVRTC/ETC1),2,False,37564
aegis-eic_diffuse_512.atf,aegis-eic,diffuse,512,512,512,10,COMPRESSED(DXT1/PVRTC/ETC1),2,False,136515
aegis-elite-mmo_glow_128.atf,aegis-elite-mmo,glow,128,128,128,8,COMPRESSED(DXT1/PVRTC/ETC1),2,False,6045
aegis-elite-mmo_glow_256.atf,aegis-elite-mmo,glow,256,256,256,9,COMPRESSED(DXT1/PVRTC/ETC1),2,False,13887
aegis-elite-mmo_glow_512.atf,aegis-elite-mmo,glow,512,512,512,10,COMPRESSED(DXT1/PVRTC/ETC1),2,False,37004
aegis-elite_design_a-elite-blaze_diffuse_128.atf,aegis-elite_design_a-elite-blaze,diffuse,128,128,128,8,COMPRESSED(DXT1/PVRTC/ETC1),2,False,12527
aegis-elite_design_a-elite-blaze_diffuse_256.atf,aegis-elite_design_a-elite-blaze,diffuse,256,256,256,9,COMPRESSED(DXT1/PVRTC/ETC1),2,False,40401
aegis-elite_design_a-elite-blaze_diffuse_512.atf,aegis-elite_design_a-elite-blaze,diffuse,512,512,512,10,COMPRESSED(DXT1/PVRTC/ETC1),2,False,142213
aegis-elite_design_a-elite-lava_diffuse_128.atf,aegis-elite_design_a-elite-lava,diffuse,128,128,128,8,COMPRESSED(DXT1/PVRTC/ETC1),2,False,10597
aegis-elite_design_a-elite-lava_diffuse_256.atf,aegis-elite_design_a-elite-lava,diffuse,256,256,256,9,COMPRESSED(DXT1/PVRTC/ETC1),2,False,33953
aegis-elite_design_a-elite-lava_diffuse_512.atf,aegis-elite_design_a-elite-lava,diffuse,512,512,512,10,COMPRESSED(DXT1/PVRTC/ETC1),2,False,118740
aegis-elite_design_a-elite-lava_glow_128.atf,aegis-elite_design_a-elite-lava,glow,128,128,128,8,COMPRESSED(DXT1/PVRTC/ETC1),2,False,4824
aegis-elite_design_a-elite-lava_glow_256.atf,aegis-elite_design_a-elite-lava,glow,256,256,256,9,COMPRESSED(DXT1/PVRTC/ETC1),2,False,9317
aegis-elite_design_a-elite-lava_glow_512.atf,aegis-elite_design_a-elite-lava,glow,512,512,512,10,COMPRESSED(DXT1/PVRTC/ETC1),2,False,19118
aegis-elite_design_a-elite-legend_diffuse_128.atf,aegis-elite_design_a-elite-legend,diffuse,128,128,128,8,COMPRESSED(DXT1/PVRTC/ETC1),2,False,11683
aegis-elite_design_a-elite-legend_diffuse_256.atf,aegis-elite_design_a-elite-legend,diffuse,256,256,256,9,COMPRESSED(DXT1/PVRTC/ETC1),2,False,38328
aegis-elite_design_a-elite-legend_diffuse_512.atf,aegis-elite_design_a-elite-legend,diffuse,512,512,512,10,COMPRESSED(DXT1/PVRTC/ETC1),2,False,135496
aegis-elite_design_a-elite-legend_glow_128.atf,aegis-elite_design_a-elite-legend,glow,128,128,128,8,COMPRESSED(DXT1/PVRTC/ETC1),2,False,11567
aegis-elite_design_a-elite-legend_glow_256.atf,aegis-elite_design_a-elite-legend,glow,256,256,256,9,COMPRESSED(DXT1/PVRTC/ETC1),2,False,34208
aegis-elite_design_a-elite-legend_glow_512.atf,aegis-elite_design_a-elite-legend,glow,512,512,512,10,COMPRESSED(DXT1/PVRTC/ETC1),2,False,104253
aegis-elite_design_a-elite-ocean_diffuse_128.atf,aegis-elite_design_a-elite-ocean,diffuse,128,128,128,8,COMPRESSED(DXT1/PVRTC/ETC1),2,False,12374
aegis-elite_design_a-elite-ocean_diffuse_256.atf,aegis-elite_design_a-elite-ocean,diffuse,256,256,256,9,COMPRESSED(DXT1/PVRTC/ETC1),2,False,39857
aegis-elite_design_a-elite-ocean_diffuse_512.atf,aegis-elite_design_a-elite-ocean,diffuse,512,512,512,10,COMPRESSED(DXT1/PVRTC/ETC1),2,False,139924
aegis-elite_design_a-elite-poison_diffuse_128.atf,aegis-elite_design_a-elite-poison,diffuse,128,128,128,8,COMPRESSED(DXT1/PVRTC/ETC1),2,False,12481
aegis-elite_design_a-elite-poison_diffuse_256.atf,aegis-elite_design_a-elite-poison,diffuse,256,256,256,9,COMPRESSED(DXT1/PVRTC/ETC1),2,False,40131
aegis-elite_design_a-elite-poison_diffuse_512.atf,aegis-elite_design_a-elite-poison,diffuse,512,512,512,10,COMPRESSED(DXT1/PVRTC/ETC1),2,False,140633
aegis-elite_design_a-elite-poison_glow_128.atf,aegis-elite_design_a-elite-poison,glow,128,128,128,8,COMPRESSED(DXT1/PVRTC/ETC1),2,False,6264
aegis-elite_design_a-elite-poison_glow_256.atf,aegis-elite_design_a-elite-poison,glow,256,256,256,9,COMPRESSED(DXT1/PVRTC/ETC1),2,False,13830
aegis-elite_design_a-elite-poison_glow_512.atf,aegis-elite_design_a-elite-poison,glow,512,512,512,10,COMPRESSED(DXT1/PVRTC/ETC1),2,False,33660
aegis-elite_design_a-elite-sandstorm_diffuse_128.atf,aegis-elite_design_a-elite-sandstorm,diffuse,128,128,128,8,COMPRESSED(DXT1/PVRTC/ETC1),2,False,12306
aegis-elite_design_a-elite-sandstorm_diffuse_256.atf,aegis-elite_design_a-elite-sandstorm,diffuse,256,256,256,9,COMPRESSED(DXT1/PVRTC/ETC1),2,False,39169
aegis-elite_design_a-elite-sandstorm_diffuse_512.atf,aegis-elite_design_a-elite-sandstorm,diffuse,512,512,512,10,COMPRESSED(DXT1/PVRTC/ETC1),2,False,136039
aegis-elite_design_a-elite-sandstorm_glow_128.atf,aegis-elite_design_a-elite-sandstorm,glow,128,128,128,8,COMPRESSED(DXT1/PVRTC/ETC1),2,False,6448
aegis-elite_design_a-elite-sandstorm_glow_256.atf,aegis-elite_design_a-elite-sandstorm,glow,256,256,256,9,COMPRESSED(DXT1/PVRTC/ETC1),2,False,14500
aegis-elite_design_a-elite-sandstorm_glow_512.atf,aegis-elite_design_a-elite-sandstorm,glow,512,512,512,10,COMPRESSED(DXT1/PVRTC/ETC1),2,False,35589
aegis-elite_normal_128.atf,aegis-elite,normal,128,128,128,8,COMPRESSED(DXT1/PVRTC/ETC1),2,False,11955
aegis-elite_normal_256.atf,aegis-elite,normal,256,256,256,9,COMPRESSED(DXT1/PVRTC/ETC1),2,False,39148
aegis-elite_normal_512.atf,aegis-elite,normal,512,512,512,10,COMPRESSED(DXT1/PVRTC/ETC1),2,False,132759
aegis-elite_specular_128.atf,aegis-elite,specular,128,128,128,8,COMPRESSED(DXT1/PVRTC/ETC1),2,False,9692
aegis-elite_specular_256.atf,aegis-elite,specular,256,256,256,9,COMPRESSED(DXT1/PVRTC/ETC1),2,False,32989
aegis-elite_specular_512.atf,aegis-elite,specular,512,512,512,10,COMPRESSED(DXT1/PVRTC/ETC1),2,False,123402
aegis-mmo-elite_diffuse_128.atf,aegis-mmo-elite,diffuse,128,128,128,8,COMPRESSED(DXT1/PVRTC/ETC1),2,False,11364
aegis-mmo-elite_diffuse_256.atf,aegis-mmo-elite,diffuse,256,256,256,9,COMPRESSED(DXT1/PVRTC/ETC1),2,False,36790
aegis-mmo-elite_diffuse_512.atf,aegis-mmo-elite,diffuse,512,512,512,10,COMPRESSED(DXT1/PVRTC/ETC1),2,False,129086
aegis-mmo-veteran_diffuse_128.atf,aegis-mmo-veteran,diffuse,128,128,128,8,COMPRESSED(DXT1/PVRTC/ETC1),2,False,12832
aegis-mmo-veteran_diffuse_256.atf,aegis-mmo-veteran,diffuse,256,256,256,9,COMPRESSED(DXT1/PVRTC/ETC1),2,False,42167
aegis-mmo-veteran_diffuse_512.atf,aegis-mmo-veteran,diffuse,512,512,512,10,COMPRESSED(DXT1/PVRTC/ETC1),2,False,147364
aegis-mmo_diffuse_128.atf,aegis-mmo,diffuse,128,128,128,8,COMPRESSED(DXT1/PVRTC/ETC1),2,False,11343
aegis-mmo_diffuse_256.atf,aegis-mmo,diffuse,256,256,256,9,COMPRESSED(DXT1/PVRTC/ETC1),2,False,36778
aegis-mmo_diffuse_512.atf,aegis-mmo,diffuse,512,512,512,10,COMPRESSED(DXT1/PVRTC/ETC1),2,False,130646
aegis-mmo_specular_128.atf,aegis-mmo,specular,128,128,128,8,COMPRESSED(DXT1/PVRTC/ETC1),2,False,10977
aegis-mmo_specular_256.atf,aegis-mmo,specular,256,256,256,9,COMPRESSED(DXT1/PVRTC/ETC1),2,False,37280
aegis-mmo_specular_512.atf,aegis-mmo,specular,512,512,512,10,COMPRESSED(DXT1/PVRTC/ETC1),2,False,136563
aegis-repair-cross_diffuse_128.atf,aegis-repair-cross,diffuse,128,128,128,8,COMPRESSED(DXT1/PVRTC/ETC1),2,False,8749
aegis-repair-cross_diffuse_256.atf,aegis-repair-cross,diffuse,256,256,256,9,COMPRESSED(DXT1/PVRTC/ETC1),2,False,21975
aegis-repair-cross_diffuse_512.atf,aegis-repair-cross,diffuse,512,512,512,10,COMPRESSED(DXT1/PVRTC/ETC1),2,False,57475
aegis-repair-cross_glow_128.atf,aegis-repair-cross,glow,128,128,128,8,COMPRESSED(DXT1/PVRTC/ETC1),2,False,8777
aegis-repair-cross_glow_256.atf,aegis-repair-cross,glow,256,256,256,9,COMPRESSED(DXT1/PVRTC/ETC1),2,False,21987
aegis-repair-cross_glow_512.atf,aegis-repair-cross,glow,512,512,512,10,COMPRESSED(DXT1/PVRTC/ETC1),2,False,57926
aegis-repair-cross_normal_128.atf,aegis-repair-cross,normal,128,128,128,8,COMPRESSED(DXT1/PVRTC/ETC1),2,False,8484
aegis-repair-cross_normal_256.atf,aegis-repair-cross,normal,256,256,256,9,COMPRESSED(DXT1/PVRTC/ETC1),2,False,24118
aegis-repair-cross_normal_512.atf,aegis-repair-cross,normal,512,512,512,10,COMPRESSED(DXT1/PVRTC/ETC1),2,False,75956
aegis-veteran_glow_128.atf,aegis-veteran,glow,128,128,128,8,COMPRESSED(DXT1/PVRTC/ETC1),2,False,4174
aegis-veteran_glow_256.atf,aegis-veteran,glow,256,256,256,9,COMPRESSED(DXT1/PVRTC/ETC1),2,False,8521
aegis-veteran_glow_512.atf,aegis-veteran,glow,512,512,512,10,COMPRESSED(DXT1/PVRTC/ETC1),2,False,20009
aegis-veteran_normal_128.atf,aegis-veteran,normal,128,128,128,8,COMPRESSED(DXT1/PVRTC/ETC1),2,False,11926
aegis-veteran_normal_256.atf,aegis-veteran,normal,256,256,256,9,COMPRESSED(DXT1/PVRTC/ETC1),2,False,38791
aegis-veteran_normal_512.atf,aegis-veteran,normal,512,512,512,10,COMPRESSED(DXT1/PVRTC/ETC1),2,False,130665
aegis-veteran_specular_128.atf,aegis-veteran,specular,128,128,128,8,COMPRESSED(DXT1/PVRTC/ETC1),2,False,9739
aegis-veteran_specular_256.atf,aegis-veteran,specular,256,256,256,9,COMPRESSED(DXT1/PVRTC/ETC1),2,False,32806
aegis-veteran_specular_512.atf,aegis-veteran,specular,512,512,512,10,COMPRESSED(DXT1/PVRTC/ETC1),2,False,122917
aegis-vru-elite_diffuse_128.atf,aegis-vru-elite,diffuse,128,128,128,8,COMPRESSED(DXT1/PVRTC/ETC1),2,False,11300
aegis-vru-elite_diffuse_256.atf,aegis-vru-elite,diffuse,256,256,256,9,COMPRESSED(DXT1/PVRTC/ETC1),2,False,36777
aegis-vru-elite_diffuse_512.atf,aegis-vru-elite,diffuse,512,512,512,10,COMPRESSED(DXT1/PVRTC/ETC1),2,False,129144
aegis-vru-veteran_diffuse_128.atf,aegis-vru-veteran,diffuse,128,128,128,8,COMPRESSED(DXT1/PVRTC/ETC1),2,False,12530
aegis-vru-veteran_diffuse_256.atf,aegis-vru-veteran,diffuse,256,256,256,9,COMPRESSED(DXT1/PVRTC/ETC1),2,False,41523
aegis-vru-veteran_diffuse_512.atf,aegis-vru-veteran,diffuse,512,512,512,10,COMPRESSED(DXT1/PVRTC/ETC1),2,False,145411
aegis-vru_diffuse_128.atf,aegis-vru,diffuse,128,128,128,8,COMPRESSED(DXT1/PVRTC/ETC1),2,False,10937
aegis-vru_diffuse_256.atf,aegis-vru,diffuse,256,256,256,9,COMPRESSED(DXT1/PVRTC/ETC1),2,False,36035
aegis-vru_diffuse_512.atf,aegis-vru,diffuse,512,512,512,10,COMPRESSED(DXT1/PVRTC/ETC1),2,False,130152
aegis-vru_specular_128.atf,aegis-vru,specular,128,128,128,8,COMPRESSED(DXT1/PVRTC/ETC1),2,False,10695
aegis-vru_specular_256.atf,aegis-vru,specular,256,256,256,9,COMPRESSED(DXT1/PVRTC/ETC1),2,False,37105
aegis-vru_specular_512.atf,aegis-vru,specular,512,512,512,10,COMPRESSED(DXT1/PVRTC/ETC1),2,False,138356
aegis_diffuse_128.atf,aegis,diffuse,128,128,128,8,COMPRESSED(DXT1/PVRTC/ETC1),2,False,10105
aegis_diffuse_256.atf,aegis,diffuse,256,256,256,9,COMPRESSED(DXT1/PVRTC/ETC1),2,False,33805
aegis_diffuse_512.atf,aegis,diffuse,512,512,512,10,COMPRESSED(DXT1/PVRTC/ETC1),2,False,123725
aegis_glow_128.atf,aegis,glow,128,128,128,8,COMPRESSED(DXT1/PVRTC/ETC1),2,False,4644
aegis_glow_256.atf,aegis,glow,256,256,256,9,COMPRESSED(DXT1/PVRTC/ETC1),2,False,10212
aegis_glow_512.atf,aegis,glow,512,512,512,10,COMPRESSED(DXT1/PVRTC/ETC1),2,False,24641
aegis_normal_128.atf,aegis,normal,128,128,128,8,COMPRESSED(DXT1/PVRTC/ETC1),2,False,11887
aegis_normal_256.atf,aegis,normal,256,256,256,9,COMPRESSED(DXT1/PVRTC/ETC1),2,False,38798
aegis_normal_512.atf,aegis,normal,512,512,512,10,COMPRESSED(DXT1/PVRTC/ETC1),2,False,131742
aegis_specular_128.atf,aegis,specular,128,128,128,8,COMPRESSED(DXT1/PVRTC/ETC1),2,False,9701
aegis_specular_256.atf,aegis,specular,256,256,256,9,COMPRESSED(DXT1/PVRTC/ETC1),2,False,33006
aegis_specular_512.atf,aegis,specular,512,512,512,10,COMPRESSED(DXT1/PVRTC/ETC1),2,False,121709
annihilator_diffuse_128.atf,annihilator,diffuse,128,128,128,8,COMPRESSED(DXT1/PVRTC/ETC1),2,False,11142
annihilator_diffuse_256.atf,annihilator,diffuse,256,256,256,9,COMPRESSED(DXT1/PVRTC/ETC1),2,False,35942
annihilator_diffuse_512.atf,annihilator,diffuse,512,512,512,10,COMPRESSED(DXT1/PVRTC/ETC1),2,False,125324
annihilator_glow_128.atf,annihilator,glow,128,128,128,8,COMPRESSED(DXT1/PVRTC/ETC1),2,False,4929
annihilator_glow_256.atf,annihilator,glow,256,256,256,9,COMPRESSED(DXT1/PVRTC/ETC1),2,False,9065
annihilator_glow_512.atf,annihilator,glow,512,512,512,10,COMPRESSED(DXT1/PVRTC/ETC1),2,False,18968
annihilator_normal_128.atf,annihilator,normal,128,128,128,8,COMPRESSED(DXT1/PVRTC/ETC1),2,False,11536
annihilator_normal_256.atf,annihilator,normal,256,256,256,9,COMPRESSED(DXT1/PVRTC/ETC1),2,False,37275
annihilator_normal_512.atf,annihilator,normal,512,512,512,10,COMPRESSED(DXT1/PVRTC/ETC1),2,False,123983
annihilator_specular_128.atf,annihilator,specular,128,128,128,8,COMPRESSED(DXT1/PVRTC/ETC1),2,False,9224
annihilator_specular_256.atf,annihilator,specular,256,256,256,9,COMPRESSED(DXT1/PVRTC/ETC1),2,False,29300
annihilator_specular_512.atf,annihilator,specular,512,512,512,10,COMPRESSED(DXT1/PVRTC/ETC1),2,False,100906
asset-eic-asteroid_diffuse_128.atf,asset-eic-asteroid,diffuse,128,128,128,8,COMPRESSED(DXT1/PVRTC/ETC1),2,False,10659
asset-eic-asteroid_diffuse_256.atf,asset-eic-asteroid,diffuse,256,256,256,9,COMPRESSED(DXT1/PVRTC/ETC1),2,False,36277
asset-eic-asteroid_diffuse_512.atf,asset-eic-asteroid,diffuse,512,512,512,10,COMPRESSED(DXT1/PVRTC/ETC1),2,False,135678
asset-eic-asteroid_normal_128.atf,asset-eic-asteroid,normal,128,128,128,8,COMPRESSED(DXT1/PVRTC/ETC1),2,False,10611
asset-eic-asteroid_normal_256.atf,asset-eic-asteroid,normal,256,256,256,9,COMPRESSED(DXT1/PVRTC/ETC1),2,False,34450
asset-eic-asteroid_normal_512.atf,asset-eic-asteroid,normal,512,512,512,10,COMPRESSED(DXT1/PVRTC/ETC1),2,False,122519
asset-eic-asteroid_specular_128.atf,asset-eic-asteroid,specular,128,128,128,8,COMPRESSED(DXT1/PVRTC/ETC1),2,False,8944
asset-eic-asteroid_specular_256.atf,asset-eic-asteroid,specular,256,256,256,9,COMPRESSED(DXT1/PVRTC/ETC1),2,False,29213
asset-eic-asteroid_specular_512.atf,asset-eic-asteroid,specular,512,512,512,10,COMPRESSED(DXT1/PVRTC/ETC1),2,False,106312
asset-eic-earth_diffuse_1024.atf,asset-eic-earth,diffuse,1024,1024,1024,11,COMPRESSED(DXT1/PVRTC/ETC1),2,False,497839
asset-eic-earth_diffuse_128.atf,asset-eic-earth,diffuse,128,128,128,8,COMPRESSED(DXT1/PVRTC/ETC1),2,False,11110
asset-eic-earth_diffuse_256.atf,asset-eic-earth,diffuse,256,256,256,9,COMPRESSED(DXT1/PVRTC/ETC1),2,False,36718
asset-eic-earth_diffuse_512.atf,asset-eic-earth,diffuse,512,512,512,10,COMPRESSED(DXT1/PVRTC/ETC1),2,False,132952
asset-eic-earth_normal_1024.atf,asset-eic-earth,normal,1024,1024,1024,11,COMPRESSED(DXT1/PVRTC/ETC1),2,False,473322
asset-eic-earth_normal_128.atf,asset-eic-earth,normal,128,128,128,8,COMPRESSED(DXT1/PVRTC/ETC1),2,False,10019
asset-eic-earth_normal_256.atf,asset-eic-earth,normal,256,256,256,9,COMPRESSED(DXT1/PVRTC/ETC1),2,False,34243
asset-eic-earth_normal_512.atf,asset-eic-earth,normal,512,512,512,10,COMPRESSED(DXT1/PVRTC/ETC1),2,False,127158
asset-eic-earth_specular_1024.atf,asset-eic-earth,specular,1024,1024,1024,11,COMPRESSED(DXT1/PVRTC/ETC1),2,False,324748
asset-eic-earth_specular_128.atf,asset-eic-earth,specular,128,128,128,8,COMPRESSED(DXT1/PVRTC/ETC1),2,False,7932
asset-eic-earth_specular_256.atf,asset-eic-earth,specular,256,256,256,9,COMPRESSED(DXT1/PVRTC/ETC1),2,False,25094
asset-eic-earth_specular_512.atf,asset-eic-earth,specular,512,512,512,10,COMPRESSED(DXT1/PVRTC/ETC1),2,False,88718
asset-eic-moon_diffuse_128.atf,asset-eic-moon,diffuse,128,128,128,8,COMPRESSED(DXT1/PVRTC/ETC1),2,False,9890
asset-eic-moon_diffuse_256.atf,asset-eic-moon,diffuse,256,256,256,9,COMPRESSED(DXT1/PVRTC/ETC1),2,False,34407
asset-eic-moon_diffuse_512.atf,asset-eic-moon,diffuse,512,512,512,10,COMPRESSED(DXT1/PVRTC/ETC1),2,False,131126
asset-eic-moon_glow_128.atf,asset-eic-moon,glow,128,128,128,8,COMPRESSED(DXT1/PVRTC/ETC1),2,False,9146
asset-eic-moon_glow_256.atf,asset-eic-moon,glow,256,256,256,9,COMPRESSED(DXT1/PVRTC/ETC1),2,False,31642
asset-eic-moon_glow_512.atf,asset-eic-moon,glow,512,512,512,10,COMPRESSED(DXT1/PVRTC/ETC1),2,False,119603
asset-eic-moon_normal_128.atf,asset-eic-moon,normal,128,128,128,8,COMPRESSED(DXT1/PVRTC/ETC1),2,False,8323
asset-eic-moon_normal_256.atf,asset-eic-moon,normal,256,256,256,9,COMPRESSED(DXT1/PVRTC/ETC1),2,False,32411
asset-eic-moon_normal_512.atf,asset-eic-moon,normal,512,512,512,10,COMPRESSED(DXT1/PVRTC/ETC1),2,False,130750
asset-eic-moon_specular_128.atf,asset-eic-moon,specular,128,128,128,8,COMPRESSED(DXT1/PVRTC/ETC1),2,False,7685
asset-eic-moon_specular_256.atf,asset-eic-moon,specular,256,256,256,9,COMPRESSED(DXT1/PVRTC/ETC1),2,False,26538
asset-eic-moon_specular_512.atf,asset-eic-moon,specular,512,512,512,10,COMPRESSED(DXT1/PVRTC/ETC1),2,False,102454
asset-eic-satellite1_alpha_128.atf,asset-eic-satellite1,alpha,128,128,128,8,COMPRESSED(DXT1/PVRTC/ETC1),2,False,7697
asset-eic-satellite1_alpha_256.atf,asset-eic-satellite1,alpha,256,256,256,9,COMPRESSED(DXT1/PVRTC/ETC1),2,False,19462
asset-eic-satellite1_alpha_512.atf,asset-eic-satellite1,alpha,512,512,512,10,COMPRESSED(DXT1/PVRTC/ETC1),2,False,51039
asset-eic-satellite1_diffuse_128.atf,asset-eic-satellite1,diffuse,128,128,128,8,COMPRESSED(DXT1/PVRTC/ETC1),2,False,9604
asset-eic-satellite1_diffuse_256.atf,asset-eic-satellite1,diffuse,256,256,256,9,COMPRESSED(DXT1/PVRTC/ETC1),2,False,31048
asset-eic-satellite1_diffuse_512.atf,asset-eic-satellite1,diffuse,512,512,512,10,COMPRESSED(DXT1/PVRTC/ETC1),2,False,109449
asset-eic-satellite1_glow_128.atf,asset-eic-satellite1,glow,128,128,128,8,COMPRESSED(DXT1/PVRTC/ETC1),2,False,3828
asset-eic-satellite1_glow_256.atf,asset-eic-satellite1,glow,256,256,256,9,COMPRESSED(DXT1/PVRTC/ETC1),2,False,7407
asset-eic-satellite1_glow_512.atf,asset-eic-satellite1,glow,512,512,512,10,COMPRESSED(DXT1/PVRTC/ETC1),2,False,16149
asset-eic-satellite1_normal_128.atf,asset-eic-satellite1,normal,128,128,128,8,COMPRESSED(DXT1/PVRTC/ETC1),2,False,11016
asset-eic-satellite1_normal_256.atf,asset-eic-satellite1,normal,256,256,256,9,COMPRESSED(DXT1/PVRTC/ETC1),2,False,35392
asset-eic-satellite1_normal_512.atf,asset-eic-satellite1,normal,512,512,512,10,COMPRESSED(DXT1/PVRTC/ETC1),2,False,120571
asset-eic-satellite1_specular_128.atf,asset-eic-satellite1,specular,128,128,128,8,COMPRESSED(DXT1/PVRTC/ETC1),2,False,9392
asset-eic-satellite1_specular_256.atf,asset-eic-satellite1,specular,256,256,256,9,COMPRESSED(DXT1/PVRTC/ETC1),2,False,30672
asset-eic-satellite1_specular_512.atf,asset-eic-satellite1,specular,512,512,512,10,COMPRESSED(DXT1/PVRTC/ETC1),2,False,107640
asset-mmo-asteroid-a_diffuse_128.atf,asset-mmo-asteroid-a,diffuse,128,128,128,8,COMPRESSED(DXT1/PVRTC/ETC1),2,False,8134
asset-mmo-asteroid-a_diffuse_256.atf,asset-mmo-asteroid-a,diffuse,256,256,256,9,COMPRESSED(DXT1/PVRTC/ETC1),2,False,23920
asset-mmo-asteroid-a_diffuse_512.atf,asset-mmo-asteroid-a,diffuse,512,512,512,10,COMPRESSED_ALPHA(DXT5),4,False,81088
asset-mmo-asteroid-a_normal_128.atf,asset-mmo-asteroid-a,normal,128,128,128,8,COMPRESSED(DXT1/PVRTC/ETC1),2,False,10602
asset-mmo-asteroid-a_normal_256.atf,asset-mmo-asteroid-a,normal,256,256,256,9,COMPRESSED(DXT1/PVRTC/ETC1),2,False,33681
asset-mmo-asteroid-a_normal_512.atf,asset-mmo-asteroid-a,normal,512,512,512,10,COMPRESSED(DXT1/PVRTC/ETC1),2,False,111783
asset-mmo-asteroid-a_specular_128.atf,asset-mmo-asteroid-a,specular,128,128,128,8,COMPRESSED(DXT1/PVRTC/ETC1),2,False,5999
asset-mmo-asteroid-a_specular_256.atf,asset-mmo-asteroid-a,specular,256,256,256,9,COMPRESSED(DXT1/PVRTC/ETC1),2,False,16893
asset-mmo-asteroid-a_specular_512.atf,asset-mmo-asteroid-a,specular,512,512,512,10,COMPRESSED(DXT1/PVRTC/ETC1),2,False,56462
asset-mmo-asteroid-b_ao_128.atf,asset-mmo-asteroid-b,ao,128,128,128,8,COMPRESSED(DXT1/PVRTC/ETC1),2,False,7403
asset-mmo-asteroid-b_ao_256.atf,asset-mmo-asteroid-b,ao,256,256,256,9,COMPRESSED(DXT1/PVRTC/ETC1),2,False,19339
asset-mmo-asteroid-b_ao_512.atf,asset-mmo-asteroid-b,ao,512,512,512,10,COMPRESSED(DXT1/PVRTC/ETC1),2,False,56457
asset-mmo-asteroid-b_bump_128.atf,asset-mmo-asteroid-b,bump,128,128,128,8,COMPRESSED(DXT1/PVRTC/ETC1),2,False,6860
asset-mmo-asteroid-b_bump_256.atf,asset-mmo-asteroid-b,bump,256,256,256,9,COMPRESSED(DXT1/PVRTC/ETC1),2,False,22809
asset-mmo-asteroid-b_bump_512.atf,asset-mmo-asteroid-b,bump,512,512,512,10,COMPRESSED(DXT1/PVRTC/ETC1),2,False,84475
asset-mmo-asteroid-b_diffuse-clean_128.atf,asset-mmo-asteroid-b_diffuse-clean,?,128,128,128,8,COMPRESSED(DXT1/PVRTC/ETC1),2,False,7889
asset-mmo-asteroid-b_diffuse-clean_256.atf,asset-mmo-asteroid-b_diffuse-clean,?,256,256,256,9,COMPRESSED(DXT1/PVRTC/ETC1),2,False,22510
asset-mmo-asteroid-b_diffuse-clean_512.atf,asset-mmo-asteroid-b_diffuse-clean,?,512,512,512,10,COMPRESSED(DXT1/PVRTC/ETC1),2,False,72195
asset-mmo-asteroid-b_diffuse_128.atf,asset-mmo-asteroid-b,diffuse,128,128,128,8,COMPRESSED(DXT1/PVRTC/ETC1),2,False,10406
asset-mmo-asteroid-b_diffuse_256.atf,asset-mmo-asteroid-b,diffuse,256,256,256,9,COMPRESSED(DXT1/PVRTC/ETC1),2,False,35755
asset-mmo-asteroid-b_diffuse_512.atf,asset-mmo-asteroid-b,diffuse,512,512,512,10,COMPRESSED(DXT1/PVRTC/ETC1),2,False,137479
asset-mmo-asteroid-b_normal_128.atf,asset-mmo-asteroid-b,normal,128,128,128,8,COMPRESSED(DXT1/PVRTC/ETC1),2,False,11221
asset-mmo-asteroid-b_normal_256.atf,asset-mmo-asteroid-b,normal,256,256,256,9,COMPRESSED(DXT1/PVRTC/ETC1),2,False,39919
asset-mmo-asteroid-b_normal_512.atf,asset-mmo-asteroid-b,normal,512,512,512,10,COMPRESSED(DXT1/PVRTC/ETC1),2,False,156685
asset-mmo-asteroid-b_specular_128.atf,asset-mmo-asteroid-b,specular,128,128,128,8,COMPRESSED(DXT1/PVRTC/ETC1),2,False,8836
asset-mmo-asteroid-b_specular_256.atf,asset-mmo-asteroid-b,specular,256,256,256,9,COMPRESSED(DXT1/PVRTC/ETC1),2,False,29578
asset-mmo-asteroid-b_specular_512.atf,asset-mmo-asteroid-b,specular,512,512,512,10,COMPRESSED(DXT1/PVRTC/ETC1),2,False,115492
asset-mmo-asteroid-c_diffuse_128.atf,asset-mmo-asteroid-c,diffuse,128,128,128,8,COMPRESSED(DXT1/PVRTC/ETC1),2,False,8474
asset-mmo-asteroid-c_diffuse_256.atf,asset-mmo-asteroid-c,diffuse,256,256,256,9,COMPRESSED(DXT1/PVRTC/ETC1),2,False,25607
asset-mmo-asteroid-c_diffuse_512.atf,asset-mmo-asteroid-c,diffuse,512,512,512,10,COMPRESSED_ALPHA(DXT5),4,False,87003
asset-mmo-asteroid-c_normal_128.atf,asset-mmo-asteroid-c,normal,128,128,128,8,COMPRESSED_ALPHA(DXT5),4,False,11811
asset-mmo-asteroid-c_normal_256.atf,asset-mmo-asteroid-c,normal,256,256,256,9,COMPRESSED_ALPHA(DXT5),4,False,34200
asset-mmo-asteroid-c_normal_512.atf,asset-mmo-asteroid-c,normal,512,512,512,10,COMPRESSED_ALPHA(DXT5),4,False,107503
asset-mmo-asteroid-c_specular_128.atf,asset-mmo-asteroid-c,specular,128,128,128,8,COMPRESSED(DXT1/PVRTC/ETC1),2,False,6226
asset-mmo-asteroid-c_specular_256.atf,asset-mmo-asteroid-c,specular,256,256,256,9,COMPRESSED(DXT1/PVRTC/ETC1),2,False,17732
asset-mmo-asteroid-c_specular_512.atf,asset-mmo-asteroid-c,specular,512,512,512,10,COMPRESSED_ALPHA(DXT5),4,False,61293
asset-mmo-mars_diffuse_1024.atf,asset-mmo-mars,diffuse,1024,1024,1024,11,COMPRESSED(DXT1/PVRTC/ETC1),2,False,451251
asset-mmo-mars_diffuse_128.atf,asset-mmo-mars,diffuse,128,128,128,8,COMPRESSED(DXT1/PVRTC/ETC1),2,False,9514
asset-mmo-mars_diffuse_256.atf,asset-mmo-mars,diffuse,256,256,256,9,COMPRESSED(DXT1/PVRTC/ETC1),2,False,31547
asset-mmo-mars_diffuse_512.atf,asset-mmo-mars,diffuse,512,512,512,10,COMPRESSED(DXT1/PVRTC/ETC1),2,False,116261
asset-mmo-mars_normal_1024.atf,asset-mmo-mars,normal,1024,1024,1024,11,COMPRESSED(DXT1/PVRTC/ETC1),2,False,496344
asset-mmo-mars_normal_128.atf,asset-mmo-mars,normal,128,128,128,8,COMPRESSED(DXT1/PVRTC/ETC1),2,False,9814
asset-mmo-mars_normal_256.atf,asset-mmo-mars,normal,256,256,256,9,COMPRESSED(DXT1/PVRTC/ETC1),2,False,35545
asset-mmo-mars_normal_512.atf,asset-mmo-mars,normal,512,512,512,10,COMPRESSED(DXT1/PVRTC/ETC1),2,False,134492
asset-mmo-mars_specular_1024.atf,asset-mmo-mars,specular,1024,1024,1024,11,COMPRESSED(DXT1/PVRTC/ETC1),2,False,304076
asset-mmo-mars_specular_128.atf,asset-mmo-mars,specular,128,128,128,8,COMPRESSED(DXT1/PVRTC/ETC1),2,False,7187
asset-mmo-mars_specular_256.atf,asset-mmo-mars,specular,256,256,256,9,COMPRESSED(DXT1/PVRTC/ETC1),2,False,21969
asset-mmo-mars_specular_512.atf,asset-mmo-mars,specular,512,512,512,10,COMPRESSED(DXT1/PVRTC/ETC1),2,False,78780
asset-mmo-miningstation_alpha_128.atf,asset-mmo-miningstation,alpha,128,128,128,8,COMPRESSED(DXT1/PVRTC/ETC1),2,False,4412
asset-mmo-miningstation_alpha_256.atf,asset-mmo-miningstation,alpha,256,256,256,9,COMPRESSED(DXT1/PVRTC/ETC1),2,False,9523
asset-mmo-miningstation_alpha_512.atf,asset-mmo-miningstation,alpha,512,512,512,10,COMPRESSED(DXT1/PVRTC/ETC1),2,False,23355
asset-mmo-miningstation_diffuse_128.atf,asset-mmo-miningstation,diffuse,128,128,128,8,COMPRESSED(DXT1/PVRTC/ETC1),2,False,10149
asset-mmo-miningstation_diffuse_256.atf,asset-mmo-miningstation,diffuse,256,256,256,9,COMPRESSED(DXT1/PVRTC/ETC1),2,False,33546
asset-mmo-miningstation_diffuse_512.atf,asset-mmo-miningstation,diffuse,512,512,512,10,COMPRESSED(DXT1/PVRTC/ETC1),2,False,119905
asset-mmo-miningstation_glow_128.atf,asset-mmo-miningstation,glow,128,128,128,8,COMPRESSED(DXT1/PVRTC/ETC1),2,False,7235
asset-mmo-miningstation_glow_256.atf,asset-mmo-miningstation,glow,256,256,256,9,COMPRESSED(DXT1/PVRTC/ETC1),2,False,20590
asset-mmo-miningstation_glow_512.atf,asset-mmo-miningstation,glow,512,512,512,10,COMPRESSED(DXT1/PVRTC/ETC1),2,False,65086
asset-mmo-miningstation_normal_128.atf,asset-mmo-miningstation,normal,128,128,128,8,COMPRESSED(DXT1/PVRTC/ETC1),2,False,12007
asset-mmo-miningstation_normal_256.atf,asset-mmo-miningstation,normal,256,256,256,9,COMPRESSED(DXT1/PVRTC/ETC1),2,False,39479
asset-mmo-miningstation_normal_512.atf,asset-mmo-miningstation,normal,512,512,512,10,COMPRESSED(DXT1/PVRTC/ETC1),2,False,135100
asset-mmo-miningstation_specular_128.atf,asset-mmo-miningstation,specular,128,128,128,8,COMPRESSED(DXT1/PVRTC/ETC1),2,False,8625
asset-mmo-miningstation_specular_256.atf,asset-mmo-miningstation,specular,256,256,256,9,COMPRESSED(DXT1/PVRTC/ETC1),2,False,27685
asset-mmo-miningstation_specular_512.atf,asset-mmo-miningstation,specular,512,512,512,10,COMPRESSED(DXT1/PVRTC/ETC1),2,False,96332
asset-mmo-phobos_diffuse_1024.atf,asset-mmo-phobos,diffuse,1024,1024,1024,11,COMPRESSED(DXT1/PVRTC/ETC1),2,False,350894
asset-mmo-phobos_diffuse_128.atf,asset-mmo-phobos,diffuse,128,128,128,8,COMPRESSED(DXT1/PVRTC/ETC1),2,False,8473
asset-mmo-phobos_diffuse_256.atf,asset-mmo-phobos,diffuse,256,256,256,9,COMPRESSED(DXT1/PVRTC/ETC1),2,False,26440
asset-mmo-phobos_diffuse_512.atf,asset-mmo-phobos,diffuse,512,512,512,10,COMPRESSED(DXT1/PVRTC/ETC1),2,False,93329
asset-mmo-phobos_normal_1024.atf,asset-mmo-phobos,normal,1024,1024,1024,11,COMPRESSED(DXT1/PVRTC/ETC1),2,False,483085
asset-mmo-phobos_normal_128.atf,asset-mmo-phobos,normal,128,128,128,8,COMPRESSED(DXT1/PVRTC/ETC1),2,False,11176
asset-mmo-phobos_normal_256.atf,asset-mmo-phobos,normal,256,256,256,9,COMPRESSED(DXT1/PVRTC/ETC1),2,False,36926
asset-mmo-phobos_normal_512.atf,asset-mmo-phobos,normal,512,512,512,10,COMPRESSED(DXT1/PVRTC/ETC1),2,False,130930
asset-mmo-phobos_specular_1024.atf,asset-mmo-phobos,specular,1024,1024,1024,11,COMPRESSED(DXT1/PVRTC/ETC1),2,False,272399
asset-mmo-phobos_specular_128.atf,asset-mmo-phobos,specular,128,128,128,8,COMPRESSED(DXT1/PVRTC/ETC1),2,False,6763
asset-mmo-phobos_specular_256.atf,asset-mmo-phobos,specular,256,256,256,9,COMPRESSED(DXT1/PVRTC/ETC1),2,False,20381
asset-mmo-phobos_specular_512.atf,asset-mmo-phobos,specular,512,512,512,10,COMPRESSED(DXT1/PVRTC/ETC1),2,False,71889
asset-mmo-satellite_alpha_1024.atf,asset-mmo-satellite,alpha,1024,1024,1024,11,COMPRESSED_ALPHA(DXT5),4,False,49378
asset-mmo-satellite_alpha_128.atf,asset-mmo-satellite,alpha,128,128,128,8,COMPRESSED_ALPHA(DXT5),4,False,6425
asset-mmo-satellite_alpha_256.atf,asset-mmo-satellite,alpha,256,256,256,9,COMPRESSED_ALPHA(DXT5),4,False,11758
asset-mmo-satellite_alpha_512.atf,asset-mmo-satellite,alpha,512,512,512,10,COMPRESSED_ALPHA(DXT5),4,False,24147
asset-mmo-satellite_diffuse_1024.atf,asset-mmo-satellite,diffuse,1024,1024,1024,11,COMPRESSED_ALPHA(DXT5),4,False,363581
asset-mmo-satellite_diffuse_128.atf,asset-mmo-satellite,diffuse,128,128,128,8,COMPRESSED(DXT1/PVRTC/ETC1),2,False,9783
asset-mmo-satellite_diffuse_256.atf,asset-mmo-satellite,diffuse,256,256,256,9,COMPRESSED(DXT1/PVRTC/ETC1),2,False,30309
asset-mmo-satellite_diffuse_512.atf,asset-mmo-satellite,diffuse,512,512,512,10,COMPRESSED_ALPHA(DXT5),4,False,103640
asset-mmo-satellite_glow_1024.atf,asset-mmo-satellite,glow,1024,1024,1024,11,COMPRESSED_ALPHA(DXT5),4,False,20954
asset-mmo-satellite_glow_128.atf,asset-mmo-satellite,glow,128,128,128,8,COMPRESSED_ALPHA(DXT5),4,False,4053
asset-mmo-satellite_glow_256.atf,asset-mmo-satellite,glow,256,256,256,9,COMPRESSED_ALPHA(DXT5),4,False,6325
asset-mmo-satellite_glow_512.atf,asset-mmo-satellite,glow,512,512,512,10,COMPRESSED_ALPHA(DXT5),4,False,11128
asset-mmo-satellite_normal_1024.atf,asset-mmo-satellite,normal,1024,1024,1024,11,COMPRESSED_ALPHA(DXT5),4,False,217855
asset-mmo-satellite_normal_128.atf,asset-mmo-satellite,normal,128,128,128,8,COMPRESSED_ALPHA(DXT5),4,False,10585
asset-mmo-satellite_normal_256.atf,asset-mmo-satellite,normal,256,256,256,9,COMPRESSED_ALPHA(DXT5),4,False,27596
asset-mmo-satellite_normal_512.atf,asset-mmo-satellite,normal,512,512,512,10,COMPRESSED_ALPHA(DXT5),4,False,76887
asset-mmo-satellite_specular_1024.atf,asset-mmo-satellite,specular,1024,1024,1024,11,COMPRESSED_ALPHA(DXT5),4,False,291169
asset-mmo-satellite_specular_128.atf,asset-mmo-satellite,specular,128,128,128,8,COMPRESSED_ALPHA(DXT5),4,False,9953
asset-mmo-satellite_specular_256.atf,asset-mmo-satellite,specular,256,256,256,9,COMPRESSED_ALPHA(DXT5),4,False,27249
asset-mmo-satellite_specular_512.atf,asset-mmo-satellite,specular,512,512,512,10,COMPRESSED_ALPHA(DXT5),4,False,85763
asset-vru-asteroid-a_diffuse_128.atf,asset-vru-asteroid-a,diffuse,128,128,128,8,COMPRESSED(DXT1/PVRTC/ETC1),2,False,10553
asset-vru-asteroid-a_diffuse_256.atf,asset-vru-asteroid-a,diffuse,256,256,256,9,COMPRESSED(DXT1/PVRTC/ETC1),2,False,33928
asset-vru-asteroid-a_diffuse_512.atf,asset-vru-asteroid-a,diffuse,512,512,512,10,COMPRESSED(DXT1/PVRTC/ETC1),2,False,121481
asset-vru-asteroid-a_normal_128.atf,asset-vru-asteroid-a,normal,128,128,128,8,COMPRESSED(DXT1/PVRTC/ETC1),2,False,12441
asset-vru-asteroid-a_normal_256.atf,asset-vru-asteroid-a,normal,256,256,256,9,COMPRESSED(DXT1/PVRTC/ETC1),2,False,39917
asset-vru-asteroid-a_normal_512.atf,asset-vru-asteroid-a,normal,512,512,512,10,COMPRESSED(DXT1/PVRTC/ETC1),2,False,138926
asset-vru-asteroid-a_specular_128.atf,asset-vru-asteroid-a,specular,128,128,128,8,COMPRESSED(DXT1/PVRTC/ETC1),2,False,8622
asset-vru-asteroid-a_specular_256.atf,asset-vru-asteroid-a,specular,256,256,256,9,COMPRESSED(DXT1/PVRTC/ETC1),2,False,27264
asset-vru-asteroid-a_specular_512.atf,asset-vru-asteroid-a,specular,512,512,512,10,COMPRESSED(DXT1/PVRTC/ETC1),2,False,96228
asset-vru-asteroid-b_diffuse_128.atf,asset-vru-asteroid-b,diffuse,128,128,128,8,COMPRESSED(DXT1/PVRTC/ETC1),2,False,8982
asset-vru-asteroid-b_diffuse_256.atf,asset-vru-asteroid-b,diffuse,256,256,256,9,COMPRESSED(DXT1/PVRTC/ETC1),2,False,26179
asset-vru-asteroid-b_diffuse_512.atf,asset-vru-asteroid-b,diffuse,512,512,512,10,COMPRESSED(DXT1/PVRTC/ETC1),2,False,83940
asset-vru-asteroid-b_normal_128.atf,asset-vru-asteroid-b,normal,128,128,128,8,COMPRESSED(DXT1/PVRTC/ETC1),2,False,10380
asset-vru-asteroid-b_normal_256.atf,asset-vru-asteroid-b,normal,256,256,256,9,COMPRESSED(DXT1/PVRTC/ETC1),2,False,30215
asset-vru-asteroid-b_normal_512.atf,asset-vru-asteroid-b,normal,512,512,512,10,COMPRESSED(DXT1/PVRTC/ETC1),2,False,96726
asset-vru-asteroid-b_specular_128.atf,asset-vru-asteroid-b,specular,128,128,128,8,COMPRESSED(DXT1/PVRTC/ETC1),2,False,7383
asset-vru-asteroid-b_specular_256.atf,asset-vru-asteroid-b,specular,256,256,256,9,COMPRESSED(DXT1/PVRTC/ETC1),2,False,20680
asset-vru-asteroid-b_specular_512.atf,asset-vru-asteroid-b,specular,512,512,512,10,COMPRESSED(DXT1/PVRTC/ETC1),2,False,66336
asset-vru-asteroid-c_diffuse_128.atf,asset-vru-asteroid-c,diffuse,128,128,128,8,COMPRESSED(DXT1/PVRTC/ETC1),2,False,10553
asset-vru-asteroid-c_diffuse_256.atf,asset-vru-asteroid-c,diffuse,256,256,256,9,COMPRESSED(DXT1/PVRTC/ETC1),2,False,33928
asset-vru-asteroid-c_diffuse_512.atf,asset-vru-asteroid-c,diffuse,512,512,512,10,COMPRESSED(DXT1/PVRTC/ETC1),2,False,121481
asset-vru-asteroid-c_normal_128.atf,asset-vru-asteroid-c,normal,128,128,128,8,COMPRESSED(DXT1/PVRTC/ETC1),2,False,12441
asset-vru-asteroid-c_normal_256.atf,asset-vru-asteroid-c,normal,256,256,256,9,COMPRESSED(DXT1/PVRTC/ETC1),2,False,39917
asset-vru-asteroid-c_normal_512.atf,asset-vru-asteroid-c,normal,512,512,512,10,COMPRESSED(DXT1/PVRTC/ETC1),2,False,138926
asset-vru-asteroid-c_specular_128.atf,asset-vru-asteroid-c,specular,128,128,128,8,COMPRESSED(DXT1/PVRTC/ETC1),2,False,8622
asset-vru-asteroid-c_specular_256.atf,asset-vru-asteroid-c,specular,256,256,256,9,COMPRESSED(DXT1/PVRTC/ETC1),2,False,27264
asset-vru-asteroid-c_specular_512.atf,asset-vru-asteroid-c,specular,512,512,512,10,COMPRESSED(DXT1/PVRTC/ETC1),2,False,96228
asset-vru-pyramid_alpha_1024.atf,asset-vru-pyramid,alpha,1024,1024,1024,11,COMPRESSED_ALPHA(DXT5),4,False,53632
asset-vru-pyramid_alpha_128.atf,asset-vru-pyramid,alpha,128,128,128,8,COMPRESSED_ALPHA(DXT5),4,False,6421
asset-vru-pyramid_alpha_256.atf,asset-vru-pyramid,alpha,256,256,256,9,COMPRESSED_ALPHA(DXT5),4,False,12275
asset-vru-pyramid_alpha_512.atf,asset-vru-pyramid,alpha,512,512,512,10,COMPRESSED_ALPHA(DXT5),4,False,25718
asset-vru-pyramid_diffuse_1024.atf,asset-vru-pyramid,diffuse,1024,1024,1024,11,COMPRESSED(DXT1/PVRTC/ETC1),2,False,467686
asset-vru-pyramid_diffuse_128.atf,asset-vru-pyramid,diffuse,128,128,128,8,COMPRESSED(DXT1/PVRTC/ETC1),2,False,10836
asset-vru-pyramid_diffuse_256.atf,asset-vru-pyramid,diffuse,256,256,256,9,COMPRESSED(DXT1/PVRTC/ETC1),2,False,34565
asset-vru-pyramid_diffuse_512.atf,asset-vru-pyramid,diffuse,512,512,512,10,COMPRESSED(DXT1/PVRTC/ETC1),2,False,124212
asset-vru-pyramid_glow_1024.atf,asset-vru-pyramid,glow,1024,1024,1024,11,COMPRESSED(DXT1/PVRTC/ETC1),2,False,261336
asset-vru-pyramid_glow_128.atf,asset-vru-pyramid,glow,128,128,128,8,COMPRESSED(DXT1/PVRTC/ETC1),2,False,9228
asset-vru-pyramid_glow_256.atf,asset-vru-pyramid,glow,256,256,256,9,COMPRESSED(DXT1/PVRTC/ETC1),2,False,26531
asset-vru-pyramid_glow_512.atf,asset-vru-pyramid,glow,512,512,512,10,COMPRESSED(DXT1/PVRTC/ETC1),2,False,83261
asset-vru-pyramid_normal_1024.atf,asset-vru-pyramid,normal,1024,1024,1024,11,COMPRESSED_ALPHA(DXT5),4,False,445204
asset-vru-pyramid_normal_128.atf,asset-vru-pyramid,normal,128,128,128,8,COMPRESSED_ALPHA(DXT5),4,False,10415
asset-vru-pyramid_normal_256.atf,asset-vru-pyramid,normal,256,256,256,9,COMPRESSED_ALPHA(DXT5),4,False,31317
asset-vru-pyramid_normal_512.atf,asset-vru-pyramid,normal,512,512,512,10,COMPRESSED_ALPHA(DXT5),4,False,112134
asset-vru-pyramid_specular_1024.atf,asset-vru-pyramid,specular,1024,1024,1024,11,COMPRESSED_ALPHA(DXT5),4,False,312324
asset-vru-pyramid_specular_128.atf,asset-vru-pyramid,specular,128,128,128,8,COMPRESSED_ALPHA(DXT5),4,False,9870
asset-vru-pyramid_specular_256.atf,asset-vru-pyramid,specular,256,256,256,9,COMPRESSED_ALPHA(DXT5),4,False,26964
asset-vru-pyramid_specular_512.atf,asset-vru-pyramid,specular,512,512,512,10,COMPRESSED_ALPHA(DXT5),4,False,86469
asset-vru-satellite-a_alpha_128.atf,asset-vru-satellite-a,alpha,128,128,128,8,COMPRESSED(DXT1/PVRTC/ETC1),2,False,7792
asset-vru-satellite-a_alpha_256.atf,asset-vru-satellite-a,alpha,256,256,256,9,COMPRESSED(DXT1/PVRTC/ETC1),2,False,20106
asset-vru-satellite-a_alpha_512.atf,asset-vru-satellite-a,alpha,512,512,512,10,COMPRESSED(DXT1/PVRTC/ETC1),2,False,54075
asset-vru-satellite-a_diffuse_128.atf,asset-vru-satellite-a,diffuse,128,128,128,8,COMPRESSED(DXT1/PVRTC/ETC1),2,False,9974
asset-vru-satellite-a_diffuse_256.atf,asset-vru-satellite-a,diffuse,256,256,256,9,COMPRESSED(DXT1/PVRTC/ETC1),2,False,33199
asset-vru-satellite-a_diffuse_512.atf,asset-vru-satellite-a,diffuse,512,512,512,10,COMPRESSED(DXT1/PVRTC/ETC1),2,False,120019
asset-vru-satellite-a_glow_128.atf,asset-vru-satellite-a,glow,128,128,128,8,COMPRESSED(DXT1/PVRTC/ETC1),2,False,4677
asset-vru-satellite-a_glow_256.atf,asset-vru-satellite-a,glow,256,256,256,9,COMPRESSED(DXT1/PVRTC/ETC1),2,False,9150
asset-vru-satellite-a_glow_512.atf,asset-vru-satellite-a,glow,512,512,512,10,COMPRESSED(DXT1/PVRTC/ETC1),2,False,20117
asset-vru-satellite-a_normal_128.atf,asset-vru-satellite-a,normal,128,128,128,8,COMPRESSED(DXT1/PVRTC/ETC1),2,False,10623
asset-vru-satellite-a_normal_256.atf,asset-vru-satellite-a,normal,256,256,256,9,COMPRESSED(DXT1/PVRTC/ETC1),2,False,34763
asset-vru-satellite-a_normal_512.atf,asset-vru-satellite-a,normal,512,512,512,10,COMPRESSED(DXT1/PVRTC/ETC1),2,False,119168
asset-vru-satellite-a_specular_128.atf,asset-vru-satellite-a,specular,128,128,128,8,COMPRESSED(DXT1/PVRTC/ETC1),2,False,8628
asset-vru-satellite-a_specular_256.atf,asset-vru-satellite-a,specular,256,256,256,9,COMPRESSED(DXT1/PVRTC/ETC1),2,False,27563
asset-vru-satellite-a_specular_512.atf,asset-vru-satellite-a,specular,512,512,512,10,COMPRESSED(DXT1/PVRTC/ETC1),2,False,95931
asset-vru-venus_diffuse_1024.atf,asset-vru-venus,diffuse,1024,1024,1024,11,COMPRESSED(DXT1/PVRTC/ETC1),2,False,402660
asset-vru-venus_diffuse_128.atf,asset-vru-venus,diffuse,128,128,128,8,COMPRESSED(DXT1/PVRTC/ETC1),2,False,9180
asset-vru-venus_diffuse_256.atf,asset-vru-venus,diffuse,256,256,256,9,COMPRESSED(DXT1/PVRTC/ETC1),2,False,29426
asset-vru-venus_diffuse_512.atf,asset-vru-venus,diffuse,512,512,512,10,COMPRESSED(DXT1/PVRTC/ETC1),2,False,106091
asset-vru-venus_normal_1024.atf,asset-vru-venus,normal,1024,1024,1024,11,COMPRESSED(DXT1/PVRTC/ETC1),2,False,475098
asset-vru-venus_normal_128.atf,asset-vru-venus,normal,128,128,128,8,COMPRESSED(DXT1/PVRTC/ETC1),2,False,8686
asset-vru-venus_normal_256.atf,asset-vru-venus,normal,256,256,256,9,COMPRESSED(DXT1/PVRTC/ETC1),2,False,31074
asset-vru-venus_normal_512.atf,asset-vru-venus,normal,512,512,512,10,COMPRESSED(DXT1/PVRTC/ETC1),2,False,122254
asset-vru-venus_specular_1024.atf,asset-vru-venus,specular,1024,1024,1024,11,COMPRESSED(DXT1/PVRTC/ETC1),2,False,280607
asset-vru-venus_specular_128.atf,asset-vru-venus,specular,128,128,128,8,COMPRESSED(DXT1/PVRTC/ETC1),2,False,6955
asset-vru-venus_specular_256.atf,asset-vru-venus,specular,256,256,256,9,COMPRESSED(DXT1/PVRTC/ETC1),2,False,21087
asset-vru-venus_specular_512.atf,asset-vru-venus,specular,512,512,512,10,COMPRESSED(DXT1/PVRTC/ETC1),2,False,74486
asteroid.atf,asteroid,?,,512,512,10,RGBA888,0,False,105356
asteroid_blue_diffuse_128.atf,asteroid_blue,diffuse,128,128,128,8,COMPRESSED_ALPHA(DXT5),4,False,9975
asteroid_blue_diffuse_256.atf,asteroid_blue,diffuse,256,256,256,9,COMPRESSED_ALPHA(DXT5),4,False,25446
asteroid_blue_diffuse_512.atf,asteroid_blue,diffuse,512,512,512,10,COMPRESSED_ALPHA(DXT5),4,False,72561
asteroid_blue_simple_diffuse_128.atf,asteroid_blue_simple,diffuse,128,128,128,8,COMPRESSED_ALPHA(DXT5),4,False,9490
asteroid_blue_simple_diffuse_256.atf,asteroid_blue_simple,diffuse,256,256,256,9,COMPRESSED_ALPHA(DXT5),4,False,23991
asteroid_blue_simple_diffuse_512.atf,asteroid_blue_simple,diffuse,512,512,512,10,COMPRESSED_ALPHA(DXT5),4,False,67268
asteroid_desert_512.atf,asteroid_desert,?,512,512,512,10,RGBA888,0,False,88550
asteroid_desert_diffuse_128.atf,asteroid_desert,diffuse,128,128,128,8,COMPRESSED_ALPHA(DXT5),4,False,10384
asteroid_desert_diffuse_256.atf,asteroid_desert,diffuse,256,256,256,9,COMPRESSED_ALPHA(DXT5),4,False,27901
asteroid_desert_diffuse_512.atf,asteroid_desert,diffuse,512,512,512,10,COMPRESSED_ALPHA(DXT5),4,False,80474
asteroid_desert_simple_diffuse_128.atf,asteroid_desert_simple,diffuse,128,128,128,8,COMPRESSED_ALPHA(DXT5),4,False,10415
asteroid_desert_simple_diffuse_256.atf,asteroid_desert_simple,diffuse,256,256,256,9,COMPRESSED_ALPHA(DXT5),4,False,28182
asteroid_desert_simple_diffuse_512.atf,asteroid_desert_simple,diffuse,512,512,512,10,COMPRESSED_ALPHA(DXT5),4,False,80601
asteroid_pirates_512.atf,asteroid_pirates,?,512,512,512,10,RGBA888,0,False,70324
asteroid_pirates_512_auld.atf,asteroid_pirates_512_auld,?,,512,512,10,RGBA888,0,False,105356
asteroid_pirates_alpha_mask_512.atf,asteroid_pirates_alpha,mask,512,512,512,10,RGBA888,0,False,43264
asteroid_pirates_diffuse_128.atf,asteroid_pirates,diffuse,128,128,128,8,COMPRESSED_ALPHA(DXT5),4,False,9334
asteroid_pirates_diffuse_256.atf,asteroid_pirates,diffuse,256,256,256,9,COMPRESSED_ALPHA(DXT5),4,False,23064
asteroid_pirates_diffuse_512.atf,asteroid_pirates,diffuse,512,512,512,10,COMPRESSED_ALPHA(DXT5),4,False,61810
asteroid_pirates_normal_512.atf,asteroid_pirates,normal,512,512,512,10,RGBA888,0,False,86430
asteroid_pirates_simple_diffuse_128.atf,asteroid_pirates_simple,diffuse,128,128,128,8,COMPRESSED_ALPHA(DXT5),4,False,9389
asteroid_pirates_simple_diffuse_256.atf,asteroid_pirates_simple,diffuse,256,256,256,9,COMPRESSED_ALPHA(DXT5),4,False,23105
asteroid_pirates_simple_diffuse_512.atf,asteroid_pirates_simple,diffuse,512,512,512,10,COMPRESSED_ALPHA(DXT5),4,False,62699
asteroid_pirates_specular_512.atf,asteroid_pirates,specular,512,512,512,10,RGBA888,0,False,79462
asteroids-small-darkred2_diffuse_128.atf,asteroids-small-darkred2,diffuse,128,128,128,8,COMPRESSED_ALPHA(DXT5),4,False,13673
asteroids-small-darkred2_diffuse_256.atf,asteroids-small-darkred2,diffuse,256,256,256,9,COMPRESSED_ALPHA(DXT5),4,False,30602
asteroids-small-darkred2_diffuse_512.atf,asteroids-small-darkred2,diffuse,512,512,512,10,COMPRESSED_ALPHA(DXT5),4,False,71162
asteroids-small-darkred_diffuse_128.atf,asteroids-small-darkred,diffuse,128,128,128,8,COMPRESSED_ALPHA(DXT5),4,False,13673
asteroids-small-darkred_diffuse_256.atf,asteroids-small-darkred,diffuse,256,256,256,9,COMPRESSED_ALPHA(DXT5),4,False,30602
asteroids-small-darkred_diffuse_512.atf,asteroids-small-darkred,diffuse,512,512,512,10,COMPRESSED_ALPHA(DXT5),4,False,71162
asteroids-small-green_diffuse_128.atf,asteroids-small-green,diffuse,128,128,128,8,COMPRESSED_ALPHA(DXT5),4,False,13832
asteroids-small-green_diffuse_256.atf,asteroids-small-green,diffuse,256,256,256,9,COMPRESSED_ALPHA(DXT5),4,False,31185
asteroids-small-green_diffuse_512.atf,asteroids-small-green,diffuse,512,512,512,10,COMPRESSED_ALPHA(DXT5),4,False,72301
asteroids-small-yellow_diffuse_128.atf,asteroids-small-yellow,diffuse,128,128,128,8,COMPRESSED_ALPHA(DXT5),4,False,14239
asteroids-small-yellow_diffuse_256.atf,asteroids-small-yellow,diffuse,256,256,256,9,COMPRESSED_ALPHA(DXT5),4,False,32353
asteroids-small-yellow_diffuse_512.atf,asteroids-small-yellow,diffuse,512,512,512,10,COMPRESSED_ALPHA(DXT5),4,False,76989
asteroids2_small_blue_diffuse_128.atf,asteroids2_small_blue,diffuse,128,128,128,8,COMPRESSED_ALPHA(DXT5),4,False,11562
asteroids2_small_blue_diffuse_256.atf,asteroids2_small_blue,diffuse,256,256,256,9,COMPRESSED_ALPHA(DXT5),4,False,26189
asteroids2_small_blue_diffuse_512.atf,asteroids2_small_blue,diffuse,512,512,512,10,COMPRESSED_ALPHA(DXT5),4,False,65978
asteroids_small_blue_diffuse_128.atf,asteroids_small_blue,diffuse,128,128,128,8,COMPRESSED_ALPHA(DXT5),4,False,13391
asteroids_small_blue_diffuse_256.atf,asteroids_small_blue,diffuse,256,256,256,9,COMPRESSED_ALPHA(DXT5),4,False,29793
asteroids_small_blue_diffuse_512.atf,asteroids_small_blue,diffuse,512,512,512,10,COMPRESSED_ALPHA(DXT5),4,False,69022
asteroids_small_lightblue_diffuse_128.atf,asteroids_small_lightblue,diffuse,128,128,128,8,COMPRESSED_ALPHA(DXT5),4,False,13731
asteroids_small_lightblue_diffuse_256.atf,asteroids_small_lightblue,diffuse,256,256,256,9,COMPRESSED_ALPHA(DXT5),4,False,30822
asteroids_small_lightblue_diffuse_512.atf,asteroids_small_lightblue,diffuse,512,512,512,10,COMPRESSED_ALPHA(DXT5),4,False,73107
barracuda_diffuse_128.atf,barracuda,diffuse,128,128,128,8,COMPRESSED(DXT1/PVRTC/ETC1),2,False,10882
barracuda_diffuse_256.atf,barracuda,diffuse,256,256,256,9,COMPRESSED(DXT1/PVRTC/ETC1),2,False,34714
barracuda_diffuse_512.atf,barracuda,diffuse,512,512,512,10,COMPRESSED(DXT1/PVRTC/ETC1),2,False,121171
barracuda_glow_128.atf,barracuda,glow,128,128,128,8,COMPRESSED(DXT1/PVRTC/ETC1),2,False,3788
barracuda_glow_256.atf,barracuda,glow,256,256,256,9,COMPRESSED(DXT1/PVRTC/ETC1),2,False,7716
barracuda_glow_512.atf,barracuda,glow,512,512,512,10,COMPRESSED(DXT1/PVRTC/ETC1),2,False,17553
barracuda_normal_128.atf,barracuda,normal,128,128,128,8,COMPRESSED(DXT1/PVRTC/ETC1),2,False,11586
barracuda_normal_256.atf,barracuda,normal,256,256,256,9,COMPRESSED(DXT1/PVRTC/ETC1),2,False,37490
barracuda_normal_512.atf,barracuda,normal,512,512,512,10,COMPRESSED(DXT1/PVRTC/ETC1),2,False,129062
barracuda_specular_128.atf,barracuda,specular,128,128,128,8,COMPRESSED(DXT1/PVRTC/ETC1),2,False,9445
barracuda_specular_256.atf,barracuda,specular,256,256,256,9,COMPRESSED(DXT1/PVRTC/ETC1),2,False,29608
barracuda_specular_512.atf,barracuda,specular,512,512,512,10,COMPRESSED(DXT1/PVRTC/ETC1),2,False,101563
battleray_diffuse_128.atf,battleray,diffuse,128,128,128,8,COMPRESSED(DXT1/PVRTC/ETC1),2,False,11028
battleray_diffuse_256.atf,battleray,diffuse,256,256,256,9,COMPRESSED(DXT1/PVRTC/ETC1),2,False,35914
battleray_diffuse_512.atf,battleray,diffuse,512,512,512,10,COMPRESSED(DXT1/PVRTC/ETC1),2,False,125812
battleray_glow_128.atf,battleray,glow,128,128,128,8,COMPRESSED(DXT1/PVRTC/ETC1),2,False,4891
battleray_glow_256.atf,battleray,glow,256,256,256,9,COMPRESSED(DXT1/PVRTC/ETC1),2,False,9557
battleray_glow_512.atf,battleray,glow,512,512,512,10,COMPRESSED(DXT1/PVRTC/ETC1),2,False,18736
battleray_normal_128.atf,battleray,normal,128,128,128,8,COMPRESSED(DXT1/PVRTC/ETC1),2,False,11729
battleray_normal_256.atf,battleray,normal,256,256,256,9,COMPRESSED(DXT1/PVRTC/ETC1),2,False,37164
battleray_normal_512.atf,battleray,normal,512,512,512,10,COMPRESSED(DXT1/PVRTC/ETC1),2,False,123938
battleray_specular_128.atf,battleray,specular,128,128,128,8,COMPRESSED(DXT1/PVRTC/ETC1),2,False,9002
battleray_specular_256.atf,battleray,specular,256,256,256,9,COMPRESSED(DXT1/PVRTC/ETC1),2,False,28160
battleray_specular_512.atf,battleray,specular,512,512,512,10,COMPRESSED(DXT1/PVRTC/ETC1),2,False,96172
beacon-domination_diffuse_128.atf,beacon-domination,diffuse,128,128,128,8,COMPRESSED(DXT1/PVRTC/ETC1),2,False,10384
beacon-domination_diffuse_256.atf,beacon-domination,diffuse,256,256,256,9,COMPRESSED(DXT1/PVRTC/ETC1),2,False,33811
beacon-domination_diffuse_512.atf,beacon-domination,diffuse,512,512,512,10,COMPRESSED(DXT1/PVRTC/ETC1),2,False,117602
beacon-domination_glow_128.atf,beacon-domination,glow,128,128,128,8,COMPRESSED_ALPHA(DXT5),4,False,12875
beacon-domination_glow_256.atf,beacon-domination,glow,256,256,256,9,COMPRESSED_ALPHA(DXT5),4,False,32533
beacon-domination_glow_512.atf,beacon-domination,glow,512,512,512,10,COMPRESSED_ALPHA(DXT5),4,False,88248
beacon-exit-eic_diffuse_128.atf,beacon-exit-eic,diffuse,128,128,128,8,COMPRESSED(DXT1/PVRTC/ETC1),2,False,12820
beacon-exit-eic_diffuse_256.atf,beacon-exit-eic,diffuse,256,256,256,9,COMPRESSED(DXT1/PVRTC/ETC1),2,False,42196
beacon-exit-eic_diffuse_512.atf,beacon-exit-eic,diffuse,512,512,512,10,COMPRESSED(DXT1/PVRTC/ETC1),2,False,145698
beacon-exit-eic_glow_128.atf,beacon-exit-eic,glow,128,128,128,8,COMPRESSED(DXT1/PVRTC/ETC1),2,False,8646
beacon-exit-eic_glow_256.atf,beacon-exit-eic,glow,256,256,256,9,COMPRESSED(DXT1/PVRTC/ETC1),2,False,22755
beacon-exit-eic_glow_512.atf,beacon-exit-eic,glow,512,512,512,10,COMPRESSED(DXT1/PVRTC/ETC1),2,False,63523
beacon-exit-mmo_diffuse_128.atf,beacon-exit-mmo,diffuse,128,128,128,8,COMPRESSED(DXT1/PVRTC/ETC1),2,False,12483
beacon-exit-mmo_diffuse_256.atf,beacon-exit-mmo,diffuse,256,256,256,9,COMPRESSED(DXT1/PVRTC/ETC1),2,False,41572
beacon-exit-mmo_diffuse_512.atf,beacon-exit-mmo,diffuse,512,512,512,10,COMPRESSED(DXT1/PVRTC/ETC1),2,False,144891
beacon-exit-mmo_glow_128.atf,beacon-exit-mmo,glow,128,128,128,8,COMPRESSED(DXT1/PVRTC/ETC1),2,False,8439
beacon-exit-mmo_glow_256.atf,beacon-exit-mmo,glow,256,256,256,9,COMPRESSED(DXT1/PVRTC/ETC1),2,False,22066
beacon-exit-mmo_glow_512.atf,beacon-exit-mmo,glow,512,512,512,10,COMPRESSED(DXT1/PVRTC/ETC1),2,False,60470
beacon-exit-vru_diffuse_128.atf,beacon-exit-vru,diffuse,128,128,128,8,COMPRESSED(DXT1/PVRTC/ETC1),2,False,12688
beacon-exit-vru_diffuse_256.atf,beacon-exit-vru,diffuse,256,256,256,9,COMPRESSED(DXT1/PVRTC/ETC1),2,False,41623
beacon-exit-vru_diffuse_512.atf,beacon-exit-vru,diffuse,512,512,512,10,COMPRESSED(DXT1/PVRTC/ETC1),2,False,143475
beacon-exit-vru_glow_128.atf,beacon-exit-vru,glow,128,128,128,8,COMPRESSED(DXT1/PVRTC/ETC1),2,False,8749
beacon-exit-vru_glow_256.atf,beacon-exit-vru,glow,256,256,256,9,COMPRESSED(DXT1/PVRTC/ETC1),2,False,22857
beacon-exit-vru_glow_512.atf,beacon-exit-vru,glow,512,512,512,10,COMPRESSED(DXT1/PVRTC/ETC1),2,False,61809
beacon-sector-control_diffuse_128.atf,beacon-sector-control,diffuse,128,128,128,8,COMPRESSED(DXT1/PVRTC/ETC1),2,False,12452
beacon-sector-control_diffuse_256.atf,beacon-sector-control,diffuse,256,256,256,9,COMPRESSED(DXT1/PVRTC/ETC1),2,False,39092
beacon-sector-control_diffuse_512.atf,beacon-sector-control,diffuse,512,512,512,10,COMPRESSED(DXT1/PVRTC/ETC1),2,False,131368
beacon-sector-control_glow_128.atf,beacon-sector-control,glow,128,128,128,8,COMPRESSED(DXT1/PVRTC/ETC1),2,False,8260
beacon-sector-control_glow_256.atf,beacon-sector-control,glow,256,256,256,9,COMPRESSED(DXT1/PVRTC/ETC1),2,False,20770
beacon-sector-control_glow_512.atf,beacon-sector-control,glow,512,512,512,10,COMPRESSED(DXT1/PVRTC/ETC1),2,False,55975
beacon-tdm-entrance_diffuse_128.atf,beacon-tdm-entrance,diffuse,128,128,128,8,COMPRESSED(DXT1/PVRTC/ETC1),2,False,10177
beacon-tdm-entrance_diffuse_256.atf,beacon-tdm-entrance,diffuse,256,256,256,9,COMPRESSED(DXT1/PVRTC/ETC1),2,False,32734
beacon-tdm-entrance_diffuse_512.atf,beacon-tdm-entrance,diffuse,512,512,512,10,COMPRESSED(DXT1/PVRTC/ETC1),2,False,112941
beacon-tdm-entrance_glow_128.atf,beacon-tdm-entrance,glow,128,128,128,8,COMPRESSED(DXT1/PVRTC/ETC1),2,False,2616
beacon-tdm-entrance_glow_256.atf,beacon-tdm-entrance,glow,256,256,256,9,COMPRESSED(DXT1/PVRTC/ETC1),2,False,4466
beacon-tdm-entrance_glow_512.atf,beacon-tdm-entrance,glow,512,512,512,10,COMPRESSED(DXT1/PVRTC/ETC1),2,False,8133
beacon-tdm-entrance_normal_128.atf,beacon-tdm-entrance,normal,128,128,128,8,COMPRESSED(DXT1/PVRTC/ETC1),2,False,11385
beacon-tdm-entrance_normal_256.atf,beacon-tdm-entrance,normal,256,256,256,9,COMPRESSED(DXT1/PVRTC/ETC1),2,False,35597
beacon-tdm-entrance_normal_512.atf,beacon-tdm-entrance,normal,512,512,512,10,COMPRESSED(DXT1/PVRTC/ETC1),2,False,115726
beacon-tdm-entrance_specular_128.atf,beacon-tdm-entrance,specular,128,128,128,8,COMPRESSED(DXT1/PVRTC/ETC1),2,False,9424
beacon-tdm-entrance_specular_256.atf,beacon-tdm-entrance,specular,256,256,256,9,COMPRESSED(DXT1/PVRTC/ETC1),2,False,30025
beacon-tdm-entrance_specular_512.atf,beacon-tdm-entrance,specular,512,512,512,10,COMPRESSED(DXT1/PVRTC/ETC1),2,False,104313
beacon_normal_128.atf,beacon,normal,128,128,128,8,COMPRESSED(DXT1/PVRTC/ETC1),2,False,11385
beacon_normal_256.atf,beacon,normal,256,256,256,9,COMPRESSED(DXT1/PVRTC/ETC1),2,False,35597
beacon_normal_512.atf,beacon,normal,512,512,512,10,COMPRESSED(DXT1/PVRTC/ETC1),2,False,115726
beacon_specular_128.atf,beacon,specular,128,128,128,8,COMPRESSED(DXT1/PVRTC/ETC1),2,False,9424
beacon_specular_256.atf,beacon,specular,256,256,256,9,COMPRESSED(DXT1/PVRTC/ETC1),2,False,30025
beacon_specular_512.atf,beacon,specular,512,512,512,10,COMPRESSED(DXT1/PVRTC/ETC1),2,False,104313
bigboy-mamba_diffuse_128.atf,bigboy-mamba,diffuse,128,128,128,8,COMPRESSED(DXT1/PVRTC/ETC1),2,False,12078
bigboy-mamba_diffuse_256.atf,bigboy-mamba,diffuse,256,256,256,9,COMPRESSED(DXT1/PVRTC/ETC1),2,False,39721
bigboy-mamba_diffuse_512.atf,bigboy-mamba,diffuse,512,512,512,10,COMPRESSED(DXT1/PVRTC/ETC1),2,False,143251
bigboy-solem_diffuse_128.atf,bigboy-solem,diffuse,128,128,128,8,COMPRESSED(DXT1/PVRTC/ETC1),2,False,11030
bigboy-solem_diffuse_256.atf,bigboy-solem,diffuse,256,256,256,9,COMPRESSED(DXT1/PVRTC/ETC1),2,False,35922
bigboy-solem_diffuse_512.atf,bigboy-solem,diffuse,512,512,512,10,COMPRESSED(DXT1/PVRTC/ETC1),2,False,129284
bigboy_diffuse_128.atf,bigboy,diffuse,128,128,128,8,COMPRESSED(DXT1/PVRTC/ETC1),2,False,10800
bigboy_diffuse_256.atf,bigboy,diffuse,256,256,256,9,COMPRESSED(DXT1/PVRTC/ETC1),2,False,35324
bigboy_diffuse_512.atf,bigboy,diffuse,512,512,512,10,COMPRESSED(DXT1/PVRTC/ETC1),2,False,125443
bigboy_glow_128.atf,bigboy,glow,128,128,128,8,COMPRESSED(DXT1/PVRTC/ETC1),2,False,2282
bigboy_glow_256.atf,bigboy,glow,256,256,256,9,COMPRESSED(DXT1/PVRTC/ETC1),2,False,3577
bigboy_glow_512.atf,bigboy,glow,512,512,512,10,COMPRESSED(DXT1/PVRTC/ETC1),2,False,5418
bigboy_normal_128.atf,bigboy,normal,128,128,128,8,COMPRESSED(DXT1/PVRTC/ETC1),2,False,12526
bigboy_normal_256.atf,bigboy,normal,256,256,256,9,COMPRESSED(DXT1/PVRTC/ETC1),2,False,40709
bigboy_normal_512.atf,bigboy,normal,512,512,512,10,COMPRESSED(DXT1/PVRTC/ETC1),2,False,144962
bigboy_specular_128.atf,bigboy,specular,128,128,128,8,COMPRESSED(DXT1/PVRTC/ETC1),2,False,9061
bigboy_specular_256.atf,bigboy,specular,256,256,256,9,COMPRESSED(DXT1/PVRTC/ETC1),2,False,29734
bigboy_specular_512.atf,bigboy,specular,512,512,512,10,COMPRESSED(DXT1/PVRTC/ETC1),2,False,107194
bollerwagen_diffuse_128.atf,bollerwagen,diffuse,128,128,128,8,COMPRESSED(DXT1/PVRTC/ETC1),2,False,12001
bollerwagen_diffuse_256.atf,bollerwagen,diffuse,256,256,256,9,COMPRESSED(DXT1/PVRTC/ETC1),2,False,36286
bollerwagen_diffuse_512.atf,bollerwagen,diffuse,512,512,512,10,COMPRESSED(DXT1/PVRTC/ETC1),2,False,118351
bollerwagen_normal_128.atf,bollerwagen,normal,128,128,128,8,COMPRESSED(DXT1/PVRTC/ETC1),2,False,10290
bollerwagen_normal_256.atf,bollerwagen,normal,256,256,256,9,COMPRESSED(DXT1/PVRTC/ETC1),2,False,30863
bollerwagen_normal_512.atf,bollerwagen,normal,512,512,512,10,COMPRESSED(DXT1/PVRTC/ETC1),2,False,103606
bollerwagen_specular_128.atf,bollerwagen,specular,128,128,128,8,COMPRESSED(DXT1/PVRTC/ETC1),2,False,8852
bollerwagen_specular_256.atf,bollerwagen,specular,256,256,256,9,COMPRESSED(DXT1/PVRTC/ETC1),2,False,26411
bollerwagen_specular_512.atf,bollerwagen,specular,512,512,512,10,COMPRESSED(DXT1/PVRTC/ETC1),2,False,87516
boosterstation-damage_diffuse_128.atf,boosterstation-damage,diffuse,128,128,128,8,COMPRESSED(DXT1/PVRTC/ETC1),2,False,11791
boosterstation-damage_diffuse_256.atf,boosterstation-damage,diffuse,256,256,256,9,COMPRESSED(DXT1/PVRTC/ETC1),2,False,37266
boosterstation-damage_diffuse_512.atf,boosterstation-damage,diffuse,512,512,512,10,COMPRESSED(DXT1/PVRTC/ETC1),2,False,128840
boosterstation-damage_glow_128.atf,boosterstation-damage,glow,128,128,128,8,COMPRESSED(DXT1/PVRTC/ETC1),2,False,5282
boosterstation-damage_glow_256.atf,boosterstation-damage,glow,256,256,256,9,COMPRESSED(DXT1/PVRTC/ETC1),2,False,11160
boosterstation-damage_glow_512.atf,boosterstation-damage,glow,512,512,512,10,COMPRESSED(DXT1/PVRTC/ETC1),2,False,25054
boosterstation-health_diffuse_128.atf,boosterstation-health,diffuse,128,128,128,8,COMPRESSED(DXT1/PVRTC/ETC1),2,False,11209
boosterstation-health_diffuse_256.atf,boosterstation-health,diffuse,256,256,256,9,COMPRESSED(DXT1/PVRTC/ETC1),2,False,36007
boosterstation-health_diffuse_512.atf,boosterstation-health,diffuse,512,512,512,10,COMPRESSED(DXT1/PVRTC/ETC1),2,False,124741
boosterstation-health_glow_128.atf,boosterstation-health,glow,128,128,128,8,COMPRESSED(DXT1/PVRTC/ETC1),2,False,5297
boosterstation-health_glow_256.atf,boosterstation-health,glow,256,256,256,9,COMPRESSED(DXT1/PVRTC/ETC1),2,False,11085
boosterstation-health_glow_512.atf,boosterstation-health,glow,512,512,512,10,COMPRESSED(DXT1/PVRTC/ETC1),2,False,24987
boosterstation-prisma_diffuse_128.atf,boosterstation-prisma,diffuse,128,128,128,8,COMPRESSED(DXT1/PVRTC/ETC1),2,False,10770
boosterstation-prisma_diffuse_256.atf,boosterstation-prisma,diffuse,256,256,256,9,COMPRESSED(DXT1/PVRTC/ETC1),2,False,34692
boosterstation-prisma_diffuse_512.atf,boosterstation-prisma,diffuse,512,512,512,10,COMPRESSED(DXT1/PVRTC/ETC1),2,False,121836
boosterstation-prisma_glow_128.atf,boosterstation-prisma,glow,128,128,128,8,COMPRESSED(DXT1/PVRTC/ETC1),2,False,4568
boosterstation-prisma_glow_256.atf,boosterstation-prisma,glow,256,256,256,9,COMPRESSED(DXT1/PVRTC/ETC1),2,False,9589
boosterstation-prisma_glow_512.atf,boosterstation-prisma,glow,512,512,512,10,COMPRESSED(DXT1/PVRTC/ETC1),2,False,21428
boosterstation-shield_diffuse_128.atf,boosterstation-shield,diffuse,128,128,128,8,COMPRESSED(DXT1/PVRTC/ETC1),2,False,11582
boosterstation-shield_diffuse_256.atf,boosterstation-shield,diffuse,256,256,256,9,COMPRESSED(DXT1/PVRTC/ETC1),2,False,37407
boosterstation-shield_diffuse_512.atf,boosterstation-shield,diffuse,512,512,512,10,COMPRESSED(DXT1/PVRTC/ETC1),2,False,129221
boosterstation-shield_glow_128.atf,boosterstation-shield,glow,128,128,128,8,COMPRESSED(DXT1/PVRTC/ETC1),2,False,5801
boosterstation-shield_glow_256.atf,boosterstation-shield,glow,256,256,256,9,COMPRESSED(DXT1/PVRTC/ETC1),2,False,12439
boosterstation-shield_glow_512.atf,boosterstation-shield,glow,512,512,512,10,COMPRESSED(DXT1/PVRTC/ETC1),2,False,28069
boosterstation_normal_128.atf,boosterstation,normal,128,128,128,8,COMPRESSED(DXT1/PVRTC/ETC1),2,False,11448
boosterstation_normal_256.atf,boosterstation,normal,256,256,256,9,COMPRESSED(DXT1/PVRTC/ETC1),2,False,34962
boosterstation_normal_512.atf,boosterstation,normal,512,512,512,10,COMPRESSED(DXT1/PVRTC/ETC1),2,False,113372
boosterstation_specular_128.atf,boosterstation,specular,128,128,128,8,COMPRESSED(DXT1/PVRTC/ETC1),2,False,9294
boosterstation_specular_256.atf,boosterstation,specular,256,256,256,9,COMPRESSED(DXT1/PVRTC/ETC1),2,False,29924
boosterstation_specular_512.atf,boosterstation,specular,512,512,512,10,COMPRESSED(DXT1/PVRTC/ETC1),2,False,103636
building-hangar-eic_diffuse_128.atf,building-hangar-eic,diffuse,128,128,128,8,COMPRESSED(DXT1/PVRTC/ETC1),2,False,10118
building-hangar-eic_diffuse_256.atf,building-hangar-eic,diffuse,256,256,256,9,COMPRESSED(DXT1/PVRTC/ETC1),2,False,31598
building-hangar-eic_diffuse_512.atf,building-hangar-eic,diffuse,512,512,512,10,COMPRESSED(DXT1/PVRTC/ETC1),2,False,105946
building-hangar-mmo_diffuse_128.atf,building-hangar-mmo,diffuse,128,128,128,8,COMPRESSED(DXT1/PVRTC/ETC1),2,False,10232
building-hangar-mmo_diffuse_256.atf,building-hangar-mmo,diffuse,256,256,256,9,COMPRESSED(DXT1/PVRTC/ETC1),2,False,31951
building-hangar-mmo_diffuse_512.atf,building-hangar-mmo,diffuse,512,512,512,10,COMPRESSED(DXT1/PVRTC/ETC1),2,False,106886
building-hangar-vru_diffuse_128.atf,building-hangar-vru,diffuse,128,128,128,8,COMPRESSED(DXT1/PVRTC/ETC1),2,False,10215
building-hangar-vru_diffuse_256.atf,building-hangar-vru,diffuse,256,256,256,9,COMPRESSED(DXT1/PVRTC/ETC1),2,False,31875
building-hangar-vru_diffuse_512.atf,building-hangar-vru,diffuse,512,512,512,10,COMPRESSED(DXT1/PVRTC/ETC1),2,False,106535
building-hangar_glow_128.atf,building-hangar,glow,128,128,128,8,COMPRESSED(DXT1/PVRTC/ETC1),2,False,9665
building-hangar_glow_256.atf,building-hangar,glow,256,256,256,9,COMPRESSED(DXT1/PVRTC/ETC1),2,False,25125
building-hangar_glow_512.atf,building-hangar,glow,512,512,512,10,COMPRESSED(DXT1/PVRTC/ETC1),2,False,71026
building-hangar_normal_128.atf,building-hangar,normal,128,128,128,8,COMPRESSED(DXT1/PVRTC/ETC1),2,False,10496
building-hangar_normal_256.atf,building-hangar,normal,256,256,256,9,COMPRESSED(DXT1/PVRTC/ETC1),2,False,32956
building-hangar_normal_512.atf,building-hangar,normal,512,512,512,10,COMPRESSED(DXT1/PVRTC/ETC1),2,False,113864
building-hangar_specular_128.atf,building-hangar,specular,128,128,128,8,COMPRESSED(DXT1/PVRTC/ETC1),2,False,8501
building-hangar_specular_256.atf,building-hangar,specular,256,256,256,9,COMPRESSED(DXT1/PVRTC/ETC1),2,False,25745
building-hangar_specular_512.atf,building-hangar,specular,512,512,512,10,COMPRESSED(DXT1/PVRTC/ETC1),2,False,88123
building-hq-eic-demolished_diffuse_1024.atf,building-hq-eic-demolished,diffuse,1024,1024,1024,11,COMPRESSED(DXT1/PVRTC/ETC1),2,False,419656
building-hq-eic-demolished_diffuse_128.atf,building-hq-eic-demolished,diffuse,128,128,128,8,COMPRESSED(DXT1/PVRTC/ETC1),2,False,11081
building-hq-eic-demolished_diffuse_256.atf,building-hq-eic-demolished,diffuse,256,256,256,9,COMPRESSED(DXT1/PVRTC/ETC1),2,False,35229
building-hq-eic-demolished_diffuse_512.atf,building-hq-eic-demolished,diffuse,512,512,512,10,COMPRESSED(DXT1/PVRTC/ETC1),2,False,119145
building-hq-eic_alpha_1024.atf,building-hq-eic,alpha,1024,1024,1024,11,COMPRESSED_ALPHA(DXT5),4,False,46381
building-hq-eic_alpha_128.atf,building-hq-eic,alpha,128,128,128,8,COMPRESSED_ALPHA(DXT5),4,False,5935
building-hq-eic_alpha_256.atf,building-hq-eic,alpha,256,256,256,9,COMPRESSED_ALPHA(DXT5),4,False,10843
building-hq-eic_alpha_512.atf,building-hq-eic,alpha,512,512,512,10,COMPRESSED_ALPHA(DXT5),4,False,21923
building-hq-eic_clean_1024.atf,building-hq-eic,clean,1024,1024,1024,11,COMPRESSED_ALPHA(DXT5),4,False,420023
building-hq-eic_clean_128.atf,building-hq-eic,clean,128,128,128,8,COMPRESSED(DXT1/PVRTC/ETC1),2,False,11254
building-hq-eic_clean_256.atf,building-hq-eic,clean,256,256,256,9,COMPRESSED_ALPHA(DXT5),4,False,36615
building-hq-eic_clean_512.atf,building-hq-eic,clean,512,512,512,10,COMPRESSED_ALPHA(DXT5),4,False,120938
building-hq-eic_diffuse_1024.atf,building-hq-eic,diffuse,1024,1024,1024,11,COMPRESSED(DXT1/PVRTC/ETC1),2,False,389196
building-hq-eic_diffuse_128.atf,building-hq-eic,diffuse,128,128,128,8,COMPRESSED(DXT1/PVRTC/ETC1),2,False,10519
building-hq-eic_diffuse_256.atf,building-hq-eic,diffuse,256,256,256,9,COMPRESSED(DXT1/PVRTC/ETC1),2,False,33178
building-hq-eic_diffuse_512.atf,building-hq-eic,diffuse,512,512,512,10,COMPRESSED(DXT1/PVRTC/ETC1),2,False,111105
building-hq-eic_glow_1024.atf,building-hq-eic,glow,1024,1024,1024,11,COMPRESSED_ALPHA(DXT5),4,False,202973
building-hq-eic_glow_128.atf,building-hq-eic,glow,128,128,128,8,COMPRESSED_ALPHA(DXT5),4,False,10091
building-hq-eic_glow_256.atf,building-hq-eic,glow,256,256,256,9,COMPRESSED_ALPHA(DXT5),4,False,25135
building-hq-eic_glow_512.atf,building-hq-eic,glow,512,512,512,10,COMPRESSED_ALPHA(DXT5),4,False,69601
building-hq-eic_normal_1024.atf,building-hq-eic,normal,1024,1024,1024,11,COMPRESSED_ALPHA(DXT5),4,False,321885
building-hq-eic_normal_128.atf,building-hq-eic,normal,128,128,128,8,COMPRESSED_ALPHA(DXT5),4,False,11978
building-hq-eic_normal_256.atf,building-hq-eic,normal,256,256,256,9,COMPRESSED_ALPHA(DXT5),4,False,33818
building-hq-eic_normal_512.atf,building-hq-eic,normal,512,512,512,10,COMPRESSED_ALPHA(DXT5),4,False,102728
building-hq-eic_specular_1024.atf,building-hq-eic,specular,1024,1024,1024,11,COMPRESSED(DXT1/PVRTC/ETC1),2,False,360983
building-hq-eic_specular_128.atf,building-hq-eic,specular,128,128,128,8,COMPRESSED(DXT1/PVRTC/ETC1),2,False,10037
building-hq-eic_specular_256.atf,building-hq-eic,specular,256,256,256,9,COMPRESSED(DXT1/PVRTC/ETC1),2,False,31216
building-hq-eic_specular_512.atf,building-hq-eic,specular,512,512,512,10,COMPRESSED(DXT1/PVRTC/ETC1),2,False,104330
building-hq-mmo_alpha_1024.atf,building-hq-mmo,alpha,1024,1024,1024,11,COMPRESSED(DXT1/PVRTC/ETC1),2,False,63039
building-hq-mmo_alpha_128.atf,building-hq-mmo,alpha,128,128,128,8,COMPRESSED(DXT1/PVRTC/ETC1),2,False,5211
building-hq-mmo_alpha_256.atf,building-hq-mmo,alpha,256,256,256,9,COMPRESSED(DXT1/PVRTC/ETC1),2,False,11583
building-hq-mmo_alpha_512.atf,building-hq-mmo,alpha,512,512,512,10,COMPRESSED(DXT1/PVRTC/ETC1),2,False,27970
building-hq-mmo_diffuse_1024.atf,building-hq-mmo,diffuse,1024,1024,1024,11,COMPRESSED(DXT1/PVRTC/ETC1),2,False,458706
building-hq-mmo_diffuse_128.atf,building-hq-mmo,diffuse,128,128,128,8,COMPRESSED(DXT1/PVRTC/ETC1),2,False,10468
building-hq-mmo_diffuse_256.atf,building-hq-mmo,diffuse,256,256,256,9,COMPRESSED(DXT1/PVRTC/ETC1),2,False,34486
building-hq-mmo_diffuse_512.atf,building-hq-mmo,diffuse,512,512,512,10,COMPRESSED(DXT1/PVRTC/ETC1),2,False,124240
building-hq-mmo_glow_1024.atf,building-hq-mmo,glow,1024,1024,1024,11,COMPRESSED(DXT1/PVRTC/ETC1),2,False,174620
building-hq-mmo_glow_128.atf,building-hq-mmo,glow,128,128,128,8,COMPRESSED(DXT1/PVRTC/ETC1),2,False,8159
building-hq-mmo_glow_256.atf,building-hq-mmo,glow,256,256,256,9,COMPRESSED(DXT1/PVRTC/ETC1),2,False,21196
building-hq-mmo_glow_512.atf,building-hq-mmo,glow,512,512,512,10,COMPRESSED(DXT1/PVRTC/ETC1),2,False,60248
building-hq-mmo_normal_1024.atf,building-hq-mmo,normal,1024,1024,1024,11,COMPRESSED(DXT1/PVRTC/ETC1),2,False,409736
building-hq-mmo_normal_128.atf,building-hq-mmo,normal,128,128,128,8,COMPRESSED(DXT1/PVRTC/ETC1),2,False,11068
building-hq-mmo_normal_256.atf,building-hq-mmo,normal,256,256,256,9,COMPRESSED(DXT1/PVRTC/ETC1),2,False,35907
building-hq-mmo_normal_512.atf,building-hq-mmo,normal,512,512,512,10,COMPRESSED(DXT1/PVRTC/ETC1),2,False,122280
building-hq-mmo_specular_1024.atf,building-hq-mmo,specular,1024,1024,1024,11,COMPRESSED(DXT1/PVRTC/ETC1),2,False,399767
building-hq-mmo_specular_128.atf,building-hq-mmo,specular,128,128,128,8,COMPRESSED(DXT1/PVRTC/ETC1),2,False,9504
building-hq-mmo_specular_256.atf,building-hq-mmo,specular,256,256,256,9,COMPRESSED(DXT1/PVRTC/ETC1),2,False,30497
building-hq-mmo_specular_512.atf,building-hq-mmo,specular,512,512,512,10,COMPRESSED(DXT1/PVRTC/ETC1),2,False,108321
building-hq-turret-eic_diffuse_1024.atf,building-hq-turret-eic,diffuse,1024,1024,1024,11,COMPRESSED(DXT1/PVRTC/ETC1),2,False,371205
building-hq-turret-eic_diffuse_128.atf,building-hq-turret-eic,diffuse,128,128,128,8,COMPRESSED(DXT1/PVRTC/ETC1),2,False,11184
building-hq-turret-eic_diffuse_256.atf,building-hq-turret-eic,diffuse,256,256,256,9,COMPRESSED(DXT1/PVRTC/ETC1),2,False,33816
building-hq-turret-eic_diffuse_512.atf,building-hq-turret-eic,diffuse,512,512,512,10,COMPRESSED(DXT1/PVRTC/ETC1),2,False,111375
building-hq-turret-eic_glow_1024.atf,building-hq-turret-eic,glow,1024,1024,1024,11,COMPRESSED(DXT1/PVRTC/ETC1),2,False,180646
building-hq-turret-eic_glow_128.atf,building-hq-turret-eic,glow,128,128,128,8,COMPRESSED(DXT1/PVRTC/ETC1),2,False,8094
building-hq-turret-eic_glow_256.atf,building-hq-turret-eic,glow,256,256,256,9,COMPRESSED(DXT1/PVRTC/ETC1),2,False,21489
building-hq-turret-eic_glow_512.atf,building-hq-turret-eic,glow,512,512,512,10,COMPRESSED(DXT1/PVRTC/ETC1),2,False,61739
building-hq-turret-mmo_diffuse_128.atf,building-hq-turret-mmo,diffuse,128,128,128,8,COMPRESSED(DXT1/PVRTC/ETC1),2,False,11225
building-hq-turret-mmo_diffuse_256.atf,building-hq-turret-mmo,diffuse,256,256,256,9,COMPRESSED(DXT1/PVRTC/ETC1),2,False,34169
building-hq-turret-mmo_diffuse_512.atf,building-hq-turret-mmo,diffuse,512,512,512,10,COMPRESSED(DXT1/PVRTC/ETC1),2,False,113888
building-hq-turret-mmo_glow_1024.atf,building-hq-turret-mmo,glow,1024,1024,1024,11,COMPRESSED(DXT1/PVRTC/ETC1),2,False,150277
building-hq-turret-mmo_glow_128.atf,building-hq-turret-mmo,glow,128,128,128,8,COMPRESSED(DXT1/PVRTC/ETC1),2,False,7150
building-hq-turret-mmo_glow_256.atf,building-hq-turret-mmo,glow,256,256,256,9,COMPRESSED(DXT1/PVRTC/ETC1),2,False,18271
building-hq-turret-mmo_glow_512.atf,building-hq-turret-mmo,glow,512,512,512,10,COMPRESSED(DXT1/PVRTC/ETC1),2,False,51646
building-hq-turret-vru_diffuse_128.atf,building-hq-turret-vru,diffuse,128,128,128,8,COMPRESSED(DXT1/PVRTC/ETC1),2,False,11678
building-hq-turret-vru_diffuse_256.atf,building-hq-turret-vru,diffuse,256,256,256,9,COMPRESSED(DXT1/PVRTC/ETC1),2,False,36180
building-hq-turret-vru_diffuse_512.atf,building-hq-turret-vru,diffuse,512,512,512,10,COMPRESSED(DXT1/PVRTC/ETC1),2,False,124104
building-hq-turret-vru_glow_1024.atf,building-hq-turret-vru,glow,1024,1024,1024,11,COMPRESSED(DXT1/PVRTC/ETC1),2,False,155903
building-hq-turret-vru_glow_128.atf,building-hq-turret-vru,glow,128,128,128,8,COMPRESSED(DXT1/PVRTC/ETC1),2,False,7372
building-hq-turret-vru_glow_256.atf,building-hq-turret-vru,glow,256,256,256,9,COMPRESSED(DXT1/PVRTC/ETC1),2,False,18993
building-hq-turret-vru_glow_512.atf,building-hq-turret-vru,glow,512,512,512,10,COMPRESSED(DXT1/PVRTC/ETC1),2,False,53831
building-hq-turret_normal_1024.atf,building-hq-turret,normal,1024,1024,1024,11,COMPRESSED(DXT1/PVRTC/ETC1),2,False,392615
building-hq-turret_normal_128.atf,building-hq-turret,normal,128,128,128,8,COMPRESSED(DXT1/PVRTC/ETC1),2,False,10788
building-hq-turret_normal_256.atf,building-hq-turret,normal,256,256,256,9,COMPRESSED(DXT1/PVRTC/ETC1),2,False,34506
building-hq-turret_normal_512.atf,building-hq-turret,normal,512,512,512,10,COMPRESSED(DXT1/PVRTC/ETC1),2,False,114567
building-hq-turret_specular_1024.atf,building-hq-turret,specular,1024,1024,1024,11,COMPRESSED(DXT1/PVRTC/ETC1),2,False,308508
building-hq-turret_specular_128.atf,building-hq-turret,specular,128,128,128,8,COMPRESSED(DXT1/PVRTC/ETC1),2,False,8495
building-hq-turret_specular_256.atf,building-hq-turret,specular,256,256,256,9,COMPRESSED(DXT1/PVRTC/ETC1),2,False,26408
building-hq-turret_specular_512.atf,building-hq-turret,specular,512,512,512,10,COMPRESSED(DXT1/PVRTC/ETC1),2,False,89310
building-hq-vru-demolished_diffuse_1024.atf,building-hq-vru-demolished,diffuse,1024,1024,1024,11,COMPRESSED(DXT1/PVRTC/ETC1),2,False,427952
building-hq-vru-demolished_diffuse_128.atf,building-hq-vru-demolished,diffuse,128,128,128,8,COMPRESSED(DXT1/PVRTC/ETC1),2,False,10887
building-hq-vru-demolished_diffuse_256.atf,building-hq-vru-demolished,diffuse,256,256,256,9,COMPRESSED(DXT1/PVRTC/ETC1),2,False,34328
building-hq-vru-demolished_diffuse_512.atf,building-hq-vru-demolished,diffuse,512,512,512,10,COMPRESSED(DXT1/PVRTC/ETC1),2,False,118181
building-hq-vru_diffuse_1024.atf,building-hq-vru,diffuse,1024,1024,1024,11,COMPRESSED(DXT1/PVRTC/ETC1),2,False,400875
building-hq-vru_diffuse_128.atf,building-hq-vru,diffuse,128,128,128,8,COMPRESSED(DXT1/PVRTC/ETC1),2,False,9836
building-hq-vru_diffuse_256.atf,building-hq-vru,diffuse,256,256,256,9,COMPRESSED(DXT1/PVRTC/ETC1),2,False,31863
building-hq-vru_diffuse_512.atf,building-hq-vru,diffuse,512,512,512,10,COMPRESSED(DXT1/PVRTC/ETC1),2,False,110522
building-hq-vru_glow_1024.atf,building-hq-vru,glow,1024,1024,1024,11,COMPRESSED(DXT1/PVRTC/ETC1),2,False,314310
building-hq-vru_glow_128.atf,building-hq-vru,glow,128,128,128,8,COMPRESSED(DXT1/PVRTC/ETC1),2,False,10121
building-hq-vru_glow_256.atf,building-hq-vru,glow,256,256,256,9,COMPRESSED(DXT1/PVRTC/ETC1),2,False,29479
building-hq-vru_glow_512.atf,building-hq-vru,glow,512,512,512,10,COMPRESSED(DXT1/PVRTC/ETC1),2,False,92675
building-hq-vru_normal_1024.atf,building-hq-vru,normal,1024,1024,1024,11,COMPRESSED(DXT1/PVRTC/ETC1),2,False,438798
building-hq-vru_normal_128.atf,building-hq-vru,normal,128,128,128,8,COMPRESSED(DXT1/PVRTC/ETC1),2,False,10914
building-hq-vru_normal_256.atf,building-hq-vru,normal,256,256,256,9,COMPRESSED(DXT1/PVRTC/ETC1),2,False,36155
building-hq-vru_normal_512.atf,building-hq-vru,normal,512,512,512,10,COMPRESSED(DXT1/PVRTC/ETC1),2,False,123889
building-hq-vru_specular_1024.atf,building-hq-vru,specular,1024,1024,1024,11,COMPRESSED(DXT1/PVRTC/ETC1),2,False,324797
building-hq-vru_specular_128.atf,building-hq-vru,specular,128,128,128,8,COMPRESSED(DXT1/PVRTC/ETC1),2,False,9222
building-hq-vru_specular_256.atf,building-hq-vru,specular,256,256,256,9,COMPRESSED(DXT1/PVRTC/ETC1),2,False,28229
building-hq-vru_specular_512.atf,building-hq-vru,specular,512,512,512,10,COMPRESSED(DXT1/PVRTC/ETC1),2,False,94065
building-mission-central-eic_diffuse_128.atf,building-mission-central-eic,diffuse,128,128,128,8,COMPRESSED(DXT1/PVRTC/ETC1),2,False,11052
building-mission-central-eic_diffuse_256.atf,building-mission-central-eic,diffuse,256,256,256,9,COMPRESSED(DXT1/PVRTC/ETC1),2,False,36243
building-mission-central-eic_diffuse_512.atf,building-mission-central-eic,diffuse,512,512,512,10,COMPRESSED(DXT1/PVRTC/ETC1),2,False,130105
building-mission-central-eic_glow_128.atf,building-mission-central-eic,glow,128,128,128,8,COMPRESSED(DXT1/PVRTC/ETC1),2,False,8604
building-mission-central-eic_glow_256.atf,building-mission-central-eic,glow,256,256,256,9,COMPRESSED(DXT1/PVRTC/ETC1),2,False,25450
building-mission-central-eic_glow_512.atf,building-mission-central-eic,glow,512,512,512,10,COMPRESSED(DXT1/PVRTC/ETC1),2,False,80959
building-mission-central-mmo_diffuse_128.atf,building-mission-central-mmo,diffuse,128,128,128,8,COMPRESSED_ALPHA(DXT5),4,False,12012
building-mission-central-mmo_diffuse_256.atf,building-mission-central-mmo,diffuse,256,256,256,9,COMPRESSED_ALPHA(DXT5),4,False,36926
building-mission-central-mmo_diffuse_512.atf,building-mission-central-mmo,diffuse,512,512,512,10,COMPRESSED_ALPHA(DXT5),4,False,130695
building-mission-central-mmo_glow_128.atf,building-mission-central-mmo,glow,128,128,128,8,COMPRESSED(DXT1/PVRTC/ETC1),2,False,8875
building-mission-central-mmo_glow_256.atf,building-mission-central-mmo,glow,256,256,256,9,COMPRESSED(DXT1/PVRTC/ETC1),2,False,26540
building-mission-central-mmo_glow_512.atf,building-mission-central-mmo,glow,512,512,512,10,COMPRESSED(DXT1/PVRTC/ETC1),2,False,84708
building-mission-central-vru_diffuse_128.atf,building-mission-central-vru,diffuse,128,128,128,8,COMPRESSED_ALPHA(DXT5),4,False,12202
building-mission-central-vru_diffuse_256.atf,building-mission-central-vru,diffuse,256,256,256,9,COMPRESSED_ALPHA(DXT5),4,False,37229
building-mission-central-vru_diffuse_512.atf,building-mission-central-vru,diffuse,512,512,512,10,COMPRESSED_ALPHA(DXT5),4,False,131387
building-mission-central-vru_glow_128.atf,building-mission-central-vru,glow,128,128,128,8,COMPRESSED(DXT1/PVRTC/ETC1),2,False,8236
building-mission-central-vru_glow_256.atf,building-mission-central-vru,glow,256,256,256,9,COMPRESSED(DXT1/PVRTC/ETC1),2,False,23312
building-mission-central-vru_glow_512.atf,building-mission-central-vru,glow,512,512,512,10,COMPRESSED(DXT1/PVRTC/ETC1),2,False,71285
building-mission-central_alpha_128.atf,building-mission-central,alpha,128,128,128,8,COMPRESSED(DXT1/PVRTC/ETC1),2,False,7047
building-mission-central_alpha_256.atf,building-mission-central,alpha,256,256,256,9,COMPRESSED(DXT1/PVRTC/ETC1),2,False,17064
building-mission-central_alpha_512.atf,building-mission-central,alpha,512,512,512,10,COMPRESSED(DXT1/PVRTC/ETC1),2,False,43968
building-mission-central_glow_128.atf,building-mission-central,glow,128,128,128,8,COMPRESSED_ALPHA(DXT5),4,False,5859
building-mission-central_glow_256.atf,building-mission-central,glow,256,256,256,9,COMPRESSED_ALPHA(DXT5),4,False,11140
building-mission-central_glow_512.atf,building-mission-central,glow,512,512,512,10,COMPRESSED_ALPHA(DXT5),4,False,21603
building-mission-central_normal_128.atf,building-mission-central,normal,128,128,128,8,COMPRESSED_ALPHA(DXT5),4,False,11861
building-mission-central_normal_256.atf,building-mission-central,normal,256,256,256,9,COMPRESSED_ALPHA(DXT5),4,False,34925
building-mission-central_normal_512.atf,building-mission-central,normal,512,512,512,10,COMPRESSED_ALPHA(DXT5),4,False,112897
building-mission-central_specular_128.atf,building-mission-central,specular,128,128,128,8,COMPRESSED_ALPHA(DXT5),4,False,10319
building-mission-central_specular_256.atf,building-mission-central,specular,256,256,256,9,COMPRESSED_ALPHA(DXT5),4,False,29526
building-mission-central_specular_512.atf,building-mission-central,specular,512,512,512,10,COMPRESSED_ALPHA(DXT5),4,False,97015
building-questgiver-beacon-eic_diffuse_128.atf,building-questgiver-beacon-eic,diffuse,128,128,128,8,COMPRESSED(DXT1/PVRTC/ETC1),2,False,10672
building-questgiver-beacon-eic_diffuse_256.atf,building-questgiver-beacon-eic,diffuse,256,256,256,9,COMPRESSED(DXT1/PVRTC/ETC1),2,False,33275
building-questgiver-beacon-eic_diffuse_512.atf,building-questgiver-beacon-eic,diffuse,512,512,512,10,COMPRESSED(DXT1/PVRTC/ETC1),2,False,114878
building-questgiver-beacon-eic_glow_128.atf,building-questgiver-beacon-eic,glow,128,128,128,8,COMPRESSED(DXT1/PVRTC/ETC1),2,False,4872
building-questgiver-beacon-eic_glow_256.atf,building-questgiver-beacon-eic,glow,256,256,256,9,COMPRESSED(DXT1/PVRTC/ETC1),2,False,11446
building-questgiver-beacon-eic_glow_512.atf,building-questgiver-beacon-eic,glow,512,512,512,10,COMPRESSED(DXT1/PVRTC/ETC1),2,False,32635
building-questgiver-beacon-mmo_diffuse_128.atf,building-questgiver-beacon-mmo,diffuse,128,128,128,8,COMPRESSED(DXT1/PVRTC/ETC1),2,False,10679
building-questgiver-beacon-mmo_diffuse_256.atf,building-questgiver-beacon-mmo,diffuse,256,256,256,9,COMPRESSED(DXT1/PVRTC/ETC1),2,False,33427
building-questgiver-beacon-mmo_diffuse_512.atf,building-questgiver-beacon-mmo,diffuse,512,512,512,10,COMPRESSED(DXT1/PVRTC/ETC1),2,False,115805
building-questgiver-beacon-mmo_glow_128.atf,building-questgiver-beacon-mmo,glow,128,128,128,8,COMPRESSED(DXT1/PVRTC/ETC1),2,False,4808
building-questgiver-beacon-mmo_glow_256.atf,building-questgiver-beacon-mmo,glow,256,256,256,9,COMPRESSED(DXT1/PVRTC/ETC1),2,False,11348
building-questgiver-beacon-mmo_glow_512.atf,building-questgiver-beacon-mmo,glow,512,512,512,10,COMPRESSED(DXT1/PVRTC/ETC1),2,False,32410
building-questgiver-beacon-vru_diffuse_128.atf,building-questgiver-beacon-vru,diffuse,128,128,128,8,COMPRESSED(DXT1/PVRTC/ETC1),2,False,10640
building-questgiver-beacon-vru_diffuse_256.atf,building-questgiver-beacon-vru,diffuse,256,256,256,9,COMPRESSED(DXT1/PVRTC/ETC1),2,False,33234
building-questgiver-beacon-vru_diffuse_512.atf,building-questgiver-beacon-vru,diffuse,512,512,512,10,COMPRESSED(DXT1/PVRTC/ETC1),2,False,115161
building-questgiver-beacon-vru_glow_128.atf,building-questgiver-beacon-vru,glow,128,128,128,8,COMPRESSED(DXT1/PVRTC/ETC1),2,False,4802
building-questgiver-beacon-vru_glow_256.atf,building-questgiver-beacon-vru,glow,256,256,256,9,COMPRESSED(DXT1/PVRTC/ETC1),2,False,11298
building-questgiver-beacon-vru_glow_512.atf,building-questgiver-beacon-vru,glow,512,512,512,10,COMPRESSED(DXT1/PVRTC/ETC1),2,False,32218
building-questgiver-beacon_normal_128.atf,building-questgiver-beacon,normal,128,128,128,8,COMPRESSED(DXT1/PVRTC/ETC1),2,False,11137
building-questgiver-beacon_normal_256.atf,building-questgiver-beacon,normal,256,256,256,9,COMPRESSED(DXT1/PVRTC/ETC1),2,False,34605
building-questgiver-beacon_normal_512.atf,building-questgiver-beacon,normal,512,512,512,10,COMPRESSED(DXT1/PVRTC/ETC1),2,False,113075
building-questgiver-beacon_specular_128.atf,building-questgiver-beacon,specular,128,128,128,8,COMPRESSED(DXT1/PVRTC/ETC1),2,False,9763
building-questgiver-beacon_specular_256.atf,building-questgiver-beacon,specular,256,256,256,9,COMPRESSED(DXT1/PVRTC/ETC1),2,False,29638
building-questgiver-beacon_specular_512.atf,building-questgiver-beacon,specular,512,512,512,10,COMPRESSED(DXT1/PVRTC/ETC1),2,False,100254
building-repair-module-eic_diffuse_128.atf,building-repair-module-eic,diffuse,128,128,128,8,COMPRESSED(DXT1/PVRTC/ETC1),2,False,11633
building-repair-module-eic_diffuse_256.atf,building-repair-module-eic,diffuse,256,256,256,9,COMPRESSED(DXT1/PVRTC/ETC1),2,False,38768
building-repair-module-eic_diffuse_512.atf,building-repair-module-eic,diffuse,512,512,512,10,COMPRESSED(DXT1/PVRTC/ETC1),2,False,140369
building-repair-module-mmo_diffuse_128.atf,building-repair-module-mmo,diffuse,128,128,128,8,COMPRESSED(DXT1/PVRTC/ETC1),2,False,11767
building-repair-module-mmo_diffuse_256.atf,building-repair-module-mmo,diffuse,256,256,256,9,COMPRESSED(DXT1/PVRTC/ETC1),2,False,39020
building-repair-module-mmo_diffuse_512.atf,building-repair-module-mmo,diffuse,512,512,512,10,COMPRESSED(DXT1/PVRTC/ETC1),2,False,140607
building-repair-module-vru_diffuse_128.atf,building-repair-module-vru,diffuse,128,128,128,8,COMPRESSED(DXT1/PVRTC/ETC1),2,False,11671
building-repair-module-vru_diffuse_256.atf,building-repair-module-vru,diffuse,256,256,256,9,COMPRESSED(DXT1/PVRTC/ETC1),2,False,38968
building-repair-module-vru_diffuse_512.atf,building-repair-module-vru,diffuse,512,512,512,10,COMPRESSED(DXT1/PVRTC/ETC1),2,False,142122
building-repair-module_glow_128.atf,building-repair-module,glow,128,128,128,8,COMPRESSED(DXT1/PVRTC/ETC1),2,False,8000
building-repair-module_glow_256.atf,building-repair-module,glow,256,256,256,9,COMPRESSED(DXT1/PVRTC/ETC1),2,False,20882
building-repair-module_glow_512.atf,building-repair-module,glow,512,512,512,10,COMPRESSED(DXT1/PVRTC/ETC1),2,False,58802
building-repair-module_normal_128.atf,building-repair-module,normal,128,128,128,8,COMPRESSED(DXT1/PVRTC/ETC1),2,False,10884
building-repair-module_normal_256.atf,building-repair-module,normal,256,256,256,9,COMPRESSED(DXT1/PVRTC/ETC1),2,False,34991
building-repair-module_normal_512.atf,building-repair-module,normal,512,512,512,10,COMPRESSED(DXT1/PVRTC/ETC1),2,False,125885
building-repair-module_specular_128.atf,building-repair-module,specular,128,128,128,8,COMPRESSED(DXT1/PVRTC/ETC1),2,False,9550
building-repair-module_specular_256.atf,building-repair-module,specular,256,256,256,9,COMPRESSED(DXT1/PVRTC/ETC1),2,False,32480
building-repair-module_specular_512.atf,building-repair-module,specular,512,512,512,10,COMPRESSED(DXT1/PVRTC/ETC1),2,False,122298
building-tradeport-eic_diffuse_128.atf,building-tradeport-eic,diffuse,128,128,128,8,COMPRESSED(DXT1/PVRTC/ETC1),2,False,10429
building-tradeport-eic_diffuse_256.atf,building-tradeport-eic,diffuse,256,256,256,9,COMPRESSED(DXT1/PVRTC/ETC1),2,False,34022
building-tradeport-eic_diffuse_512.atf,building-tradeport-eic,diffuse,512,512,512,10,COMPRESSED(DXT1/PVRTC/ETC1),2,False,119476
building-tradeport-eic_glow_128.atf,building-tradeport-eic,glow,128,128,128,8,COMPRESSED(DXT1/PVRTC/ETC1),2,False,9933
building-tradeport-eic_glow_256.atf,building-tradeport-eic,glow,256,256,256,9,COMPRESSED(DXT1/PVRTC/ETC1),2,False,30611
building-tradeport-eic_glow_512.atf,building-tradeport-eic,glow,512,512,512,10,COMPRESSED(DXT1/PVRTC/ETC1),2,False,101013
building-tradeport-mmo_diffuse_128.atf,building-tradeport-mmo,diffuse,128,128,128,8,COMPRESSED(DXT1/PVRTC/ETC1),2,False,10639
building-tradeport-mmo_diffuse_256.atf,building-tradeport-mmo,diffuse,256,256,256,9,COMPRESSED(DXT1/PVRTC/ETC1),2,False,34535
building-tradeport-mmo_diffuse_512.atf,building-tradeport-mmo,diffuse,512,512,512,10,COMPRESSED(DXT1/PVRTC/ETC1),2,False,120803
building-tradeport-mmo_glow_128.atf,building-tradeport-mmo,glow,128,128,128,8,COMPRESSED(DXT1/PVRTC/ETC1),2,False,9900
building-tradeport-mmo_glow_256.atf,building-tradeport-mmo,glow,256,256,256,9,COMPRESSED(DXT1/PVRTC/ETC1),2,False,30589
building-tradeport-mmo_glow_512.atf,building-tradeport-mmo,glow,512,512,512,10,COMPRESSED(DXT1/PVRTC/ETC1),2,False,101061
building-tradeport-vru_diffuse_128.atf,building-tradeport-vru,diffuse,128,128,128,8,COMPRESSED(DXT1/PVRTC/ETC1),2,False,10268
building-tradeport-vru_diffuse_256.atf,building-tradeport-vru,diffuse,256,256,256,9,COMPRESSED(DXT1/PVRTC/ETC1),2,False,33564
building-tradeport-vru_diffuse_512.atf,building-tradeport-vru,diffuse,512,512,512,10,COMPRESSED(DXT1/PVRTC/ETC1),2,False,118145
building-tradeport-vru_glow_128.atf,building-tradeport-vru,glow,128,128,128,8,COMPRESSED(DXT1/PVRTC/ETC1),2,False,9861
building-tradeport-vru_glow_256.atf,building-tradeport-vru,glow,256,256,256,9,COMPRESSED(DXT1/PVRTC/ETC1),2,False,30483
building-tradeport-vru_glow_512.atf,building-tradeport-vru,glow,512,512,512,10,COMPRESSED(DXT1/PVRTC/ETC1),2,False,100381
building-tradeport_alpha_128.atf,building-tradeport,alpha,128,128,128,8,COMPRESSED(DXT1/PVRTC/ETC1),2,False,6713
building-tradeport_alpha_256.atf,building-tradeport,alpha,256,256,256,9,COMPRESSED(DXT1/PVRTC/ETC1),2,False,17657
building-tradeport_alpha_512.atf,building-tradeport,alpha,512,512,512,10,COMPRESSED(DXT1/PVRTC/ETC1),2,False,48909
building-tradeport_glow_128.atf,building-tradeport,glow,128,128,128,8,COMPRESSED(DXT1/PVRTC/ETC1),2,False,9467
building-tradeport_glow_256.atf,building-tradeport,glow,256,256,256,9,COMPRESSED(DXT1/PVRTC/ETC1),2,False,27064
building-tradeport_glow_512.atf,building-tradeport,glow,512,512,512,10,COMPRESSED(DXT1/PVRTC/ETC1),2,False,83941
building-tradeport_normal_128.atf,building-tradeport,normal,128,128,128,8,COMPRESSED(DXT1/PVRTC/ETC1),2,False,11053
building-tradeport_normal_256.atf,building-tradeport,normal,256,256,256,9,COMPRESSED(DXT1/PVRTC/ETC1),2,False,35913
building-tradeport_normal_512.atf,building-tradeport,normal,512,512,512,10,COMPRESSED(DXT1/PVRTC/ETC1),2,False,125415
building-tradeport_specular_128.atf,building-tradeport,specular,128,128,128,8,COMPRESSED(DXT1/PVRTC/ETC1),2,False,9703
building-tradeport_specular_256.atf,building-tradeport,specular,256,256,256,9,COMPRESSED(DXT1/PVRTC/ETC1),2,False,30981
building-tradeport_specular_512.atf,building-tradeport,specular,512,512,512,10,COMPRESSED(DXT1/PVRTC/ETC1),2,False,107103
capsule-sibelon-emperor-blue_diffuse_128.atf,capsule-sibelon-emperor-blue,diffuse,128,128,128,8,COMPRESSED(DXT1/PVRTC/ETC1),2,False,11026
capsule-sibelon-emperor-blue_diffuse_256.atf,capsule-sibelon-emperor-blue,diffuse,256,256,256,9,COMPRESSED(DXT1/PVRTC/ETC1),2,False,32974
capsule-sibelon-emperor-blue_diffuse_512.atf,capsule-sibelon-emperor-blue,diffuse,512,512,512,10,COMPRESSED(DXT1/PVRTC/ETC1),2,False,114291
capsule-sibelon-emperor-blue_glow_128.atf,capsule-sibelon-emperor-blue,glow,128,128,128,8,COMPRESSED(DXT1/PVRTC/ETC1),2,False,9561
capsule-sibelon-emperor-blue_glow_256.atf,capsule-sibelon-emperor-blue,glow,256,256,256,9,COMPRESSED(DXT1/PVRTC/ETC1),2,False,27493
capsule-sibelon-emperor-blue_glow_512.atf,capsule-sibelon-emperor-blue,glow,512,512,512,10,COMPRESSED(DXT1/PVRTC/ETC1),2,False,90302
capsule-sibelon-emperor-green_diffuse_128.atf,capsule-sibelon-emperor-green,diffuse,128,128,128,8,COMPRESSED(DXT1/PVRTC/ETC1),2,False,11306
capsule-sibelon-emperor-green_diffuse_256.atf,capsule-sibelon-emperor-green,diffuse,256,256,256,9,COMPRESSED(DXT1/PVRTC/ETC1),2,False,34847
capsule-sibelon-emperor-green_diffuse_512.atf,capsule-sibelon-emperor-green,diffuse,512,512,512,10,COMPRESSED(DXT1/PVRTC/ETC1),2,False,119162
capsule-sibelon-emperor-green_glow_128.atf,capsule-sibelon-emperor-green,glow,128,128,128,8,COMPRESSED(DXT1/PVRTC/ETC1),2,False,9573
capsule-sibelon-emperor-green_glow_256.atf,capsule-sibelon-emperor-green,glow,256,256,256,9,COMPRESSED(DXT1/PVRTC/ETC1),2,False,27680
capsule-sibelon-emperor-green_glow_512.atf,capsule-sibelon-emperor-green,glow,512,512,512,10,COMPRESSED(DXT1/PVRTC/ETC1),2,False,91564
capsule-sibelon-emperor-red_diffuse_128.atf,capsule-sibelon-emperor-red,diffuse,128,128,128,8,COMPRESSED(DXT1/PVRTC/ETC1),2,False,11284
capsule-sibelon-emperor-red_diffuse_256.atf,capsule-sibelon-emperor-red,diffuse,256,256,256,9,COMPRESSED(DXT1/PVRTC/ETC1),2,False,34735
capsule-sibelon-emperor-red_diffuse_512.atf,capsule-sibelon-emperor-red,diffuse,512,512,512,10,COMPRESSED(DXT1/PVRTC/ETC1),2,False,118053
capsule-sibelon-emperor-red_glow_128.atf,capsule-sibelon-emperor-red,glow,128,128,128,8,COMPRESSED(DXT1/PVRTC/ETC1),2,False,9241
capsule-sibelon-emperor-red_glow_256.atf,capsule-sibelon-emperor-red,glow,256,256,256,9,COMPRESSED(DXT1/PVRTC/ETC1),2,False,26175
capsule-sibelon-emperor-red_glow_512.atf,capsule-sibelon-emperor-red,glow,512,512,512,10,COMPRESSED(DXT1/PVRTC/ETC1),2,False,81816
capsule-sibelon-emperor_glow_128.atf,capsule-sibelon-emperor,glow,128,128,128,8,COMPRESSED(DXT1/PVRTC/ETC1),2,False,9561
capsule-sibelon-emperor_glow_256.atf,capsule-sibelon-emperor,glow,256,256,256,9,COMPRESSED(DXT1/PVRTC/ETC1),2,False,27493
capsule-sibelon-emperor_glow_512.atf,capsule-sibelon-emperor,glow,512,512,512,10,COMPRESSED(DXT1/PVRTC/ETC1),2,False,90302
capsule-sibelon-emperor_normal_128.atf,capsule-sibelon-emperor,normal,128,128,128,8,COMPRESSED(DXT1/PVRTC/ETC1),2,False,9779
capsule-sibelon-emperor_normal_256.atf,capsule-sibelon-emperor,normal,256,256,256,9,COMPRESSED(DXT1/PVRTC/ETC1),2,False,27689
capsule-sibelon-emperor_normal_512.atf,capsule-sibelon-emperor,normal,512,512,512,10,COMPRESSED(DXT1/PVRTC/ETC1),2,False,88725
capsule-sibelon-emperor_specular_128.atf,capsule-sibelon-emperor,specular,128,128,128,8,COMPRESSED(DXT1/PVRTC/ETC1),2,False,11027
capsule-sibelon-emperor_specular_256.atf,capsule-sibelon-emperor,specular,256,256,256,9,COMPRESSED(DXT1/PVRTC/ETC1),2,False,34217
capsule-sibelon-emperor_specular_512.atf,capsule-sibelon-emperor,specular,512,512,512,10,COMPRESSED(DXT1/PVRTC/ETC1),2,False,118885
cbs-asteroid_diffuse_128.atf,cbs-asteroid,diffuse,128,128,128,8,COMPRESSED_ALPHA(DXT5),4,False,9537
cbs-asteroid_diffuse_256.atf,cbs-asteroid,diffuse,256,256,256,9,COMPRESSED_ALPHA(DXT5),4,False,24669
cbs-asteroid_diffuse_512.atf,cbs-asteroid,diffuse,512,512,512,10,COMPRESSED_ALPHA(DXT5),4,False,74981
cbs-asteroid_glow_128.atf,cbs-asteroid,glow,128,128,128,8,COMPRESSED_ALPHA(DXT5),4,False,7361
cbs-asteroid_glow_256.atf,cbs-asteroid,glow,256,256,256,9,COMPRESSED_ALPHA(DXT5),4,False,16157
cbs-asteroid_glow_512.atf,cbs-asteroid,glow,512,512,512,10,COMPRESSED_ALPHA(DXT5),4,False,41504
cbs-asteroid_normal_128.atf,cbs-asteroid,normal,128,128,128,8,COMPRESSED_ALPHA(DXT5),4,False,11068
cbs-asteroid_normal_256.atf,cbs-asteroid,normal,256,256,256,9,COMPRESSED_ALPHA(DXT5),4,False,33673
cbs-asteroid_normal_512.atf,cbs-asteroid,normal,512,512,512,10,COMPRESSED_ALPHA(DXT5),4,False,120116
cbs-asteroid_specular_128.atf,cbs-asteroid,specular,128,128,128,8,COMPRESSED_ALPHA(DXT5),4,False,8274
cbs-asteroid_specular_256.atf,cbs-asteroid,specular,256,256,256,9,COMPRESSED_ALPHA(DXT5),4,False,20799
cbs-asteroid_specular_512.atf,cbs-asteroid,specular,512,512,512,10,COMPRESSED_ALPHA(DXT5),4,False,63587
cbs-building-process_glow_128.atf,cbs-building-process,glow,128,128,128,8,COMPRESSED_ALPHA(DXT5),4,False,8600
cbs-building-process_glow_256.atf,cbs-building-process,glow,256,256,256,9,COMPRESSED_ALPHA(DXT5),4,False,20225
cbs-construction_alpha_128.atf,cbs-construction,alpha,128,128,128,8,COMPRESSED(DXT1/PVRTC/ETC1),2,False,5619
cbs-construction_alpha_256.atf,cbs-construction,alpha,256,256,256,9,COMPRESSED(DXT1/PVRTC/ETC1),2,False,13647
cbs-construction_alpha_512.atf,cbs-construction,alpha,512,512,512,10,COMPRESSED_ALPHA(DXT5),4,False,33993
cbs-construction_diffuse_128.atf,cbs-construction,diffuse,128,128,128,8,COMPRESSED_ALPHA(DXT5),4,False,12424
cbs-construction_diffuse_256.atf,cbs-construction,diffuse,256,256,256,9,COMPRESSED_ALPHA(DXT5),4,False,36907
cbs-construction_diffuse_512.atf,cbs-construction,diffuse,512,512,512,10,COMPRESSED_ALPHA(DXT5),4,False,121836
cbs-construction_glow_512.atf,cbs-construction,glow,512,512,512,10,COMPRESSED_ALPHA(DXT5),4,False,52769
cbs-construction_normal_128.atf,cbs-construction,normal,128,128,128,8,COMPRESSED_ALPHA(DXT5),4,False,13541
cbs-construction_normal_256.atf,cbs-construction,normal,256,256,256,9,COMPRESSED_ALPHA(DXT5),4,False,42190
cbs-construction_normal_512.atf,cbs-construction,normal,512,512,512,10,COMPRESSED_ALPHA(DXT5),4,False,139700
cbs-construction_specular_128.atf,cbs-construction,specular,128,128,128,8,COMPRESSED_ALPHA(DXT5),4,False,11382
cbs-construction_specular_256.atf,cbs-construction,specular,256,256,256,9,COMPRESSED_ALPHA(DXT5),4,False,33761
cbs-construction_specular_512.atf,cbs-construction,specular,512,512,512,10,COMPRESSED_ALPHA(DXT5),4,False,112028
cbs-core_diffuse_128.atf,cbs-core,diffuse,128,128,128,8,COMPRESSED(DXT1/PVRTC/ETC1),2,False,11386
cbs-core_diffuse_256.atf,cbs-core,diffuse,256,256,256,9,COMPRESSED(DXT1/PVRTC/ETC1),2,False,34340
cbs-core_diffuse_512.atf,cbs-core,diffuse,512,512,512,10,COMPRESSED(DXT1/PVRTC/ETC1),2,False,113674
cbs-core_glow_128.atf,cbs-core,glow,128,128,128,8,COMPRESSED(DXT1/PVRTC/ETC1),2,False,9769
cbs-core_glow_256.atf,cbs-core,glow,256,256,256,9,COMPRESSED(DXT1/PVRTC/ETC1),2,False,26148
cbs-core_glow_512.atf,cbs-core,glow,512,512,512,10,COMPRESSED(DXT1/PVRTC/ETC1),2,False,73957
cbs-core_normal_128.atf,cbs-core,normal,128,128,128,8,COMPRESSED(DXT1/PVRTC/ETC1),2,False,10576
cbs-core_normal_256.atf,cbs-core,normal,256,256,256,9,COMPRESSED(DXT1/PVRTC/ETC1),2,False,35549
cbs-core_normal_512.atf,cbs-core,normal,512,512,512,10,COMPRESSED(DXT1/PVRTC/ETC1),2,False,129155
cbs-core_specular_128.atf,cbs-core,specular,128,128,128,8,COMPRESSED(DXT1/PVRTC/ETC1),2,False,8717
cbs-core_specular_256.atf,cbs-core,specular,256,256,256,9,COMPRESSED(DXT1/PVRTC/ETC1),2,False,25832
cbs-core_specular_512.atf,cbs-core,specular,512,512,512,10,COMPRESSED(DXT1/PVRTC/ETC1),2,False,87457
cbs-module-damage_diffuse_128.atf,cbs-module-damage,diffuse,128,128,128,8,COMPRESSED(DXT1/PVRTC/ETC1),2,False,9862
cbs-module-damage_diffuse_256.atf,cbs-module-damage,diffuse,256,256,256,9,COMPRESSED(DXT1/PVRTC/ETC1),2,False,29797
cbs-module-damage_diffuse_512.atf,cbs-module-damage,diffuse,512,512,512,10,COMPRESSED(DXT1/PVRTC/ETC1),2,False,99003
cbs-module-damage_glow_128.atf,cbs-module-damage,glow,128,128,128,8,COMPRESSED(DXT1/PVRTC/ETC1),2,False,5547
cbs-module-damage_glow_256.atf,cbs-module-damage,glow,256,256,256,9,COMPRESSED(DXT1/PVRTC/ETC1),2,False,12022
cbs-module-damage_glow_512.atf,cbs-module-damage,glow,512,512,512,10,COMPRESSED(DXT1/PVRTC/ETC1),2,False,30005
cbs-module-damage_normal_128.atf,cbs-module-damage,normal,128,128,128,8,COMPRESSED(DXT1/PVRTC/ETC1),2,False,10915
cbs-module-damage_normal_256.atf,cbs-module-damage,normal,256,256,256,9,COMPRESSED(DXT1/PVRTC/ETC1),2,False,32260
cbs-module-damage_normal_512.atf,cbs-module-damage,normal,512,512,512,10,COMPRESSED(DXT1/PVRTC/ETC1),2,False,103812
cbs-module-damage_specular_128.atf,cbs-module-damage,specular,128,128,128,8,COMPRESSED(DXT1/PVRTC/ETC1),2,False,9765
cbs-module-damage_specular_256.atf,cbs-module-damage,specular,256,256,256,9,COMPRESSED(DXT1/PVRTC/ETC1),2,False,29092
cbs-module-damage_specular_512.atf,cbs-module-damage,specular,512,512,512,10,COMPRESSED_ALPHA(DXT5),4,False,95969
cbs-module-destroyed_diffuse_128.atf,cbs-module-destroyed,diffuse,128,128,128,8,COMPRESSED_ALPHA(DXT5),4,False,10480
cbs-module-destroyed_diffuse_256.atf,cbs-module-destroyed,diffuse,256,256,256,9,COMPRESSED_ALPHA(DXT5),4,False,27784
cbs-module-destroyed_diffuse_512.atf,cbs-module-destroyed,diffuse,512,512,512,10,COMPRESSED_ALPHA(DXT5),4,False,84018
cbs-module-destroyed_glow_128.atf,cbs-module-destroyed,glow,128,128,128,8,COMPRESSED_ALPHA(DXT5),4,False,8541
cbs-module-destroyed_glow_256.atf,cbs-module-destroyed,glow,256,256,256,9,COMPRESSED_ALPHA(DXT5),4,False,20343
cbs-module-destroyed_glow_512.atf,cbs-module-destroyed,glow,512,512,512,10,COMPRESSED_ALPHA(DXT5),4,False,54587
cbs-module-destroyed_normal_128.atf,cbs-module-destroyed,normal,128,128,128,8,COMPRESSED_ALPHA(DXT5),4,False,11676
cbs-module-destroyed_normal_256.atf,cbs-module-destroyed,normal,256,256,256,9,COMPRESSED_ALPHA(DXT5),4,False,33884
cbs-module-destroyed_normal_512.atf,cbs-module-destroyed,normal,512,512,512,10,COMPRESSED_ALPHA(DXT5),4,False,108109
cbs-module-destroyed_specular_128.atf,cbs-module-destroyed,specular,128,128,128,8,COMPRESSED(DXT1/PVRTC/ETC1),2,False,8754
cbs-module-destroyed_specular_256.atf,cbs-module-destroyed,specular,256,256,256,9,COMPRESSED(DXT1/PVRTC/ETC1),2,False,24852
cbs-module-destroyed_specular_512.atf,cbs-module-destroyed,specular,512,512,512,10,COMPRESSED_ALPHA(DXT5),4,False,77425
cbs-module-honor_diffuse_128.atf,cbs-module-honor,diffuse,128,128,128,8,COMPRESSED(DXT1/PVRTC/ETC1),2,False,9775
cbs-module-honor_diffuse_256.atf,cbs-module-honor,diffuse,256,256,256,9,COMPRESSED(DXT1/PVRTC/ETC1),2,False,29401
cbs-module-honor_diffuse_512.atf,cbs-module-honor,diffuse,512,512,512,10,COMPRESSED(DXT1/PVRTC/ETC1),2,False,97910
cbs-module-honor_glow_128.atf,cbs-module-honor,glow,128,128,128,8,COMPRESSED(DXT1/PVRTC/ETC1),2,False,5064
cbs-module-honor_glow_256.atf,cbs-module-honor,glow,256,256,256,9,COMPRESSED(DXT1/PVRTC/ETC1),2,False,11127
cbs-module-honor_glow_512.atf,cbs-module-honor,glow,512,512,512,10,COMPRESSED(DXT1/PVRTC/ETC1),2,False,28217
cbs-module-honor_normal_128.atf,cbs-module-honor,normal,128,128,128,8,COMPRESSED(DXT1/PVRTC/ETC1),2,False,10915
cbs-module-honor_normal_256.atf,cbs-module-honor,normal,256,256,256,9,COMPRESSED(DXT1/PVRTC/ETC1),2,False,32260
cbs-module-honor_normal_512.atf,cbs-module-honor,normal,512,512,512,10,COMPRESSED(DXT1/PVRTC/ETC1),2,False,103812
cbs-module-honor_specular_128.atf,cbs-module-honor,specular,128,128,128,8,COMPRESSED(DXT1/PVRTC/ETC1),2,False,9807
cbs-module-honor_specular_256.atf,cbs-module-honor,specular,256,256,256,9,COMPRESSED(DXT1/PVRTC/ETC1),2,False,29133
cbs-module-honor_specular_512.atf,cbs-module-honor,specular,512,512,512,10,COMPRESSED_ALPHA(DXT5),4,False,96257
cbs-module-laser-ga_diffuse_128.atf,cbs-module-laser-ga,diffuse,128,128,128,8,COMPRESSED(DXT1/PVRTC/ETC1),2,False,11002
cbs-module-laser-ga_diffuse_256.atf,cbs-module-laser-ga,diffuse,256,256,256,9,COMPRESSED(DXT1/PVRTC/ETC1),2,False,33911
cbs-module-laser-ga_diffuse_512.atf,cbs-module-laser-ga,diffuse,512,512,512,10,COMPRESSED(DXT1/PVRTC/ETC1),2,False,114285
cbs-module-laser-ga_glow_128.atf,cbs-module-laser-ga,glow,128,128,128,8,COMPRESSED(DXT1/PVRTC/ETC1),2,False,7752
cbs-module-laser-ga_glow_256.atf,cbs-module-laser-ga,glow,256,256,256,9,COMPRESSED(DXT1/PVRTC/ETC1),2,False,18766
cbs-module-laser-ga_glow_512.atf,cbs-module-laser-ga,glow,512,512,512,10,COMPRESSED(DXT1/PVRTC/ETC1),2,False,51065
cbs-module-laser-ga_normal_128.atf,cbs-module-laser-ga,normal,128,128,128,8,COMPRESSED_ALPHA(DXT5),4,False,12039
cbs-module-laser-ga_normal_256.atf,cbs-module-laser-ga,normal,256,256,256,9,COMPRESSED_ALPHA(DXT5),4,False,33976
cbs-module-laser-ga_normal_512.atf,cbs-module-laser-ga,normal,512,512,512,10,COMPRESSED_ALPHA(DXT5),4,False,104684
cbs-module-laser-ga_specular_128.atf,cbs-module-laser-ga,specular,128,128,128,8,COMPRESSED_ALPHA(DXT5),4,False,11334
cbs-module-laser-ga_specular_256.atf,cbs-module-laser-ga,specular,256,256,256,9,COMPRESSED_ALPHA(DXT5),4,False,34091
cbs-module-laser-ga_specular_512.atf,cbs-module-laser-ga,specular,512,512,512,10,COMPRESSED_ALPHA(DXT5),4,False,115687
cbs-module-platform_diffuse_128.atf,cbs-module-platform,diffuse,128,128,128,8,COMPRESSED(DXT1/PVRTC/ETC1),2,False,9854
cbs-module-platform_diffuse_256.atf,cbs-module-platform,diffuse,256,256,256,9,COMPRESSED(DXT1/PVRTC/ETC1),2,False,30975
cbs-module-platform_diffuse_512.atf,cbs-module-platform,diffuse,512,512,512,10,COMPRESSED(DXT1/PVRTC/ETC1),2,False,109548
cbs-module-platform_glow_128.atf,cbs-module-platform,glow,128,128,128,8,COMPRESSED(DXT1/PVRTC/ETC1),2,False,6074
cbs-module-platform_glow_256.atf,cbs-module-platform,glow,256,256,256,9,COMPRESSED(DXT1/PVRTC/ETC1),2,False,13525
cbs-module-platform_glow_512.atf,cbs-module-platform,glow,512,512,512,10,COMPRESSED(DXT1/PVRTC/ETC1),2,False,35809
cbs-module-platform_normal_128.atf,cbs-module-platform,normal,128,128,128,8,COMPRESSED(DXT1/PVRTC/ETC1),2,False,8698
cbs-module-platform_normal_256.atf,cbs-module-platform,normal,256,256,256,9,COMPRESSED(DXT1/PVRTC/ETC1),2,False,24053
cbs-module-platform_normal_512.atf,cbs-module-platform,normal,512,512,512,10,COMPRESSED(DXT1/PVRTC/ETC1),2,False,73447
cbs-module-platform_specular_128.atf,cbs-module-platform,specular,128,128,128,8,COMPRESSED(DXT1/PVRTC/ETC1),2,False,10264
cbs-module-platform_specular_256.atf,cbs-module-platform,specular,256,256,256,9,COMPRESSED(DXT1/PVRTC/ETC1),2,False,33003
cbs-module-platform_specular_512.atf,cbs-module-platform,specular,512,512,512,10,COMPRESSED(DXT1/PVRTC/ETC1),2,False,118106
cbs-module-repair_diffuse_128.atf,cbs-module-repair,diffuse,128,128,128,8,COMPRESSED_ALPHA(DXT5),4,False,11725
cbs-module-repair_diffuse_256.atf,cbs-module-repair,diffuse,256,256,256,9,COMPRESSED_ALPHA(DXT5),4,False,32929
cbs-module-repair_diffuse_512.atf,cbs-module-repair,diffuse,512,512,512,10,COMPRESSED_ALPHA(DXT5),4,False,102922
cbs-module-repair_glow_128.atf,cbs-module-repair,glow,128,128,128,8,COMPRESSED(DXT1/PVRTC/ETC1),2,False,3182
cbs-module-repair_glow_256.atf,cbs-module-repair,glow,256,256,256,9,COMPRESSED(DXT1/PVRTC/ETC1),2,False,5190
cbs-module-repair_glow_512.atf,cbs-module-repair,glow,512,512,512,10,COMPRESSED(DXT1/PVRTC/ETC1),2,False,9406
cbs-module-repair_normal_128.atf,cbs-module-repair,normal,128,128,128,8,COMPRESSED_ALPHA(DXT5),4,False,13438
cbs-module-repair_normal_256.atf,cbs-module-repair,normal,256,256,256,9,COMPRESSED_ALPHA(DXT5),4,False,37855
cbs-module-repair_normal_512.atf,cbs-module-repair,normal,512,512,512,10,COMPRESSED_ALPHA(DXT5),4,False,115398
cbs-module-repair_specular_128.atf,cbs-module-repair,specular,128,128,128,8,COMPRESSED_ALPHA(DXT5),4,False,11694
cbs-module-repair_specular_256.atf,cbs-module-repair,specular,256,256,256,9,COMPRESSED_ALPHA(DXT5),4,False,34139
cbs-module-repair_specular_512.atf,cbs-module-repair,specular,512,512,512,10,COMPRESSED_ALPHA(DXT5),4,False,113242
cbs-module-rocket-pm_diffuse_128.atf,cbs-module-rocket-pm,diffuse,128,128,128,8,COMPRESSED_ALPHA(DXT5),4,False,11865
cbs-module-rocket-pm_diffuse_256.atf,cbs-module-rocket-pm,diffuse,256,256,256,9,COMPRESSED_ALPHA(DXT5),4,False,33234
cbs-module-rocket-pm_diffuse_512.atf,cbs-module-rocket-pm,diffuse,512,512,512,10,COMPRESSED_ALPHA(DXT5),4,False,106285
cbs-module-rocket-pm_glow_128.atf,cbs-module-rocket-pm,glow,128,128,128,8,COMPRESSED_ALPHA(DXT5),4,False,8757
cbs-module-rocket-pm_glow_256.atf,cbs-module-rocket-pm,glow,256,256,256,9,COMPRESSED_ALPHA(DXT5),4,False,20336
cbs-module-rocket-pm_glow_512.atf,cbs-module-rocket-pm,glow,512,512,512,10,COMPRESSED_ALPHA(DXT5),4,False,52820
cbs-module-rocket-pm_normal_128.atf,cbs-module-rocket-pm,normal,128,128,128,8,COMPRESSED_ALPHA(DXT5),4,False,11503
cbs-module-rocket-pm_normal_256.atf,cbs-module-rocket-pm,normal,256,256,256,9,COMPRESSED_ALPHA(DXT5),4,False,30595
cbs-module-rocket-pm_normal_512.atf,cbs-module-rocket-pm,normal,512,512,512,10,COMPRESSED_ALPHA(DXT5),4,False,91737
cbs-module-rocket-pm_specular_128.atf,cbs-module-rocket-pm,specular,128,128,128,8,COMPRESSED_ALPHA(DXT5),4,False,11579
cbs-module-rocket-pm_specular_256.atf,cbs-module-rocket-pm,specular,256,256,256,9,COMPRESSED_ALPHA(DXT5),4,False,33109
cbs-module-rocket-pm_specular_512.atf,cbs-module-rocket-pm,specular,512,512,512,10,COMPRESSED_ALPHA(DXT5),4,False,107699
cbs-module-xp_diffuse_128.atf,cbs-module-xp,diffuse,128,128,128,8,COMPRESSED(DXT1/PVRTC/ETC1),2,False,10147
cbs-module-xp_diffuse_256.atf,cbs-module-xp,diffuse,256,256,256,9,COMPRESSED(DXT1/PVRTC/ETC1),2,False,30525
cbs-module-xp_diffuse_512.atf,cbs-module-xp,diffuse,512,512,512,10,COMPRESSED(DXT1/PVRTC/ETC1),2,False,100931
cbs-module-xp_glow_128.atf,cbs-module-xp,glow,128,128,128,8,COMPRESSED(DXT1/PVRTC/ETC1),2,False,5325
cbs-module-xp_glow_256.atf,cbs-module-xp,glow,256,256,256,9,COMPRESSED(DXT1/PVRTC/ETC1),2,False,11764
cbs-module-xp_glow_512.atf,cbs-module-xp,glow,512,512,512,10,COMPRESSED(DXT1/PVRTC/ETC1),2,False,29908
cbs-module-xp_normal_128.atf,cbs-module-xp,normal,128,128,128,8,COMPRESSED(DXT1/PVRTC/ETC1),2,False,10925
cbs-module-xp_normal_256.atf,cbs-module-xp,normal,256,256,256,9,COMPRESSED(DXT1/PVRTC/ETC1),2,False,32255
cbs-module-xp_normal_512.atf,cbs-module-xp,normal,512,512,512,10,COMPRESSED(DXT1/PVRTC/ETC1),2,False,103845
cbs-module-xp_specular_128.atf,cbs-module-xp,specular,128,128,128,8,COMPRESSED(DXT1/PVRTC/ETC1),2,False,9777
cbs-module-xp_specular_256.atf,cbs-module-xp,specular,256,256,256,9,COMPRESSED(DXT1/PVRTC/ETC1),2,False,29070
cbs-module-xp_specular_512.atf,cbs-module-xp,specular,512,512,512,10,COMPRESSED_ALPHA(DXT5),4,False,96094
century-falcon_diffuse_128.atf,century-falcon,diffuse,128,128,128,8,COMPRESSED(DXT1/PVRTC/ETC1),2,False,11392
century-falcon_diffuse_256.atf,century-falcon,diffuse,256,256,256,9,COMPRESSED(DXT1/PVRTC/ETC1),2,False,38188
century-falcon_diffuse_512.atf,century-falcon,diffuse,512,512,512,10,COMPRESSED(DXT1/PVRTC/ETC1),2,False,136299
century-falcon_glow_128.atf,century-falcon,glow,128,128,128,8,COMPRESSED(DXT1/PVRTC/ETC1),2,False,3544
century-falcon_glow_256.atf,century-falcon,glow,256,256,256,9,COMPRESSED(DXT1/PVRTC/ETC1),2,False,6430
century-falcon_glow_512.atf,century-falcon,glow,512,512,512,10,COMPRESSED(DXT1/PVRTC/ETC1),2,False,13758
century-falcon_normal_128.atf,century-falcon,normal,128,128,128,8,COMPRESSED(DXT1/PVRTC/ETC1),2,False,12335
century-falcon_normal_256.atf,century-falcon,normal,256,256,256,9,COMPRESSED(DXT1/PVRTC/ETC1),2,False,41235
century-falcon_normal_512.atf,century-falcon,normal,512,512,512,10,COMPRESSED(DXT1/PVRTC/ETC1),2,False,143307
century-falcon_specular_128.atf,century-falcon,specular,128,128,128,8,COMPRESSED(DXT1/PVRTC/ETC1),2,False,9856
century-falcon_specular_256.atf,century-falcon,specular,256,256,256,9,COMPRESSED(DXT1/PVRTC/ETC1),2,False,32770
century-falcon_specular_512.atf,century-falcon,specular,512,512,512,10,COMPRESSED(DXT1/PVRTC/ETC1),2,False,119392
citadel-eic-elite_diffuse_128.atf,citadel-eic-elite,diffuse,128,128,128,8,COMPRESSED(DXT1/PVRTC/ETC1),2,False,9362
citadel-eic-elite_diffuse_256.atf,citadel-eic-elite,diffuse,256,256,256,9,COMPRESSED(DXT1/PVRTC/ETC1),2,False,28189
citadel-eic-elite_diffuse_512.atf,citadel-eic-elite,diffuse,512,512,512,10,COMPRESSED(DXT1/PVRTC/ETC1),2,False,91233
citadel-eic-elite_glow_128.atf,citadel-eic-elite,glow,128,128,128,8,COMPRESSED(DXT1/PVRTC/ETC1),2,False,10898
citadel-eic-elite_glow_256.atf,citadel-eic-elite,glow,256,256,256,9,COMPRESSED(DXT1/PVRTC/ETC1),2,False,32979
citadel-eic-elite_glow_512.atf,citadel-eic-elite,glow,512,512,512,10,COMPRESSED(DXT1/PVRTC/ETC1),2,False,108923
citadel-eic-veteran_diffuse_128.atf,citadel-eic-veteran,diffuse,128,128,128,8,COMPRESSED(DXT1/PVRTC/ETC1),2,False,11910
citadel-eic-veteran_diffuse_256.atf,citadel-eic-veteran,diffuse,256,256,256,9,COMPRESSED(DXT1/PVRTC/ETC1),2,False,39367
citadel-eic-veteran_diffuse_512.atf,citadel-eic-veteran,diffuse,512,512,512,10,COMPRESSED(DXT1/PVRTC/ETC1),2,False,136569
citadel-eic_diffuse_128.atf,citadel-eic,diffuse,128,128,128,8,COMPRESSED(DXT1/PVRTC/ETC1),2,False,10953
citadel-eic_diffuse_256.atf,citadel-eic,diffuse,256,256,256,9,COMPRESSED(DXT1/PVRTC/ETC1),2,False,35303
citadel-eic_diffuse_512.atf,citadel-eic,diffuse,512,512,512,10,COMPRESSED(DXT1/PVRTC/ETC1),2,False,122046
citadel-elite-eic_diffuse_128.atf,citadel-elite-eic,diffuse,128,128,128,8,COMPRESSED(DXT1/PVRTC/ETC1),2,False,9362
citadel-elite-eic_diffuse_256.atf,citadel-elite-eic,diffuse,256,256,256,9,COMPRESSED(DXT1/PVRTC/ETC1),2,False,28189
citadel-elite-eic_diffuse_512.atf,citadel-elite-eic,diffuse,512,512,512,10,COMPRESSED(DXT1/PVRTC/ETC1),2,False,91233
citadel-elite-eic_glow_128.atf,citadel-elite-eic,glow,128,128,128,8,COMPRESSED(DXT1/PVRTC/ETC1),2,False,10898
citadel-elite-eic_glow_256.atf,citadel-elite-eic,glow,256,256,256,9,COMPRESSED(DXT1/PVRTC/ETC1),2,False,32979
citadel-elite-eic_glow_512.atf,citadel-elite-eic,glow,512,512,512,10,COMPRESSED(DXT1/PVRTC/ETC1),2,False,108923
citadel-elite-mmo_diffuse_128.atf,citadel-elite-mmo,diffuse,128,128,128,8,COMPRESSED(DXT1/PVRTC/ETC1),2,False,9340
citadel-elite-mmo_diffuse_256.atf,citadel-elite-mmo,diffuse,256,256,256,9,COMPRESSED(DXT1/PVRTC/ETC1),2,False,27776
citadel-elite-mmo_diffuse_512.atf,citadel-elite-mmo,diffuse,512,512,512,10,COMPRESSED(DXT1/PVRTC/ETC1),2,False,88037
citadel-elite-mmo_glow_128.atf,citadel-elite-mmo,glow,128,128,128,8,COMPRESSED(DXT1/PVRTC/ETC1),2,False,10676
citadel-elite-mmo_glow_256.atf,citadel-elite-mmo,glow,256,256,256,9,COMPRESSED(DXT1/PVRTC/ETC1),2,False,32360
citadel-elite-mmo_glow_512.atf,citadel-elite-mmo,glow,512,512,512,10,COMPRESSED(DXT1/PVRTC/ETC1),2,False,106632
citadel-elite-vru_diffuse_128.atf,citadel-elite-vru,diffuse,128,128,128,8,COMPRESSED(DXT1/PVRTC/ETC1),2,False,9206
citadel-elite-vru_diffuse_256.atf,citadel-elite-vru,diffuse,256,256,256,9,COMPRESSED(DXT1/PVRTC/ETC1),2,False,27481
citadel-elite-vru_diffuse_512.atf,citadel-elite-vru,diffuse,512,512,512,10,COMPRESSED(DXT1/PVRTC/ETC1),2,False,88824
citadel-elite-vru_glow_128.atf,citadel-elite-vru,glow,128,128,128,8,COMPRESSED(DXT1/PVRTC/ETC1),2,False,10688
citadel-elite-vru_glow_256.atf,citadel-elite-vru,glow,256,256,256,9,COMPRESSED(DXT1/PVRTC/ETC1),2,False,32094
citadel-elite-vru_glow_512.atf,citadel-elite-vru,glow,512,512,512,10,COMPRESSED(DXT1/PVRTC/ETC1),2,False,106432
citadel-fortify_diffuse_128.atf,citadel-fortify,diffuse,128,128,128,8,COMPRESSED(DXT1/PVRTC/ETC1),2,False,3588
citadel-fortify_diffuse_256.atf,citadel-fortify,diffuse,256,256,256,9,COMPRESSED(DXT1/PVRTC/ETC1),2,False,6284
citadel-fortify_diffuse_512.atf,citadel-fortify,diffuse,512,512,512,10,COMPRESSED(DXT1/PVRTC/ETC1),2,False,13041
citadel-fortify_normal_128.atf,citadel-fortify,normal,128,128,128,8,COMPRESSED(DXT1/PVRTC/ETC1),2,False,11559
citadel-fortify_normal_256.atf,citadel-fortify,normal,256,256,256,9,COMPRESSED(DXT1/PVRTC/ETC1),2,False,38839
citadel-fortify_normal_512.atf,citadel-fortify,normal,512,512,512,10,COMPRESSED(DXT1/PVRTC/ETC1),2,False,136964
citadel-fortify_specular_128.atf,citadel-fortify,specular,128,128,128,8,COMPRESSED(DXT1/PVRTC/ETC1),2,False,9145
citadel-fortify_specular_256.atf,citadel-fortify,specular,256,256,256,9,COMPRESSED(DXT1/PVRTC/ETC1),2,False,28698
citadel-fortify_specular_512.atf,citadel-fortify,specular,512,512,512,10,COMPRESSED(DXT1/PVRTC/ETC1),2,False,97968
citadel-mmo-elite_diffuse_128.atf,citadel-mmo-elite,diffuse,128,128,128,8,COMPRESSED(DXT1/PVRTC/ETC1),2,False,9340
citadel-mmo-elite_diffuse_256.atf,citadel-mmo-elite,diffuse,256,256,256,9,COMPRESSED(DXT1/PVRTC/ETC1),2,False,27776
citadel-mmo-elite_diffuse_512.atf,citadel-mmo-elite,diffuse,512,512,512,10,COMPRESSED(DXT1/PVRTC/ETC1),2,False,88037
citadel-mmo-elite_glow_128.atf,citadel-mmo-elite,glow,128,128,128,8,COMPRESSED(DXT1/PVRTC/ETC1),2,False,10676
citadel-mmo-elite_glow_256.atf,citadel-mmo-elite,glow,256,256,256,9,COMPRESSED(DXT1/PVRTC/ETC1),2,False,32360
citadel-mmo-elite_glow_512.atf,citadel-mmo-elite,glow,512,512,512,10,COMPRESSED(DXT1/PVRTC/ETC1),2,False,106632
citadel-mmo-veteran_diffuse_128.atf,citadel-mmo-veteran,diffuse,128,128,128,8,COMPRESSED(DXT1/PVRTC/ETC1),2,False,12133
citadel-mmo-veteran_diffuse_256.atf,citadel-mmo-veteran,diffuse,256,256,256,9,COMPRESSED(DXT1/PVRTC/ETC1),2,False,39278
citadel-mmo-veteran_diffuse_512.atf,citadel-mmo-veteran,diffuse,512,512,512,10,COMPRESSED(DXT1/PVRTC/ETC1),2,False,135454
citadel-mmo_diffuse_128.atf,citadel-mmo,diffuse,128,128,128,8,COMPRESSED(DXT1/PVRTC/ETC1),2,False,11205
citadel-mmo_diffuse_256.atf,citadel-mmo,diffuse,256,256,256,9,COMPRESSED(DXT1/PVRTC/ETC1),2,False,35641
citadel-mmo_diffuse_512.atf,citadel-mmo,diffuse,512,512,512,10,COMPRESSED(DXT1/PVRTC/ETC1),2,False,123192
citadel-regular-eic_diffuse_128.atf,citadel-regular-eic,diffuse,128,128,128,8,COMPRESSED(DXT1/PVRTC/ETC1),2,False,10953
citadel-regular-eic_diffuse_256.atf,citadel-regular-eic,diffuse,256,256,256,9,COMPRESSED(DXT1/PVRTC/ETC1),2,False,35303
citadel-regular-eic_diffuse_512.atf,citadel-regular-eic,diffuse,512,512,512,10,COMPRESSED(DXT1/PVRTC/ETC1),2,False,122046
citadel-regular-mmo_diffuse_128.atf,citadel-regular-mmo,diffuse,128,128,128,8,COMPRESSED(DXT1/PVRTC/ETC1),2,False,11205
citadel-regular-mmo_diffuse_256.atf,citadel-regular-mmo,diffuse,256,256,256,9,COMPRESSED(DXT1/PVRTC/ETC1),2,False,35641
citadel-regular-mmo_diffuse_512.atf,citadel-regular-mmo,diffuse,512,512,512,10,COMPRESSED(DXT1/PVRTC/ETC1),2,False,123192
citadel-regular-veteran_glow_128.atf,citadel-regular-veteran,glow,128,128,128,8,COMPRESSED(DXT1/PVRTC/ETC1),2,False,5129
citadel-regular-veteran_glow_256.atf,citadel-regular-veteran,glow,256,256,256,9,COMPRESSED(DXT1/PVRTC/ETC1),2,False,11159
citadel-regular-veteran_glow_512.atf,citadel-regular-veteran,glow,512,512,512,10,COMPRESSED(DXT1/PVRTC/ETC1),2,False,27070
citadel-regular-vru_diffuse_128.atf,citadel-regular-vru,diffuse,128,128,128,8,COMPRESSED(DXT1/PVRTC/ETC1),2,False,11084
citadel-regular-vru_diffuse_256.atf,citadel-regular-vru,diffuse,256,256,256,9,COMPRESSED(DXT1/PVRTC/ETC1),2,False,35606
citadel-regular-vru_diffuse_512.atf,citadel-regular-vru,diffuse,512,512,512,10,COMPRESSED(DXT1/PVRTC/ETC1),2,False,123819
citadel-veteran-eic_diffuse_128.atf,citadel-veteran-eic,diffuse,128,128,128,8,COMPRESSED(DXT1/PVRTC/ETC1),2,False,11910
citadel-veteran-eic_diffuse_256.atf,citadel-veteran-eic,diffuse,256,256,256,9,COMPRESSED(DXT1/PVRTC/ETC1),2,False,39367
citadel-veteran-eic_diffuse_512.atf,citadel-veteran-eic,diffuse,512,512,512,10,COMPRESSED(DXT1/PVRTC/ETC1),2,False,136569
citadel-veteran-mmo_diffuse_128.atf,citadel-veteran-mmo,diffuse,128,128,128,8,COMPRESSED(DXT1/PVRTC/ETC1),2,False,12133
citadel-veteran-mmo_diffuse_256.atf,citadel-veteran-mmo,diffuse,256,256,256,9,COMPRESSED(DXT1/PVRTC/ETC1),2,False,39278
citadel-veteran-mmo_diffuse_512.atf,citadel-veteran-mmo,diffuse,512,512,512,10,COMPRESSED(DXT1/PVRTC/ETC1),2,False,135454
citadel-veteran-vru_diffuse_128.atf,citadel-veteran-vru,diffuse,128,128,128,8,COMPRESSED(DXT1/PVRTC/ETC1),2,False,11947
citadel-veteran-vru_diffuse_256.atf,citadel-veteran-vru,diffuse,256,256,256,9,COMPRESSED(DXT1/PVRTC/ETC1),2,False,38963
citadel-veteran-vru_diffuse_512.atf,citadel-veteran-vru,diffuse,512,512,512,10,COMPRESSED(DXT1/PVRTC/ETC1),2,False,134858
citadel-vru-elite_diffuse_128.atf,citadel-vru-elite,diffuse,128,128,128,8,COMPRESSED(DXT1/PVRTC/ETC1),2,False,9206
citadel-vru-elite_diffuse_256.atf,citadel-vru-elite,diffuse,256,256,256,9,COMPRESSED(DXT1/PVRTC/ETC1),2,False,27481
citadel-vru-elite_diffuse_512.atf,citadel-vru-elite,diffuse,512,512,512,10,COMPRESSED(DXT1/PVRTC/ETC1),2,False,88824
citadel-vru-elite_glow_128.atf,citadel-vru-elite,glow,128,128,128,8,COMPRESSED(DXT1/PVRTC/ETC1),2,False,10688
citadel-vru-elite_glow_256.atf,citadel-vru-elite,glow,256,256,256,9,COMPRESSED(DXT1/PVRTC/ETC1),2,False,32094
citadel-vru-elite_glow_512.atf,citadel-vru-elite,glow,512,512,512,10,COMPRESSED(DXT1/PVRTC/ETC1),2,False,106432
citadel-vru-veteran_diffuse_128.atf,citadel-vru-veteran,diffuse,128,128,128,8,COMPRESSED(DXT1/PVRTC/ETC1),2,False,11947
citadel-vru-veteran_diffuse_256.atf,citadel-vru-veteran,diffuse,256,256,256,9,COMPRESSED(DXT1/PVRTC/ETC1),2,False,38963
citadel-vru-veteran_diffuse_512.atf,citadel-vru-veteran,diffuse,512,512,512,10,COMPRESSED(DXT1/PVRTC/ETC1),2,False,134858
citadel-vru_diffuse_128.atf,citadel-vru,diffuse,128,128,128,8,COMPRESSED(DXT1/PVRTC/ETC1),2,False,11084
citadel-vru_diffuse_256.atf,citadel-vru,diffuse,256,256,256,9,COMPRESSED(DXT1/PVRTC/ETC1),2,False,35606
citadel-vru_diffuse_512.atf,citadel-vru,diffuse,512,512,512,10,COMPRESSED(DXT1/PVRTC/ETC1),2,False,123819
citadel_diffuse_128.atf,citadel,diffuse,128,128,128,8,COMPRESSED(DXT1/PVRTC/ETC1),2,False,9647
citadel_diffuse_256.atf,citadel,diffuse,256,256,256,9,COMPRESSED(DXT1/PVRTC/ETC1),2,False,30609
citadel_diffuse_512.atf,citadel,diffuse,512,512,512,10,COMPRESSED(DXT1/PVRTC/ETC1),2,False,105503
citadel_glow_128.atf,citadel,glow,128,128,128,8,COMPRESSED(DXT1/PVRTC/ETC1),2,False,5129
citadel_glow_256.atf,citadel,glow,256,256,256,9,COMPRESSED(DXT1/PVRTC/ETC1),2,False,11159
citadel_glow_512.atf,citadel,glow,512,512,512,10,COMPRESSED(DXT1/PVRTC/ETC1),2,False,27070
citadel_normal_128.atf,citadel,normal,128,128,128,8,COMPRESSED(DXT1/PVRTC/ETC1),2,False,11549
citadel_normal_256.atf,citadel,normal,256,256,256,9,COMPRESSED(DXT1/PVRTC/ETC1),2,False,38382
citadel_normal_512.atf,citadel,normal,512,512,512,10,COMPRESSED(DXT1/PVRTC/ETC1),2,False,135778
citadel_specular_128.atf,citadel,specular,128,128,128,8,COMPRESSED(DXT1/PVRTC/ETC1),2,False,9145
citadel_specular_256.atf,citadel,specular,256,256,256,9,COMPRESSED(DXT1/PVRTC/ETC1),2,False,28698
citadel_specular_512.atf,citadel,specular,512,512,512,10,COMPRESSED(DXT1/PVRTC/ETC1),2,False,97968
clouds-darkred_diffuse_1024.atf,clouds-darkred,diffuse,1024,1024,1024,11,COMPRESSED_ALPHA(DXT5),4,False,319152
clouds-darkred_diffuse_128.atf,clouds-darkred,diffuse,128,128,128,8,COMPRESSED_ALPHA(DXT5),4,False,11834
clouds-darkred_diffuse_256.atf,clouds-darkred,diffuse,256,256,256,9,COMPRESSED_ALPHA(DXT5),4,False,31852
clouds-darkred_diffuse_512.atf,clouds-darkred,diffuse,512,512,512,10,COMPRESSED_ALPHA(DXT5),4,False,96633
clouds-green-yellow_diffuse_128.atf,clouds-green-yellow,diffuse,128,128,128,8,COMPRESSED_ALPHA(DXT5),4,False,12331
clouds-green-yellow_diffuse_256.atf,clouds-green-yellow,diffuse,256,256,256,9,COMPRESSED_ALPHA(DXT5),4,False,33298
clouds-green-yellow_diffuse_512.atf,clouds-green-yellow,diffuse,512,512,512,10,COMPRESSED_ALPHA(DXT5),4,False,100682
clouds-green_diffuse_128.atf,clouds-green,diffuse,128,128,128,8,COMPRESSED_ALPHA(DXT5),4,False,12382
clouds-green_diffuse_256.atf,clouds-green,diffuse,256,256,256,9,COMPRESSED_ALPHA(DXT5),4,False,33424
clouds-green_diffuse_512.atf,clouds-green,diffuse,512,512,512,10,COMPRESSED_ALPHA(DXT5),4,False,101387
clouds-lightblue_diffuse_128.atf,clouds-lightblue,diffuse,128,128,128,8,COMPRESSED_ALPHA(DXT5),4,False,11179
clouds-lightblue_diffuse_256.atf,clouds-lightblue,diffuse,256,256,256,9,COMPRESSED_ALPHA(DXT5),4,False,29716
clouds-lightblue_diffuse_512.atf,clouds-lightblue,diffuse,512,512,512,10,COMPRESSED_ALPHA(DXT5),4,False,89329
clouds-yellow_diffuse_128.atf,clouds-yellow,diffuse,128,128,128,8,COMPRESSED_ALPHA(DXT5),4,False,12040
clouds-yellow_diffuse_256.atf,clouds-yellow,diffuse,256,256,256,9,COMPRESSED_ALPHA(DXT5),4,False,32571
clouds-yellow_diffuse_512.atf,clouds-yellow,diffuse,512,512,512,10,COMPRESSED_ALPHA(DXT5),4,False,98994
clouds_blue_diffuse_128.atf,clouds_blue,diffuse,128,128,128,8,COMPRESSED_ALPHA(DXT5),4,False,12267
clouds_blue_diffuse_256.atf,clouds_blue,diffuse,256,256,256,9,COMPRESSED_ALPHA(DXT5),4,False,33041
clouds_blue_diffuse_512.atf,clouds_blue,diffuse,512,512,512,10,COMPRESSED_ALPHA(DXT5),4,False,100426
clouds_grey_diffuse_128.atf,clouds_grey,diffuse,128,128,128,8,COMPRESSED_ALPHA(DXT5),4,False,11538
clouds_grey_diffuse_256.atf,clouds_grey,diffuse,256,256,256,9,COMPRESSED_ALPHA(DXT5),4,False,32993
clouds_grey_diffuse_512.atf,clouds_grey,diffuse,512,512,512,10,COMPRESSED_ALPHA(DXT5),4,False,101188
convict_diffuse_128.atf,convict,diffuse,128,128,128,8,COMPRESSED(DXT1/PVRTC/ETC1),2,False,11939
convict_diffuse_256.atf,convict,diffuse,256,256,256,9,COMPRESSED(DXT1/PVRTC/ETC1),2,False,39554
convict_diffuse_512.atf,convict,diffuse,512,512,512,10,COMPRESSED(DXT1/PVRTC/ETC1),2,False,141767
convict_glow_128.atf,convict,glow,128,128,128,8,COMPRESSED(DXT1/PVRTC/ETC1),2,False,3048
convict_glow_256.atf,convict,glow,256,256,256,9,COMPRESSED(DXT1/PVRTC/ETC1),2,False,4952
convict_glow_512.atf,convict,glow,512,512,512,10,COMPRESSED(DXT1/PVRTC/ETC1),2,False,9211
convict_normal_128.atf,convict,normal,128,128,128,8,COMPRESSED(DXT1/PVRTC/ETC1),2,False,12333
convict_normal_256.atf,convict,normal,256,256,256,9,COMPRESSED(DXT1/PVRTC/ETC1),2,False,40783
convict_normal_512.atf,convict,normal,512,512,512,10,COMPRESSED(DXT1/PVRTC/ETC1),2,False,140669
convict_specular_128.atf,convict,specular,128,128,128,8,COMPRESSED(DXT1/PVRTC/ETC1),2,False,10292
convict_specular_256.atf,convict,specular,256,256,256,9,COMPRESSED(DXT1/PVRTC/ETC1),2,False,34779
convict_specular_512.atf,convict,specular,512,512,512,10,COMPRESSED(DXT1/PVRTC/ETC1),2,False,129443
corsair_diffuse_128.atf,corsair,diffuse,128,128,128,8,COMPRESSED(DXT1/PVRTC/ETC1),2,False,11565
corsair_diffuse_256.atf,corsair,diffuse,256,256,256,9,COMPRESSED(DXT1/PVRTC/ETC1),2,False,38685
corsair_diffuse_512.atf,corsair,diffuse,512,512,512,10,COMPRESSED(DXT1/PVRTC/ETC1),2,False,137813
corsair_glow_128.atf,corsair,glow,128,128,128,8,COMPRESSED(DXT1/PVRTC/ETC1),2,False,3848
corsair_glow_256.atf,corsair,glow,256,256,256,9,COMPRESSED(DXT1/PVRTC/ETC1),2,False,7526
corsair_glow_512.atf,corsair,glow,512,512,512,10,COMPRESSED(DXT1/PVRTC/ETC1),2,False,16008
corsair_normal_128.atf,corsair,normal,128,128,128,8,COMPRESSED(DXT1/PVRTC/ETC1),2,False,12227
corsair_normal_256.atf,corsair,normal,256,256,256,9,COMPRESSED(DXT1/PVRTC/ETC1),2,False,40572
corsair_normal_512.atf,corsair,normal,512,512,512,10,COMPRESSED(DXT1/PVRTC/ETC1),2,False,141735
corsair_specular_128.atf,corsair,specular,128,128,128,8,COMPRESSED(DXT1/PVRTC/ETC1),2,False,9798
corsair_specular_256.atf,corsair,specular,256,256,256,9,COMPRESSED(DXT1/PVRTC/ETC1),2,False,31786
corsair_specular_512.atf,corsair,specular,512,512,512,10,COMPRESSED(DXT1/PVRTC/ETC1),2,False,112963
crazy-bot_diffuse_128.atf,crazy-bot,diffuse,128,128,128,8,COMPRESSED(DXT1/PVRTC/ETC1),2,False,10966
crazy-bot_diffuse_256.atf,crazy-bot,diffuse,256,256,256,9,COMPRESSED(DXT1/PVRTC/ETC1),2,False,35283
crazy-bot_diffuse_512.atf,crazy-bot,diffuse,512,512,512,10,COMPRESSED(DXT1/PVRTC/ETC1),2,False,119999
crazy-bot_glow_128.atf,crazy-bot,glow,128,128,128,8,COMPRESSED(DXT1/PVRTC/ETC1),2,False,8377
crazy-bot_glow_256.atf,crazy-bot,glow,256,256,256,9,COMPRESSED(DXT1/PVRTC/ETC1),2,False,20542
crazy-bot_glow_512.atf,crazy-bot,glow,512,512,512,10,COMPRESSED(DXT1/PVRTC/ETC1),2,False,50353
crazy-bot_normal_128.atf,crazy-bot,normal,128,128,128,8,COMPRESSED(DXT1/PVRTC/ETC1),2,False,10574
crazy-bot_normal_256.atf,crazy-bot,normal,256,256,256,9,COMPRESSED(DXT1/PVRTC/ETC1),2,False,32931
crazy-bot_normal_512.atf,crazy-bot,normal,512,512,512,10,COMPRESSED(DXT1/PVRTC/ETC1),2,False,107056
crazy-bot_specular_128.atf,crazy-bot,specular,128,128,128,8,COMPRESSED(DXT1/PVRTC/ETC1),2,False,9117
crazy-bot_specular_256.atf,crazy-bot,specular,256,256,256,9,COMPRESSED(DXT1/PVRTC/ETC1),2,False,28511
crazy-bot_specular_512.atf,crazy-bot,specular,512,512,512,10,COMPRESSED(DXT1/PVRTC/ETC1),2,False,95794
cubikon_diffuse_128.atf,cubikon,diffuse,128,128,128,8,COMPRESSED(DXT1/PVRTC/ETC1),2,False,11409
cubikon_diffuse_256.atf,cubikon,diffuse,256,256,256,9,COMPRESSED(DXT1/PVRTC/ETC1),2,False,36616
cubikon_diffuse_512.atf,cubikon,diffuse,512,512,512,10,COMPRESSED(DXT1/PVRTC/ETC1),2,False,128924
cubikon_glow_128.atf,cubikon,glow,128,128,128,8,COMPRESSED(DXT1/PVRTC/ETC1),2,False,10354
cubikon_glow_256.atf,cubikon,glow,256,256,256,9,COMPRESSED(DXT1/PVRTC/ETC1),2,False,31817
cubikon_glow_512.atf,cubikon,glow,512,512,512,10,COMPRESSED(DXT1/PVRTC/ETC1),2,False,107366
cubikon_normal_128.atf,cubikon,normal,128,128,128,8,COMPRESSED(DXT1/PVRTC/ETC1),2,False,11466
cubikon_normal_256.atf,cubikon,normal,256,256,256,9,COMPRESSED(DXT1/PVRTC/ETC1),2,False,40855
cubikon_normal_512.atf,cubikon,normal,512,512,512,10,COMPRESSED(DXT1/PVRTC/ETC1),2,False,148895
cubikon_specular_128.atf,cubikon,specular,128,128,128,8,COMPRESSED(DXT1/PVRTC/ETC1),2,False,8935
cubikon_specular_256.atf,cubikon,specular,256,256,256,9,COMPRESSED(DXT1/PVRTC/ETC1),2,False,28884
cubikon_specular_512.atf,cubikon,specular,512,512,512,10,COMPRESSED(DXT1/PVRTC/ETC1),2,False,101030
curcubitor-boss_diffuse_128.atf,curcubitor-boss,diffuse,128,128,128,8,COMPRESSED(DXT1/PVRTC/ETC1),2,False,12472
curcubitor-boss_diffuse_256.atf,curcubitor-boss,diffuse,256,256,256,9,COMPRESSED(DXT1/PVRTC/ETC1),2,False,38917
curcubitor-boss_diffuse_512.atf,curcubitor-boss,diffuse,512,512,512,10,COMPRESSED(DXT1/PVRTC/ETC1),2,False,129220
curcubitor-boss_glow_128.atf,curcubitor-boss,glow,128,128,128,8,COMPRESSED(DXT1/PVRTC/ETC1),2,False,3013
curcubitor-boss_glow_256.atf,curcubitor-boss,glow,256,256,256,9,COMPRESSED(DXT1/PVRTC/ETC1),2,False,4952
curcubitor-boss_glow_512.atf,curcubitor-boss,glow,512,512,512,10,COMPRESSED(DXT1/PVRTC/ETC1),2,False,8903
curcubitor-boss_normal_128.atf,curcubitor-boss,normal,128,128,128,8,COMPRESSED(DXT1/PVRTC/ETC1),2,False,10768
curcubitor-boss_normal_256.atf,curcubitor-boss,normal,256,256,256,9,COMPRESSED(DXT1/PVRTC/ETC1),2,False,33991
curcubitor-boss_normal_512.atf,curcubitor-boss,normal,512,512,512,10,COMPRESSED(DXT1/PVRTC/ETC1),2,False,109309
curcubitor-boss_specular_128.atf,curcubitor-boss,specular,128,128,128,8,COMPRESSED(DXT1/PVRTC/ETC1),2,False,9527
curcubitor-boss_specular_256.atf,curcubitor-boss,specular,256,256,256,9,COMPRESSED(DXT1/PVRTC/ETC1),2,False,30698
curcubitor-boss_specular_512.atf,curcubitor-boss,specular,512,512,512,10,COMPRESSED(DXT1/PVRTC/ETC1),2,False,107456
curcubitor_diffuse_128.atf,curcubitor,diffuse,128,128,128,8,COMPRESSED(DXT1/PVRTC/ETC1),2,False,12489
curcubitor_diffuse_256.atf,curcubitor,diffuse,256,256,256,9,COMPRESSED(DXT1/PVRTC/ETC1),2,False,38651
curcubitor_diffuse_512.atf,curcubitor,diffuse,512,512,512,10,COMPRESSED(DXT1/PVRTC/ETC1),2,False,127629
curcubitor_glow_128.atf,curcubitor,glow,128,128,128,8,COMPRESSED(DXT1/PVRTC/ETC1),2,False,11766
curcubitor_glow_256.atf,curcubitor,glow,256,256,256,9,COMPRESSED(DXT1/PVRTC/ETC1),2,False,35887
curcubitor_glow_512.atf,curcubitor,glow,512,512,512,10,COMPRESSED(DXT1/PVRTC/ETC1),2,False,113700
curcubitor_normal_128.atf,curcubitor,normal,128,128,128,8,COMPRESSED(DXT1/PVRTC/ETC1),2,False,9341
curcubitor_normal_256.atf,curcubitor,normal,256,256,256,9,COMPRESSED(DXT1/PVRTC/ETC1),2,False,26895
curcubitor_normal_512.atf,curcubitor,normal,512,512,512,10,COMPRESSED(DXT1/PVRTC/ETC1),2,False,86728
curcubitor_specular_128.atf,curcubitor,specular,128,128,128,8,COMPRESSED(DXT1/PVRTC/ETC1),2,False,8733
curcubitor_specular_256.atf,curcubitor,specular,256,256,256,9,COMPRESSED(DXT1/PVRTC/ETC1),2,False,26279
curcubitor_specular_512.atf,curcubitor,specular,512,512,512,10,COMPRESSED(DXT1/PVRTC/ETC1),2,False,86471
cyborg-lava_diffuse_128.atf,cyborg-lava,diffuse,128,128,128,8,COMPRESSED(DXT1/PVRTC/ETC1),2,False,10769
cyborg-lava_diffuse_256.atf,cyborg-lava,diffuse,256,256,256,9,COMPRESSED(DXT1/PVRTC/ETC1),2,False,34573
cyborg-lava_diffuse_512.atf,cyborg-lava,diffuse,512,512,512,10,COMPRESSED(DXT1/PVRTC/ETC1),2,False,117681
cyborg-lava_glow_128.atf,cyborg-lava,glow,128,128,128,8,COMPRESSED(DXT1/PVRTC/ETC1),2,False,6174
cyborg-lava_glow_256.atf,cyborg-lava,glow,256,256,256,9,COMPRESSED(DXT1/PVRTC/ETC1),2,False,12423
cyborg-lava_glow_512.atf,cyborg-lava,glow,512,512,512,10,COMPRESSED(DXT1/PVRTC/ETC1),2,False,27142
cyborg_diffuse_128.atf,cyborg,diffuse,128,128,128,8,COMPRESSED(DXT1/PVRTC/ETC1),2,False,10928
cyborg_diffuse_256.atf,cyborg,diffuse,256,256,256,9,COMPRESSED(DXT1/PVRTC/ETC1),2,False,34606
cyborg_diffuse_512.atf,cyborg,diffuse,512,512,512,10,COMPRESSED(DXT1/PVRTC/ETC1),2,False,115304
cyborg_drone_diffuse_128.atf,cyborg_drone,diffuse,128,128,128,8,COMPRESSED(DXT1/PVRTC/ETC1),2,False,10458
cyborg_drone_diffuse_256.atf,cyborg_drone,diffuse,256,256,256,9,COMPRESSED(DXT1/PVRTC/ETC1),2,False,32247
cyborg_drone_diffuse_512.atf,cyborg_drone,diffuse,512,512,512,10,COMPRESSED(DXT1/PVRTC/ETC1),2,False,106585
cyborg_drone_glow_128.atf,cyborg_drone,glow,128,128,128,8,COMPRESSED(DXT1/PVRTC/ETC1),2,False,5535
cyborg_drone_glow_256.atf,cyborg_drone,glow,256,256,256,9,COMPRESSED(DXT1/PVRTC/ETC1),2,False,11608
cyborg_drone_glow_512.atf,cyborg_drone,glow,512,512,512,10,COMPRESSED(DXT1/PVRTC/ETC1),2,False,27048
cyborg_drone_normal_128.atf,cyborg_drone,normal,128,128,128,8,COMPRESSED(DXT1/PVRTC/ETC1),2,False,11638
cyborg_drone_normal_256.atf,cyborg_drone,normal,256,256,256,9,COMPRESSED(DXT1/PVRTC/ETC1),2,False,37376
cyborg_drone_normal_512.atf,cyborg_drone,normal,512,512,512,10,COMPRESSED(DXT1/PVRTC/ETC1),2,False,123736
cyborg_drone_specular_128.atf,cyborg_drone,specular,128,128,128,8,COMPRESSED(DXT1/PVRTC/ETC1),2,False,9319
cyborg_drone_specular_256.atf,cyborg_drone,specular,256,256,256,9,COMPRESSED(DXT1/PVRTC/ETC1),2,False,28984
cyborg_drone_specular_512.atf,cyborg_drone,specular,512,512,512,10,COMPRESSED(DXT1/PVRTC/ETC1),2,False,94543
cyborg_glow_128.atf,cyborg,glow,128,128,128,8,COMPRESSED(DXT1/PVRTC/ETC1),2,False,4235
cyborg_glow_256.atf,cyborg,glow,256,256,256,9,COMPRESSED(DXT1/PVRTC/ETC1),2,False,8054
cyborg_glow_512.atf,cyborg,glow,512,512,512,10,COMPRESSED(DXT1/PVRTC/ETC1),2,False,17316
cyborg_normal_128.atf,cyborg,normal,128,128,128,8,COMPRESSED(DXT1/PVRTC/ETC1),2,False,9931
cyborg_normal_256.atf,cyborg,normal,256,256,256,9,COMPRESSED(DXT1/PVRTC/ETC1),2,False,30121
cyborg_normal_512.atf,cyborg,normal,512,512,512,10,COMPRESSED(DXT1/PVRTC/ETC1),2,False,94907
cyborg_specular_128.atf,cyborg,specular,128,128,128,8,COMPRESSED(DXT1/PVRTC/ETC1),2,False,10760
cyborg_specular_256.atf,cyborg,specular,256,256,256,9,COMPRESSED(DXT1/PVRTC/ETC1),2,False,33406
cyborg_specular_512.atf,cyborg,specular,512,512,512,10,COMPRESSED(DXT1/PVRTC/ETC1),2,False,109799
defcom-raven_diffuse_128.atf,defcom-raven,diffuse,128,128,128,8,COMPRESSED(DXT1/PVRTC/ETC1),2,False,10139
defcom-raven_diffuse_256.atf,defcom-raven,diffuse,256,256,256,9,COMPRESSED(DXT1/PVRTC/ETC1),2,False,32828
defcom-raven_diffuse_512.atf,defcom-raven,diffuse,512,512,512,10,COMPRESSED(DXT1/PVRTC/ETC1),2,False,114628
defcom-violet_diffuse_128.atf,defcom-violet,diffuse,128,128,128,8,COMPRESSED(DXT1/PVRTC/ETC1),2,False,11924
defcom-violet_diffuse_256.atf,defcom-violet,diffuse,256,256,256,9,COMPRESSED(DXT1/PVRTC/ETC1),2,False,40040
defcom-violet_diffuse_512.atf,defcom-violet,diffuse,512,512,512,10,COMPRESSED(DXT1/PVRTC/ETC1),2,False,142814
defcom_diffuse_128.atf,defcom,diffuse,128,128,128,8,COMPRESSED(DXT1/PVRTC/ETC1),2,False,10617
defcom_diffuse_256.atf,defcom,diffuse,256,256,256,9,COMPRESSED(DXT1/PVRTC/ETC1),2,False,35227
defcom_diffuse_512.atf,defcom,diffuse,512,512,512,10,COMPRESSED_ALPHA(DXT5),4,False,126416
defcom_glow_128.atf,defcom,glow,128,128,128,8,COMPRESSED_ALPHA(DXT5),4,False,3999
defcom_glow_256.atf,defcom,glow,256,256,256,9,COMPRESSED_ALPHA(DXT5),4,False,5820
defcom_glow_512.atf,defcom,glow,512,512,512,10,COMPRESSED_ALPHA(DXT5),4,False,9093
defcom_normal_128.atf,defcom,normal,128,128,128,8,COMPRESSED_ALPHA(DXT5),4,False,13981
defcom_normal_256.atf,defcom,normal,256,256,256,9,COMPRESSED_ALPHA(DXT5),4,False,42306
defcom_normal_512.atf,defcom,normal,512,512,512,10,COMPRESSED_ALPHA(DXT5),4,False,137092
defcom_specular_128.atf,defcom,specular,128,128,128,8,COMPRESSED_ALPHA(DXT5),4,False,10871
defcom_specular_256.atf,defcom,specular,256,256,256,9,COMPRESSED_ALPHA(DXT5),4,False,32864
defcom_specular_512.atf,defcom,specular,512,512,512,10,COMPRESSED_ALPHA(DXT5),4,False,112833
demaner-freighter_diffuse_128.atf,demaner-freighter,diffuse,128,128,128,8,COMPRESSED(DXT1/PVRTC/ETC1),2,False,10617
demaner-freighter_diffuse_256.atf,demaner-freighter,diffuse,256,256,256,9,COMPRESSED(DXT1/PVRTC/ETC1),2,False,32564
demaner-freighter_diffuse_512.atf,demaner-freighter,diffuse,512,512,512,10,COMPRESSED(DXT1/PVRTC/ETC1),2,False,106372
demaner-freighter_glow_128.atf,demaner-freighter,glow,128,128,128,8,COMPRESSED(DXT1/PVRTC/ETC1),2,False,6274
demaner-freighter_glow_256.atf,demaner-freighter,glow,256,256,256,9,COMPRESSED(DXT1/PVRTC/ETC1),2,False,12529
demaner-freighter_glow_512.atf,demaner-freighter,glow,512,512,512,10,COMPRESSED(DXT1/PVRTC/ETC1),2,False,27550
demaner-freighter_normal_128.atf,demaner-freighter,normal,128,128,128,8,COMPRESSED(DXT1/PVRTC/ETC1),2,False,11770
demaner-freighter_normal_256.atf,demaner-freighter,normal,256,256,256,9,COMPRESSED(DXT1/PVRTC/ETC1),2,False,38917
demaner-freighter_normal_512.atf,demaner-freighter,normal,512,512,512,10,COMPRESSED(DXT1/PVRTC/ETC1),2,False,135226
demaner-freighter_specular_128.atf,demaner-freighter,specular,128,128,128,8,COMPRESSED(DXT1/PVRTC/ETC1),2,False,12818
demaner-freighter_specular_256.atf,demaner-freighter,specular,256,256,256,9,COMPRESSED(DXT1/PVRTC/ETC1),2,False,41435
demaner-freighter_specular_512.atf,demaner-freighter,specular,512,512,512,10,COMPRESSED(DXT1/PVRTC/ETC1),2,False,139893
demaner_diffuse_128.atf,demaner,diffuse,128,128,128,8,COMPRESSED(DXT1/PVRTC/ETC1),2,False,11979
demaner_diffuse_256.atf,demaner,diffuse,256,256,256,9,COMPRESSED(DXT1/PVRTC/ETC1),2,False,39010
demaner_diffuse_512.atf,demaner,diffuse,512,512,512,10,COMPRESSED(DXT1/PVRTC/ETC1),2,False,138293
demaner_glow_128.atf,demaner,glow,128,128,128,8,COMPRESSED(DXT1/PVRTC/ETC1),2,False,5757
demaner_glow_256.atf,demaner,glow,256,256,256,9,COMPRESSED(DXT1/PVRTC/ETC1),2,False,12165
demaner_glow_512.atf,demaner,glow,512,512,512,10,COMPRESSED(DXT1/PVRTC/ETC1),2,False,27317
demaner_normal_128.atf,demaner,normal,128,128,128,8,COMPRESSED(DXT1/PVRTC/ETC1),2,False,11714
demaner_normal_256.atf,demaner,normal,256,256,256,9,COMPRESSED(DXT1/PVRTC/ETC1),2,False,39226
demaner_normal_512.atf,demaner,normal,512,512,512,10,COMPRESSED(DXT1/PVRTC/ETC1),2,False,136026
demaner_specular_128.atf,demaner,specular,128,128,128,8,COMPRESSED(DXT1/PVRTC/ETC1),2,False,9476
demaner_specular_256.atf,demaner,specular,256,256,256,9,COMPRESSED(DXT1/PVRTC/ETC1),2,False,30976
demaner_specular_512.atf,demaner,specular,512,512,512,10,COMPRESSED(DXT1/PVRTC/ETC1),2,False,110557
desert.atf,desert,?,,512,512,10,RGBA888,0,False,88550
devolarium-boss_diffuse_128.atf,devolarium-boss,diffuse,128,128,128,8,COMPRESSED(DXT1/PVRTC/ETC1),2,False,12057
devolarium-boss_diffuse_256.atf,devolarium-boss,diffuse,256,256,256,9,COMPRESSED(DXT1/PVRTC/ETC1),2,False,39248
devolarium-boss_diffuse_512.atf,devolarium-boss,diffuse,512,512,512,10,COMPRESSED(DXT1/PVRTC/ETC1),2,False,139625
devolarium-boss_glow_128.atf,devolarium-boss,glow,128,128,128,8,COMPRESSED(DXT1/PVRTC/ETC1),2,False,10837
devolarium-boss_glow_256.atf,devolarium-boss,glow,256,256,256,9,COMPRESSED(DXT1/PVRTC/ETC1),2,False,29006
devolarium-boss_glow_512.atf,devolarium-boss,glow,512,512,512,10,COMPRESSED(DXT1/PVRTC/ETC1),2,False,80270
devolarium-boss_normal_128.atf,devolarium-boss,normal,128,128,128,8,COMPRESSED(DXT1/PVRTC/ETC1),2,False,11827
devolarium-boss_normal_256.atf,devolarium-boss,normal,256,256,256,9,COMPRESSED(DXT1/PVRTC/ETC1),2,False,39582
devolarium-boss_normal_512.atf,devolarium-boss,normal,512,512,512,10,COMPRESSED(DXT1/PVRTC/ETC1),2,False,138638
devolarium-boss_specular_128.atf,devolarium-boss,specular,128,128,128,8,COMPRESSED(DXT1/PVRTC/ETC1),2,False,8863
devolarium-boss_specular_256.atf,devolarium-boss,specular,256,256,256,9,COMPRESSED(DXT1/PVRTC/ETC1),2,False,28834
devolarium-boss_specular_512.atf,devolarium-boss,specular,512,512,512,10,COMPRESSED(DXT1/PVRTC/ETC1),2,False,102423
devolarium_diffuse_128.atf,devolarium,diffuse,128,128,128,8,COMPRESSED(DXT1/PVRTC/ETC1),2,False,12179
devolarium_diffuse_256.atf,devolarium,diffuse,256,256,256,9,COMPRESSED(DXT1/PVRTC/ETC1),2,False,39282
devolarium_diffuse_512.atf,devolarium,diffuse,512,512,512,10,COMPRESSED(DXT1/PVRTC/ETC1),2,False,137113
devolarium_glow_128.atf,devolarium,glow,128,128,128,8,COMPRESSED(DXT1/PVRTC/ETC1),2,False,11922
devolarium_glow_256.atf,devolarium,glow,256,256,256,9,COMPRESSED(DXT1/PVRTC/ETC1),2,False,33843
devolarium_glow_512.atf,devolarium,glow,512,512,512,10,COMPRESSED(DXT1/PVRTC/ETC1),2,False,97478
devolarium_normal_128.atf,devolarium,normal,128,128,128,8,COMPRESSED(DXT1/PVRTC/ETC1),2,False,11774
devolarium_normal_256.atf,devolarium,normal,256,256,256,9,COMPRESSED(DXT1/PVRTC/ETC1),2,False,39225
devolarium_normal_512.atf,devolarium,normal,512,512,512,10,COMPRESSED(DXT1/PVRTC/ETC1),2,False,136190
devolarium_specular_128.atf,devolarium,specular,128,128,128,8,COMPRESSED(DXT1/PVRTC/ETC1),2,False,8964
devolarium_specular_256.atf,devolarium,specular,256,256,256,9,COMPRESSED(DXT1/PVRTC/ETC1),2,False,29008
devolarium_specular_512.atf,devolarium,specular,512,512,512,10,COMPRESSED(DXT1/PVRTC/ETC1),2,False,101101
devourer_diffuse_128.atf,devourer,diffuse,128,128,128,8,COMPRESSED(DXT1/PVRTC/ETC1),2,False,12436
devourer_diffuse_256.atf,devourer,diffuse,256,256,256,9,COMPRESSED(DXT1/PVRTC/ETC1),2,False,41424
devourer_diffuse_512.atf,devourer,diffuse,512,512,512,10,COMPRESSED(DXT1/PVRTC/ETC1),2,False,152286
devourer_glow_128.atf,devourer,glow,128,128,128,8,COMPRESSED(DXT1/PVRTC/ETC1),2,False,12043
devourer_glow_256.atf,devourer,glow,256,256,256,9,COMPRESSED(DXT1/PVRTC/ETC1),2,False,39058
devourer_glow_512.atf,devourer,glow,512,512,512,10,COMPRESSED(DXT1/PVRTC/ETC1),2,False,138456
devourer_normal_128.atf,devourer,normal,128,128,128,8,COMPRESSED(DXT1/PVRTC/ETC1),2,False,12163
devourer_normal_256.atf,devourer,normal,256,256,256,9,COMPRESSED(DXT1/PVRTC/ETC1),2,False,41233
devourer_normal_512.atf,devourer,normal,512,512,512,10,COMPRESSED(DXT1/PVRTC/ETC1),2,False,145081
devourer_specular_128.atf,devourer,specular,128,128,128,8,COMPRESSED(DXT1/PVRTC/ETC1),2,False,10109
devourer_specular_256.atf,devourer,specular,256,256,256,9,COMPRESSED(DXT1/PVRTC/ETC1),2,False,34428
devourer_specular_512.atf,devourer,specular,512,512,512,10,COMPRESSED(DXT1/PVRTC/ETC1),2,False,126556
diminisher_drone_design_argon_diffuse_128.atf,diminisher_drone_design_argon,diffuse,128,128,128,8,COMPRESSED(DXT1/PVRTC/ETC1),2,False,13377
diminisher_drone_design_argon_diffuse_256.atf,diminisher_drone_design_argon,diffuse,256,256,256,9,COMPRESSED(DXT1/PVRTC/ETC1),2,False,42486
diminisher_drone_design_argon_diffuse_512.atf,diminisher_drone_design_argon,diffuse,512,512,512,10,COMPRESSED(DXT1/PVRTC/ETC1),2,False,140840
diminisher_drone_design_lava_diffuse_128.atf,diminisher_drone_design_lava,diffuse,128,128,128,8,COMPRESSED(DXT1/PVRTC/ETC1),2,False,10431
diminisher_drone_design_lava_diffuse_256.atf,diminisher_drone_design_lava,diffuse,256,256,256,9,COMPRESSED(DXT1/PVRTC/ETC1),2,False,32349
diminisher_drone_design_lava_diffuse_512.atf,diminisher_drone_design_lava,diffuse,512,512,512,10,COMPRESSED(DXT1/PVRTC/ETC1),2,False,106080
diminisher_drone_design_legend_diffuse_128.atf,diminisher_drone_design_legend,diffuse,128,128,128,8,COMPRESSED(DXT1/PVRTC/ETC1),2,False,13119
diminisher_drone_design_legend_diffuse_256.atf,diminisher_drone_design_legend,diffuse,256,256,256,9,COMPRESSED(DXT1/PVRTC/ETC1),2,False,43694
diminisher_drone_design_legend_diffuse_512.atf,diminisher_drone_design_legend,diffuse,512,512,512,10,COMPRESSED(DXT1/PVRTC/ETC1),2,False,148861
disguisor_diffuse_128.atf,disguisor,diffuse,128,128,128,8,COMPRESSED(DXT1/PVRTC/ETC1),2,False,11679
disguisor_diffuse_256.atf,disguisor,diffuse,256,256,256,9,COMPRESSED(DXT1/PVRTC/ETC1),2,False,38899
disguisor_diffuse_512.atf,disguisor,diffuse,512,512,512,10,COMPRESSED(DXT1/PVRTC/ETC1),2,False,134972
disguisor_glow_128.atf,disguisor,glow,128,128,128,8,COMPRESSED(DXT1/PVRTC/ETC1),2,False,6608
disguisor_glow_256.atf,disguisor,glow,256,256,256,9,COMPRESSED(DXT1/PVRTC/ETC1),2,False,15133
disguisor_glow_512.atf,disguisor,glow,512,512,512,10,COMPRESSED(DXT1/PVRTC/ETC1),2,False,35572
disguisor_normal_128.atf,disguisor,normal,128,128,128,8,COMPRESSED(DXT1/PVRTC/ETC1),2,False,10767
disguisor_normal_256.atf,disguisor,normal,256,256,256,9,COMPRESSED(DXT1/PVRTC/ETC1),2,False,34016
disguisor_normal_512.atf,disguisor,normal,512,512,512,10,COMPRESSED(DXT1/PVRTC/ETC1),2,False,112490
disguisor_specular_128.atf,disguisor,specular,128,128,128,8,COMPRESSED(DXT1/PVRTC/ETC1),2,False,9493
disguisor_specular_256.atf,disguisor,specular,256,256,256,9,COMPRESSED(DXT1/PVRTC/ETC1),2,False,30587
disguisor_specular_512.atf,disguisor,specular,512,512,512,10,COMPRESSED(DXT1/PVRTC/ETC1),2,False,106264
drone-bat-blue_diffuse_128.atf,drone-bat-blue,diffuse,128,128,128,8,COMPRESSED(DXT1/PVRTC/ETC1),2,False,12212
drone-bat-blue_diffuse_256.atf,drone-bat-blue,diffuse,256,256,256,9,COMPRESSED(DXT1/PVRTC/ETC1),2,False,37474
drone-bat-blue_diffuse_512.atf,drone-bat-blue,diffuse,512,512,512,10,COMPRESSED(DXT1/PVRTC/ETC1),2,False,122175
drone-bat-green_diffuse_128.atf,drone-bat-green,diffuse,128,128,128,8,COMPRESSED(DXT1/PVRTC/ETC1),2,False,12089
drone-bat-green_diffuse_256.atf,drone-bat-green,diffuse,256,256,256,9,COMPRESSED(DXT1/PVRTC/ETC1),2,False,37339
drone-bat-green_diffuse_512.atf,drone-bat-green,diffuse,512,512,512,10,COMPRESSED(DXT1/PVRTC/ETC1),2,False,122000
drone-bat-red_diffuse_128.atf,drone-bat-red,diffuse,128,128,128,8,COMPRESSED(DXT1/PVRTC/ETC1),2,False,12333
drone-bat-red_diffuse_256.atf,drone-bat-red,diffuse,256,256,256,9,COMPRESSED(DXT1/PVRTC/ETC1),2,False,38151
drone-bat-red_diffuse_512.atf,drone-bat-red,diffuse,512,512,512,10,COMPRESSED(DXT1/PVRTC/ETC1),2,False,123741
drone-bat_diffuse_128.atf,drone-bat,diffuse,128,128,128,8,COMPRESSED(DXT1/PVRTC/ETC1),2,False,10513
drone-bat_diffuse_256.atf,drone-bat,diffuse,256,256,256,9,COMPRESSED(DXT1/PVRTC/ETC1),2,False,32361
drone-bat_diffuse_512.atf,drone-bat,diffuse,512,512,512,10,COMPRESSED(DXT1/PVRTC/ETC1),2,False,107682
drone-bat_glow_128.atf,drone-bat,glow,128,128,128,8,COMPRESSED(DXT1/PVRTC/ETC1),2,False,2980
drone-bat_glow_256.atf,drone-bat,glow,256,256,256,9,COMPRESSED(DXT1/PVRTC/ETC1),2,False,5351
drone-bat_glow_512.atf,drone-bat,glow,512,512,512,10,COMPRESSED(DXT1/PVRTC/ETC1),2,False,9837
drone-bat_normal_128.atf,drone-bat,normal,128,128,128,8,COMPRESSED(DXT1/PVRTC/ETC1),2,False,12225
drone-bat_normal_256.atf,drone-bat,normal,256,256,256,9,COMPRESSED(DXT1/PVRTC/ETC1),2,False,38576
drone-bat_normal_512.atf,drone-bat,normal,512,512,512,10,COMPRESSED(DXT1/PVRTC/ETC1),2,False,125208
drone-bat_specular_128.atf,drone-bat,specular,128,128,128,8,COMPRESSED(DXT1/PVRTC/ETC1),2,False,9389
drone-bat_specular_256.atf,drone-bat,specular,256,256,256,9,COMPRESSED(DXT1/PVRTC/ETC1),2,False,28777
drone-bat_specular_512.atf,drone-bat,specular,512,512,512,10,COMPRESSED(DXT1/PVRTC/ETC1),2,False,94628
drone-beacon_diffuse_128.atf,drone-beacon,diffuse,128,128,128,8,COMPRESSED(DXT1/PVRTC/ETC1),2,False,10792
drone-beacon_diffuse_256.atf,drone-beacon,diffuse,256,256,256,9,COMPRESSED(DXT1/PVRTC/ETC1),2,False,32151
drone-beacon_diffuse_512.atf,drone-beacon,diffuse,512,512,512,10,COMPRESSED(DXT1/PVRTC/ETC1),2,False,102166
drone-beacon_glow_128.atf,drone-beacon,glow,128,128,128,8,COMPRESSED(DXT1/PVRTC/ETC1),2,False,9843
drone-beacon_glow_256.atf,drone-beacon,glow,256,256,256,9,COMPRESSED(DXT1/PVRTC/ETC1),2,False,25813
drone-beacon_glow_512.atf,drone-beacon,glow,512,512,512,10,COMPRESSED(DXT1/PVRTC/ETC1),2,False,69107
drone-beacon_normal_128.atf,drone-beacon,normal,128,128,128,8,COMPRESSED(DXT1/PVRTC/ETC1),2,False,9466
drone-beacon_normal_256.atf,drone-beacon,normal,256,256,256,9,COMPRESSED(DXT1/PVRTC/ETC1),2,False,30719
drone-beacon_normal_512.atf,drone-beacon,normal,512,512,512,10,COMPRESSED(DXT1/PVRTC/ETC1),2,False,108971
drone-beacon_specular_128.atf,drone-beacon,specular,128,128,128,8,COMPRESSED(DXT1/PVRTC/ETC1),2,False,8579
drone-beacon_specular_256.atf,drone-beacon,specular,256,256,256,9,COMPRESSED(DXT1/PVRTC/ETC1),2,False,25348
drone-beacon_specular_512.atf,drone-beacon,specular,512,512,512,10,COMPRESSED(DXT1/PVRTC/ETC1),2,False,81479
drone-champion_diffuse_128.atf,drone-champion,diffuse,128,128,128,8,COMPRESSED(DXT1/PVRTC/ETC1),2,False,9827
drone-champion_diffuse_256.atf,drone-champion,diffuse,256,256,256,9,COMPRESSED(DXT1/PVRTC/ETC1),2,False,28252
drone-champion_diffuse_512.atf,drone-champion,diffuse,512,512,512,10,COMPRESSED(DXT1/PVRTC/ETC1),2,False,90100
drone-champion_glow_128.atf,drone-champion,glow,128,128,128,8,COMPRESSED(DXT1/PVRTC/ETC1),2,False,6618
drone-champion_glow_256.atf,drone-champion,glow,256,256,256,9,COMPRESSED(DXT1/PVRTC/ETC1),2,False,14118
drone-champion_glow_512.atf,drone-champion,glow,512,512,512,10,COMPRESSED(DXT1/PVRTC/ETC1),2,False,35055
drone-champion_normal_128.atf,drone-champion,normal,128,128,128,8,COMPRESSED(DXT1/PVRTC/ETC1),2,False,11161
drone-champion_normal_256.atf,drone-champion,normal,256,256,256,9,COMPRESSED(DXT1/PVRTC/ETC1),2,False,35220
drone-champion_normal_512.atf,drone-champion,normal,512,512,512,10,COMPRESSED(DXT1/PVRTC/ETC1),2,False,118907
drone-champion_specular_128.atf,drone-champion,specular,128,128,128,8,COMPRESSED(DXT1/PVRTC/ETC1),2,False,9087
drone-champion_specular_256.atf,drone-champion,specular,256,256,256,9,COMPRESSED(DXT1/PVRTC/ETC1),2,False,26531
drone-champion_specular_512.atf,drone-champion,specular,512,512,512,10,COMPRESSED(DXT1/PVRTC/ETC1),2,False,84615
drone-cyborg-argon_diffuse_128.atf,drone-cyborg-argon,diffuse,128,128,128,8,COMPRESSED(DXT1/PVRTC/ETC1),2,False,12506
drone-cyborg-argon_diffuse_256.atf,drone-cyborg-argon,diffuse,256,256,256,9,COMPRESSED(DXT1/PVRTC/ETC1),2,False,39211
drone-cyborg-argon_diffuse_512.atf,drone-cyborg-argon,diffuse,512,512,512,10,COMPRESSED(DXT1/PVRTC/ETC1),2,False,129420
drone-cyborg-lava_diffuse_128.atf,drone-cyborg-lava,diffuse,128,128,128,8,COMPRESSED(DXT1/PVRTC/ETC1),2,False,9493
drone-cyborg-lava_diffuse_256.atf,drone-cyborg-lava,diffuse,256,256,256,9,COMPRESSED(DXT1/PVRTC/ETC1),2,False,29751
drone-cyborg-lava_diffuse_512.atf,drone-cyborg-lava,diffuse,512,512,512,10,COMPRESSED(DXT1/PVRTC/ETC1),2,False,98734
drone-demon-red_diffuse_128.atf,drone-demon-red,diffuse,128,128,128,8,COMPRESSED(DXT1/PVRTC/ETC1),2,False,10411
drone-demon-red_diffuse_256.atf,drone-demon-red,diffuse,256,256,256,9,COMPRESSED(DXT1/PVRTC/ETC1),2,False,32047
drone-demon-red_diffuse_512.atf,drone-demon-red,diffuse,512,512,512,10,COMPRESSED(DXT1/PVRTC/ETC1),2,False,106328
drone-demon-red_glow_128.atf,drone-demon-red,glow,128,128,128,8,COMPRESSED(DXT1/PVRTC/ETC1),2,False,5124
drone-demon-red_glow_256.atf,drone-demon-red,glow,256,256,256,9,COMPRESSED(DXT1/PVRTC/ETC1),2,False,10120
drone-demon-red_glow_512.atf,drone-demon-red,glow,512,512,512,10,COMPRESSED(DXT1/PVRTC/ETC1),2,False,21840
drone-demon_diffuse_128.atf,drone-demon,diffuse,128,128,128,8,COMPRESSED(DXT1/PVRTC/ETC1),2,False,9685
drone-demon_diffuse_256.atf,drone-demon,diffuse,256,256,256,9,COMPRESSED(DXT1/PVRTC/ETC1),2,False,30024
drone-demon_diffuse_512.atf,drone-demon,diffuse,512,512,512,10,COMPRESSED(DXT1/PVRTC/ETC1),2,False,101841
drone-demon_glow_128.atf,drone-demon,glow,128,128,128,8,COMPRESSED(DXT1/PVRTC/ETC1),2,False,2756
drone-demon_glow_256.atf,drone-demon,glow,256,256,256,9,COMPRESSED(DXT1/PVRTC/ETC1),2,False,4398
drone-demon_glow_512.atf,drone-demon,glow,512,512,512,10,COMPRESSED(DXT1/PVRTC/ETC1),2,False,7535
drone-demon_normal_128.atf,drone-demon,normal,128,128,128,8,COMPRESSED(DXT1/PVRTC/ETC1),2,False,11788
drone-demon_normal_256.atf,drone-demon,normal,256,256,256,9,COMPRESSED(DXT1/PVRTC/ETC1),2,False,36094
drone-demon_normal_512.atf,drone-demon,normal,512,512,512,10,COMPRESSED(DXT1/PVRTC/ETC1),2,False,121263
drone-demon_specular_128.atf,drone-demon,specular,128,128,128,8,COMPRESSED(DXT1/PVRTC/ETC1),2,False,8082
drone-demon_specular_256.atf,drone-demon,specular,256,256,256,9,COMPRESSED(DXT1/PVRTC/ETC1),2,False,22967
drone-demon_specular_512.atf,drone-demon,specular,512,512,512,10,COMPRESSED(DXT1/PVRTC/ETC1),2,False,73404
drone-enigma-argon_diffuse_128.atf,drone-enigma-argon,diffuse,128,128,128,8,COMPRESSED(DXT1/PVRTC/ETC1),2,False,12481
drone-enigma-argon_diffuse_256.atf,drone-enigma-argon,diffuse,256,256,256,9,COMPRESSED(DXT1/PVRTC/ETC1),2,False,38719
drone-enigma-argon_diffuse_512.atf,drone-enigma-argon,diffuse,512,512,512,10,COMPRESSED(DXT1/PVRTC/ETC1),2,False,130031
drone-enigma-argon_glow_128.atf,drone-enigma-argon,glow,128,128,128,8,COMPRESSED(DXT1/PVRTC/ETC1),2,False,6480
drone-enigma-argon_glow_256.atf,drone-enigma-argon,glow,256,256,256,9,COMPRESSED(DXT1/PVRTC/ETC1),2,False,14849
drone-enigma-argon_glow_512.atf,drone-enigma-argon,glow,512,512,512,10,COMPRESSED(DXT1/PVRTC/ETC1),2,False,37128
drone-enigma-green_diffuse_128.atf,drone-enigma-green,diffuse,128,128,128,8,COMPRESSED(DXT1/PVRTC/ETC1),2,False,10786
drone-enigma-green_diffuse_256.atf,drone-enigma-green,diffuse,256,256,256,9,COMPRESSED(DXT1/PVRTC/ETC1),2,False,33483
drone-enigma-green_diffuse_512.atf,drone-enigma-green,diffuse,512,512,512,10,COMPRESSED_ALPHA(DXT5),4,False,113778
drone-enigma-green_glow_128.atf,drone-enigma-green,glow,128,128,128,8,COMPRESSED(DXT1/PVRTC/ETC1),2,False,6826
drone-enigma-green_glow_256.atf,drone-enigma-green,glow,256,256,256,9,COMPRESSED(DXT1/PVRTC/ETC1),2,False,15219
drone-enigma-green_glow_512.atf,drone-enigma-green,glow,512,512,512,10,COMPRESSED(DXT1/PVRTC/ETC1),2,False,38480
drone-enigma-lava_diffuse_128.atf,drone-enigma-lava,diffuse,128,128,128,8,COMPRESSED(DXT1/PVRTC/ETC1),2,False,10470
drone-enigma-lava_diffuse_256.atf,drone-enigma-lava,diffuse,256,256,256,9,COMPRESSED(DXT1/PVRTC/ETC1),2,False,32643
drone-enigma-lava_diffuse_512.atf,drone-enigma-lava,diffuse,512,512,512,10,COMPRESSED(DXT1/PVRTC/ETC1),2,False,109962
drone-enigma-lava_glow_128.atf,drone-enigma-lava,glow,128,128,128,8,COMPRESSED(DXT1/PVRTC/ETC1),2,False,6480
drone-enigma-lava_glow_256.atf,drone-enigma-lava,glow,256,256,256,9,COMPRESSED(DXT1/PVRTC/ETC1),2,False,14849
drone-enigma-lava_glow_512.atf,drone-enigma-lava,glow,512,512,512,10,COMPRESSED(DXT1/PVRTC/ETC1),2,False,37128
drone-enigma-lava_normal_128.atf,drone-enigma-lava,normal,128,128,128,8,COMPRESSED(DXT1/PVRTC/ETC1),2,False,11682
drone-enigma-lava_normal_256.atf,drone-enigma-lava,normal,256,256,256,9,COMPRESSED(DXT1/PVRTC/ETC1),2,False,36723
drone-enigma-lava_normal_512.atf,drone-enigma-lava,normal,512,512,512,10,COMPRESSED(DXT1/PVRTC/ETC1),2,False,120794
drone-enigma-lava_specular_128.atf,drone-enigma-lava,specular,128,128,128,8,COMPRESSED(DXT1/PVRTC/ETC1),2,False,12228
drone-enigma-lava_specular_256.atf,drone-enigma-lava,specular,256,256,256,9,COMPRESSED(DXT1/PVRTC/ETC1),2,False,39102
drone-enigma-lava_specular_512.atf,drone-enigma-lava,specular,512,512,512,10,COMPRESSED(DXT1/PVRTC/ETC1),2,False,136302
drone-enigma-legend_diffuse_128.atf,drone-enigma-legend,diffuse,128,128,128,8,COMPRESSED(DXT1/PVRTC/ETC1),2,False,10996
drone-enigma-legend_diffuse_256.atf,drone-enigma-legend,diffuse,256,256,256,9,COMPRESSED(DXT1/PVRTC/ETC1),2,False,33420
drone-enigma-legend_diffuse_512.atf,drone-enigma-legend,diffuse,512,512,512,10,COMPRESSED(DXT1/PVRTC/ETC1),2,False,105871
drone-enigma-legend_glow_128.atf,drone-enigma-legend,glow,128,128,128,8,COMPRESSED(DXT1/PVRTC/ETC1),2,False,6480
drone-enigma-legend_glow_256.atf,drone-enigma-legend,glow,256,256,256,9,COMPRESSED(DXT1/PVRTC/ETC1),2,False,14849
drone-enigma-legend_glow_512.atf,drone-enigma-legend,glow,512,512,512,10,COMPRESSED(DXT1/PVRTC/ETC1),2,False,37128
drone-enigma-legend_normal_128.atf,drone-enigma-legend,normal,128,128,128,8,COMPRESSED(DXT1/PVRTC/ETC1),2,False,11682
drone-enigma-legend_normal_256.atf,drone-enigma-legend,normal,256,256,256,9,COMPRESSED(DXT1/PVRTC/ETC1),2,False,36723
drone-enigma-legend_normal_512.atf,drone-enigma-legend,normal,512,512,512,10,COMPRESSED(DXT1/PVRTC/ETC1),2,False,120794
drone-enigma-legend_specular_128.atf,drone-enigma-legend,specular,128,128,128,8,COMPRESSED(DXT1/PVRTC/ETC1),2,False,12228
drone-enigma-legend_specular_256.atf,drone-enigma-legend,specular,256,256,256,9,COMPRESSED(DXT1/PVRTC/ETC1),2,False,39102
drone-enigma-legend_specular_512.atf,drone-enigma-legend,specular,512,512,512,10,COMPRESSED(DXT1/PVRTC/ETC1),2,False,136302
drone-enigma-ocean_diffuse_128.atf,drone-enigma-ocean,diffuse,128,128,128,8,COMPRESSED(DXT1/PVRTC/ETC1),2,False,11744
drone-enigma-ocean_diffuse_256.atf,drone-enigma-ocean,diffuse,256,256,256,9,COMPRESSED(DXT1/PVRTC/ETC1),2,False,37165
drone-enigma-ocean_diffuse_512.atf,drone-enigma-ocean,diffuse,512,512,512,10,COMPRESSED(DXT1/PVRTC/ETC1),2,False,128244
drone-enigma-ocean_glow_128.atf,drone-enigma-ocean,glow,128,128,128,8,COMPRESSED(DXT1/PVRTC/ETC1),2,False,6469
drone-enigma-ocean_glow_256.atf,drone-enigma-ocean,glow,256,256,256,9,COMPRESSED(DXT1/PVRTC/ETC1),2,False,14475
drone-enigma-ocean_glow_512.atf,drone-enigma-ocean,glow,512,512,512,10,COMPRESSED(DXT1/PVRTC/ETC1),2,False,36227
drone-enigma-orange_diffuse_128.atf,drone-enigma-orange,diffuse,128,128,128,8,COMPRESSED_ALPHA(DXT5),4,False,12515
drone-enigma-orange_diffuse_256.atf,drone-enigma-orange,diffuse,256,256,256,9,COMPRESSED_ALPHA(DXT5),4,False,36352
drone-enigma-orange_diffuse_512.atf,drone-enigma-orange,diffuse,512,512,512,10,COMPRESSED_ALPHA(DXT5),4,False,119312
drone-enigma-orange_glow_128.atf,drone-enigma-orange,glow,128,128,128,8,COMPRESSED(DXT1/PVRTC/ETC1),2,False,6198
drone-enigma-orange_glow_256.atf,drone-enigma-orange,glow,256,256,256,9,COMPRESSED(DXT1/PVRTC/ETC1),2,False,14225
drone-enigma-orange_glow_512.atf,drone-enigma-orange,glow,512,512,512,10,COMPRESSED(DXT1/PVRTC/ETC1),2,False,35223
drone-enigma-poison_diffuse_128.atf,drone-enigma-poison,diffuse,128,128,128,8,COMPRESSED(DXT1/PVRTC/ETC1),2,False,12104
drone-enigma-poison_diffuse_256.atf,drone-enigma-poison,diffuse,256,256,256,9,COMPRESSED(DXT1/PVRTC/ETC1),2,False,37659
drone-enigma-poison_diffuse_512.atf,drone-enigma-poison,diffuse,512,512,512,10,COMPRESSED(DXT1/PVRTC/ETC1),2,False,125375
drone-enigma-poison_glow_128.atf,drone-enigma-poison,glow,128,128,128,8,COMPRESSED(DXT1/PVRTC/ETC1),2,False,7107
drone-enigma-poison_glow_256.atf,drone-enigma-poison,glow,256,256,256,9,COMPRESSED(DXT1/PVRTC/ETC1),2,False,16497
drone-enigma-poison_glow_512.atf,drone-enigma-poison,glow,512,512,512,10,COMPRESSED(DXT1/PVRTC/ETC1),2,False,42576
drone-enigma-red_diffuse_128.atf,drone-enigma-red,diffuse,128,128,128,8,COMPRESSED(DXT1/PVRTC/ETC1),2,False,11612
drone-enigma-red_diffuse_256.atf,drone-enigma-red,diffuse,256,256,256,9,COMPRESSED(DXT1/PVRTC/ETC1),2,False,36169
drone-enigma-red_diffuse_512.atf,drone-enigma-red,diffuse,512,512,512,10,COMPRESSED(DXT1/PVRTC/ETC1),2,False,122558
drone-enigma-red_glow_128.atf,drone-enigma-red,glow,128,128,128,8,COMPRESSED(DXT1/PVRTC/ETC1),2,False,6848
drone-enigma-red_glow_256.atf,drone-enigma-red,glow,256,256,256,9,COMPRESSED(DXT1/PVRTC/ETC1),2,False,16175
drone-enigma-red_glow_512.atf,drone-enigma-red,glow,512,512,512,10,COMPRESSED(DXT1/PVRTC/ETC1),2,False,41583
drone-enigma_normal_128.atf,drone-enigma,normal,128,128,128,8,COMPRESSED(DXT1/PVRTC/ETC1),2,False,11666
drone-enigma_normal_256.atf,drone-enigma,normal,256,256,256,9,COMPRESSED(DXT1/PVRTC/ETC1),2,False,37100
drone-enigma_normal_512.atf,drone-enigma,normal,512,512,512,10,COMPRESSED(DXT1/PVRTC/ETC1),2,False,122547
drone-enigma_specular_128.atf,drone-enigma,specular,128,128,128,8,COMPRESSED(DXT1/PVRTC/ETC1),2,False,12587
drone-enigma_specular_256.atf,drone-enigma,specular,256,256,256,9,COMPRESSED(DXT1/PVRTC/ETC1),2,False,41703
drone-enigma_specular_512.atf,drone-enigma,specular,512,512,512,10,COMPRESSED(DXT1/PVRTC/ETC1),2,False,146874
drone-flax-havoc_diffuse_128.atf,drone-flax-havoc,diffuse,128,128,128,8,COMPRESSED(DXT1/PVRTC/ETC1),2,False,11542
drone-flax-havoc_diffuse_256.atf,drone-flax-havoc,diffuse,256,256,256,9,COMPRESSED(DXT1/PVRTC/ETC1),2,False,36884
drone-flax-havoc_diffuse_512.atf,drone-flax-havoc,diffuse,512,512,512,10,COMPRESSED(DXT1/PVRTC/ETC1),2,False,125127
drone-flax-havoc_glow_128.atf,drone-flax-havoc,glow,128,128,128,8,COMPRESSED(DXT1/PVRTC/ETC1),2,False,3328
drone-flax-havoc_glow_256.atf,drone-flax-havoc,glow,256,256,256,9,COMPRESSED(DXT1/PVRTC/ETC1),2,False,6049
drone-flax-havoc_glow_512.atf,drone-flax-havoc,glow,512,512,512,10,COMPRESSED(DXT1/PVRTC/ETC1),2,False,11766
drone-flax-havoc_normal_128.atf,drone-flax-havoc,normal,128,128,128,8,COMPRESSED(DXT1/PVRTC/ETC1),2,False,11191
drone-flax-havoc_normal_256.atf,drone-flax-havoc,normal,256,256,256,9,COMPRESSED(DXT1/PVRTC/ETC1),2,False,36116
drone-flax-havoc_normal_512.atf,drone-flax-havoc,normal,512,512,512,10,COMPRESSED(DXT1/PVRTC/ETC1),2,False,119343
drone-flax-havoc_specular_128.atf,drone-flax-havoc,specular,128,128,128,8,COMPRESSED(DXT1/PVRTC/ETC1),2,False,9722
drone-flax-havoc_specular_256.atf,drone-flax-havoc,specular,256,256,256,9,COMPRESSED(DXT1/PVRTC/ETC1),2,False,32397
drone-flax-havoc_specular_512.atf,drone-flax-havoc,specular,512,512,512,10,COMPRESSED(DXT1/PVRTC/ETC1),2,False,117078
drone-flax-hercules_diffuse_128.atf,drone-flax-hercules,diffuse,128,128,128,8,COMPRESSED(DXT1/PVRTC/ETC1),2,False,11360
drone-flax-hercules_diffuse_256.atf,drone-flax-hercules,diffuse,256,256,256,9,COMPRESSED(DXT1/PVRTC/ETC1),2,False,36222
drone-flax-hercules_diffuse_512.atf,drone-flax-hercules,diffuse,512,512,512,10,COMPRESSED(DXT1/PVRTC/ETC1),2,False,122338
drone-flax-hercules_glow_128.atf,drone-flax-hercules,glow,128,128,128,8,COMPRESSED(DXT1/PVRTC/ETC1),2,False,3328
drone-flax-hercules_glow_256.atf,drone-flax-hercules,glow,256,256,256,9,COMPRESSED(DXT1/PVRTC/ETC1),2,False,6049
drone-flax-hercules_glow_512.atf,drone-flax-hercules,glow,512,512,512,10,COMPRESSED(DXT1/PVRTC/ETC1),2,False,11766
drone-flax-hercules_normal_128.atf,drone-flax-hercules,normal,128,128,128,8,COMPRESSED(DXT1/PVRTC/ETC1),2,False,11191
drone-flax-hercules_normal_256.atf,drone-flax-hercules,normal,256,256,256,9,COMPRESSED(DXT1/PVRTC/ETC1),2,False,36116
drone-flax-hercules_normal_512.atf,drone-flax-hercules,normal,512,512,512,10,COMPRESSED(DXT1/PVRTC/ETC1),2,False,119343
drone-flax-hercules_specular_128.atf,drone-flax-hercules,specular,128,128,128,8,COMPRESSED(DXT1/PVRTC/ETC1),2,False,9722
drone-flax-hercules_specular_256.atf,drone-flax-hercules,specular,256,256,256,9,COMPRESSED(DXT1/PVRTC/ETC1),2,False,32397
drone-flax-hercules_specular_512.atf,drone-flax-hercules,specular,512,512,512,10,COMPRESSED(DXT1/PVRTC/ETC1),2,False,117078
drone-flax-regular_glow_128.atf,drone-flax-regular,glow,128,128,128,8,COMPRESSED(DXT1/PVRTC/ETC1),2,False,3328
drone-flax-regular_glow_256.atf,drone-flax-regular,glow,256,256,256,9,COMPRESSED(DXT1/PVRTC/ETC1),2,False,6049
drone-flax-regular_glow_512.atf,drone-flax-regular,glow,512,512,512,10,COMPRESSED(DXT1/PVRTC/ETC1),2,False,11766
drone-flax-standard_diffuse_128.atf,drone-flax-standard,diffuse,128,128,128,8,COMPRESSED(DXT1/PVRTC/ETC1),2,False,10819
drone-flax-standard_diffuse_256.atf,drone-flax-standard,diffuse,256,256,256,9,COMPRESSED(DXT1/PVRTC/ETC1),2,False,34511
drone-flax-standard_diffuse_512.atf,drone-flax-standard,diffuse,512,512,512,10,COMPRESSED(DXT1/PVRTC/ETC1),2,False,118463
drone-flax-standard_glow_128.atf,drone-flax-standard,glow,128,128,128,8,COMPRESSED(DXT1/PVRTC/ETC1),2,False,3328
drone-flax-standard_glow_256.atf,drone-flax-standard,glow,256,256,256,9,COMPRESSED(DXT1/PVRTC/ETC1),2,False,6049
drone-flax-standard_glow_512.atf,drone-flax-standard,glow,512,512,512,10,COMPRESSED(DXT1/PVRTC/ETC1),2,False,11766
drone-flax-standard_normal_128.atf,drone-flax-standard,normal,128,128,128,8,COMPRESSED(DXT1/PVRTC/ETC1),2,False,11191
drone-flax-standard_normal_256.atf,drone-flax-standard,normal,256,256,256,9,COMPRESSED(DXT1/PVRTC/ETC1),2,False,36116
drone-flax-standard_normal_512.atf,drone-flax-standard,normal,512,512,512,10,COMPRESSED(DXT1/PVRTC/ETC1),2,False,119343
drone-flax-standard_specular_128.atf,drone-flax-standard,specular,128,128,128,8,COMPRESSED(DXT1/PVRTC/ETC1),2,False,9738
drone-flax-standard_specular_256.atf,drone-flax-standard,specular,256,256,256,9,COMPRESSED(DXT1/PVRTC/ETC1),2,False,32396
drone-flax-standard_specular_512.atf,drone-flax-standard,specular,512,512,512,10,COMPRESSED(DXT1/PVRTC/ETC1),2,False,117125
drone-flax_diffuse_128.atf,drone-flax,diffuse,128,128,128,8,COMPRESSED(DXT1/PVRTC/ETC1),2,False,10819
drone-flax_diffuse_256.atf,drone-flax,diffuse,256,256,256,9,COMPRESSED(DXT1/PVRTC/ETC1),2,False,34511
drone-flax_diffuse_512.atf,drone-flax,diffuse,512,512,512,10,COMPRESSED(DXT1/PVRTC/ETC1),2,False,118463
drone-flax_glow_128.atf,drone-flax,glow,128,128,128,8,COMPRESSED(DXT1/PVRTC/ETC1),2,False,3328
drone-flax_glow_256.atf,drone-flax,glow,256,256,256,9,COMPRESSED(DXT1/PVRTC/ETC1),2,False,6049
drone-flax_glow_512.atf,drone-flax,glow,512,512,512,10,COMPRESSED(DXT1/PVRTC/ETC1),2,False,11766
drone-flax_normal_128.atf,drone-flax,normal,128,128,128,8,COMPRESSED(DXT1/PVRTC/ETC1),2,False,11191
drone-flax_normal_256.atf,drone-flax,normal,256,256,256,9,COMPRESSED(DXT1/PVRTC/ETC1),2,False,36116
drone-flax_normal_512.atf,drone-flax,normal,512,512,512,10,COMPRESSED(DXT1/PVRTC/ETC1),2,False,119343
drone-flax_specular_128.atf,drone-flax,specular,128,128,128,8,COMPRESSED(DXT1/PVRTC/ETC1),2,False,9738
drone-flax_specular_256.atf,drone-flax,specular,256,256,256,9,COMPRESSED(DXT1/PVRTC/ETC1),2,False,32396
drone-flax_specular_512.atf,drone-flax,specular,512,512,512,10,COMPRESSED(DXT1/PVRTC/ETC1),2,False,117125
drone-frozen_diffuse_128.atf,drone-frozen,diffuse,128,128,128,8,COMPRESSED(DXT1/PVRTC/ETC1),2,False,11309
drone-frozen_diffuse_256.atf,drone-frozen,diffuse,256,256,256,9,COMPRESSED(DXT1/PVRTC/ETC1),2,False,34925
drone-frozen_diffuse_512.atf,drone-frozen,diffuse,512,512,512,10,COMPRESSED(DXT1/PVRTC/ETC1),2,False,114669
drone-frozen_glow_128.atf,drone-frozen,glow,128,128,128,8,COMPRESSED(DXT1/PVRTC/ETC1),2,False,3518
drone-frozen_glow_256.atf,drone-frozen,glow,256,256,256,9,COMPRESSED(DXT1/PVRTC/ETC1),2,False,6342
drone-frozen_glow_512.atf,drone-frozen,glow,512,512,512,10,COMPRESSED(DXT1/PVRTC/ETC1),2,False,14040
drone-frozen_normal_128.atf,drone-frozen,normal,128,128,128,8,COMPRESSED(DXT1/PVRTC/ETC1),2,False,11593
drone-frozen_normal_256.atf,drone-frozen,normal,256,256,256,9,COMPRESSED(DXT1/PVRTC/ETC1),2,False,36773
drone-frozen_normal_512.atf,drone-frozen,normal,512,512,512,10,COMPRESSED(DXT1/PVRTC/ETC1),2,False,123370
drone-frozen_specular_128.atf,drone-frozen,specular,128,128,128,8,COMPRESSED(DXT1/PVRTC/ETC1),2,False,8561
drone-frozen_specular_256.atf,drone-frozen,specular,256,256,256,9,COMPRESSED(DXT1/PVRTC/ETC1),2,False,24827
drone-frozen_specular_512.atf,drone-frozen,specular,512,512,512,10,COMPRESSED(DXT1/PVRTC/ETC1),2,False,79595
drone-g-champion-argon_diffuse_128.atf,drone-g-champion-argon,diffuse,128,128,128,8,COMPRESSED(DXT1/PVRTC/ETC1),2,False,13018
drone-g-champion-argon_diffuse_256.atf,drone-g-champion-argon,diffuse,256,256,256,9,COMPRESSED(DXT1/PVRTC/ETC1),2,False,38996
drone-g-champion-argon_diffuse_512.atf,drone-g-champion-argon,diffuse,512,512,512,10,COMPRESSED(DXT1/PVRTC/ETC1),2,False,123725
drone-g-champion-argon_glow_128.atf,drone-g-champion-argon,glow,128,128,128,8,COMPRESSED(DXT1/PVRTC/ETC1),2,False,6061
drone-g-champion-argon_glow_256.atf,drone-g-champion-argon,glow,256,256,256,9,COMPRESSED(DXT1/PVRTC/ETC1),2,False,12446
drone-g-champion-argon_glow_512.atf,drone-g-champion-argon,glow,512,512,512,10,COMPRESSED(DXT1/PVRTC/ETC1),2,False,29460
drone-g-champion-dusklight_diffuse_128.atf,drone-g-champion-dusklight,diffuse,128,128,128,8,COMPRESSED(DXT1/PVRTC/ETC1),2,False,12695
drone-g-champion-dusklight_diffuse_256.atf,drone-g-champion-dusklight,diffuse,256,256,256,9,COMPRESSED(DXT1/PVRTC/ETC1),2,False,39041
drone-g-champion-dusklight_diffuse_512.atf,drone-g-champion-dusklight,diffuse,512,512,512,10,COMPRESSED(DXT1/PVRTC/ETC1),2,False,126248
drone-g-champion-dusklight_glow_128.atf,drone-g-champion-dusklight,glow,128,128,128,8,COMPRESSED(DXT1/PVRTC/ETC1),2,False,6231
drone-g-champion-dusklight_glow_256.atf,drone-g-champion-dusklight,glow,256,256,256,9,COMPRESSED(DXT1/PVRTC/ETC1),2,False,13053
drone-g-champion-dusklight_glow_512.atf,drone-g-champion-dusklight,glow,512,512,512,10,COMPRESSED(DXT1/PVRTC/ETC1),2,False,30361
drone-g-champion-lava_diffuse_128.atf,drone-g-champion-lava,diffuse,128,128,128,8,COMPRESSED(DXT1/PVRTC/ETC1),2,False,10288
drone-g-champion-lava_diffuse_256.atf,drone-g-champion-lava,diffuse,256,256,256,9,COMPRESSED(DXT1/PVRTC/ETC1),2,False,31219
drone-g-champion-lava_diffuse_512.atf,drone-g-champion-lava,diffuse,512,512,512,10,COMPRESSED(DXT1/PVRTC/ETC1),2,False,99480
drone-g-champion-lava_glow_128.atf,drone-g-champion-lava,glow,128,128,128,8,COMPRESSED(DXT1/PVRTC/ETC1),2,False,6481
drone-g-champion-lava_glow_256.atf,drone-g-champion-lava,glow,256,256,256,9,COMPRESSED(DXT1/PVRTC/ETC1),2,False,13580
drone-g-champion-lava_glow_512.atf,drone-g-champion-lava,glow,512,512,512,10,COMPRESSED(DXT1/PVRTC/ETC1),2,False,31434
drone-g-champion-legend_diffuse_128.atf,drone-g-champion-legend,diffuse,128,128,128,8,COMPRESSED(DXT1/PVRTC/ETC1),2,False,11742
drone-g-champion-legend_diffuse_256.atf,drone-g-champion-legend,diffuse,256,256,256,9,COMPRESSED(DXT1/PVRTC/ETC1),2,False,36457
drone-g-champion-legend_diffuse_512.atf,drone-g-champion-legend,diffuse,512,512,512,10,COMPRESSED(DXT1/PVRTC/ETC1),2,False,119596
drone-g-champion-legend_glow_128.atf,drone-g-champion-legend,glow,128,128,128,8,COMPRESSED(DXT1/PVRTC/ETC1),2,False,11211
drone-g-champion-legend_glow_256.atf,drone-g-champion-legend,glow,256,256,256,9,COMPRESSED(DXT1/PVRTC/ETC1),2,False,34333
drone-g-champion-legend_glow_512.atf,drone-g-champion-legend,glow,512,512,512,10,COMPRESSED(DXT1/PVRTC/ETC1),2,False,112159
drone-g-champion-legend_specular_128.atf,drone-g-champion-legend,specular,128,128,128,8,COMPRESSED(DXT1/PVRTC/ETC1),2,False,10863
drone-g-champion-legend_specular_256.atf,drone-g-champion-legend,specular,256,256,256,9,COMPRESSED(DXT1/PVRTC/ETC1),2,False,33609
drone-g-champion-legend_specular_512.atf,drone-g-champion-legend,specular,512,512,512,10,COMPRESSED(DXT1/PVRTC/ETC1),2,False,108809
drone-g-champion-silver_diffuse_128.atf,drone-g-champion-silver,diffuse,128,128,128,8,COMPRESSED(DXT1/PVRTC/ETC1),2,False,9846
drone-g-champion-silver_diffuse_256.atf,drone-g-champion-silver,diffuse,256,256,256,9,COMPRESSED(DXT1/PVRTC/ETC1),2,False,30399
drone-g-champion-silver_diffuse_512.atf,drone-g-champion-silver,diffuse,512,512,512,10,COMPRESSED(DXT1/PVRTC/ETC1),2,False,101737
drone-g-champion-silver_glow_128.atf,drone-g-champion-silver,glow,128,128,128,8,COMPRESSED(DXT1/PVRTC/ETC1),2,False,5611
drone-g-champion-silver_glow_256.atf,drone-g-champion-silver,glow,256,256,256,9,COMPRESSED(DXT1/PVRTC/ETC1),2,False,11805
drone-g-champion-silver_glow_512.atf,drone-g-champion-silver,glow,512,512,512,10,COMPRESSED(DXT1/PVRTC/ETC1),2,False,27732
drone-g-champion-silver_specular_128.atf,drone-g-champion-silver,specular,128,128,128,8,COMPRESSED(DXT1/PVRTC/ETC1),2,False,9805
drone-g-champion-silver_specular_256.atf,drone-g-champion-silver,specular,256,256,256,9,COMPRESSED(DXT1/PVRTC/ETC1),2,False,31691
drone-g-champion-silver_specular_512.atf,drone-g-champion-silver,specular,512,512,512,10,COMPRESSED(DXT1/PVRTC/ETC1),2,False,111011
drone-g-champion_normal_128.atf,drone-g-champion,normal,128,128,128,8,COMPRESSED(DXT1/PVRTC/ETC1),2,False,11796
drone-g-champion_normal_256.atf,drone-g-champion,normal,256,256,256,9,COMPRESSED(DXT1/PVRTC/ETC1),2,False,37623
drone-g-champion_normal_512.atf,drone-g-champion,normal,512,512,512,10,COMPRESSED(DXT1/PVRTC/ETC1),2,False,126105
drone-goliath-x-borealis_diffuse_128.atf,drone-goliath-x-borealis,diffuse,128,128,128,8,COMPRESSED(DXT1/PVRTC/ETC1),2,False,11455
drone-goliath-x-borealis_diffuse_256.atf,drone-goliath-x-borealis,diffuse,256,256,256,9,COMPRESSED(DXT1/PVRTC/ETC1),2,False,36105
drone-goliath-x-borealis_diffuse_512.atf,drone-goliath-x-borealis,diffuse,512,512,512,10,COMPRESSED(DXT1/PVRTC/ETC1),2,False,121249
drone-goliath-x-ocean_diffuse_128.atf,drone-goliath-x-ocean,diffuse,128,128,128,8,COMPRESSED(DXT1/PVRTC/ETC1),2,False,11131
drone-goliath-x-ocean_diffuse_256.atf,drone-goliath-x-ocean,diffuse,256,256,256,9,COMPRESSED(DXT1/PVRTC/ETC1),2,False,35388
drone-goliath-x-ocean_diffuse_512.atf,drone-goliath-x-ocean,diffuse,512,512,512,10,COMPRESSED(DXT1/PVRTC/ETC1),2,False,120290
drone-goliath-x-sandstorm_diffuse_128.atf,drone-goliath-x-sandstorm,diffuse,128,128,128,8,COMPRESSED(DXT1/PVRTC/ETC1),2,False,10983
drone-goliath-x-sandstorm_diffuse_256.atf,drone-goliath-x-sandstorm,diffuse,256,256,256,9,COMPRESSED(DXT1/PVRTC/ETC1),2,False,34956
drone-goliath-x-sandstorm_diffuse_512.atf,drone-goliath-x-sandstorm,diffuse,512,512,512,10,COMPRESSED(DXT1/PVRTC/ETC1),2,False,118455
drone-goliath-x_diffuse_128.atf,drone-goliath-x,diffuse,128,128,128,8,COMPRESSED(DXT1/PVRTC/ETC1),2,False,10265
drone-goliath-x_diffuse_256.atf,drone-goliath-x,diffuse,256,256,256,9,COMPRESSED(DXT1/PVRTC/ETC1),2,False,32701
drone-goliath-x_diffuse_512.atf,drone-goliath-x,diffuse,512,512,512,10,COMPRESSED(DXT1/PVRTC/ETC1),2,False,112319
drone-goliath-x_glow_128.atf,drone-goliath-x,glow,128,128,128,8,COMPRESSED(DXT1/PVRTC/ETC1),2,False,3027
drone-goliath-x_glow_256.atf,drone-goliath-x,glow,256,256,256,9,COMPRESSED(DXT1/PVRTC/ETC1),2,False,4885
drone-goliath-x_glow_512.atf,drone-goliath-x,glow,512,512,512,10,COMPRESSED(DXT1/PVRTC/ETC1),2,False,8586
drone-goliath-x_normal_128.atf,drone-goliath-x,normal,128,128,128,8,COMPRESSED(DXT1/PVRTC/ETC1),2,False,11820
drone-goliath-x_normal_256.atf,drone-goliath-x,normal,256,256,256,9,COMPRESSED(DXT1/PVRTC/ETC1),2,False,37979
drone-goliath-x_normal_512.atf,drone-goliath-x,normal,512,512,512,10,COMPRESSED(DXT1/PVRTC/ETC1),2,False,131954
drone-goliath-x_specular_128.atf,drone-goliath-x,specular,128,128,128,8,COMPRESSED(DXT1/PVRTC/ETC1),2,False,11996
drone-goliath-x_specular_256.atf,drone-goliath-x,specular,256,256,256,9,COMPRESSED(DXT1/PVRTC/ETC1),2,False,38868
drone-goliath-x_specular_512.atf,drone-goliath-x,specular,512,512,512,10,COMPRESSED(DXT1/PVRTC/ETC1),2,False,134070
drone-hammerclaw-argon_diffuse_128.atf,drone-hammerclaw-argon,diffuse,128,128,128,8,COMPRESSED(DXT1/PVRTC/ETC1),2,False,12710
drone-hammerclaw-argon_diffuse_256.atf,drone-hammerclaw-argon,diffuse,256,256,256,9,COMPRESSED(DXT1/PVRTC/ETC1),2,False,38984
drone-hammerclaw-argon_diffuse_512.atf,drone-hammerclaw-argon,diffuse,512,512,512,10,COMPRESSED(DXT1/PVRTC/ETC1),2,False,130506
drone-hammerclaw-argon_glow_128.atf,drone-hammerclaw-argon,glow,128,128,128,8,COMPRESSED(DXT1/PVRTC/ETC1),2,False,3580
drone-hammerclaw-argon_glow_256.atf,drone-hammerclaw-argon,glow,256,256,256,9,COMPRESSED(DXT1/PVRTC/ETC1),2,False,6469
drone-hammerclaw-argon_glow_512.atf,drone-hammerclaw-argon,glow,512,512,512,10,COMPRESSED(DXT1/PVRTC/ETC1),2,False,12811
drone-iris-apis_diffuse_128.atf,drone-iris-apis,diffuse,128,128,128,8,COMPRESSED(DXT1/PVRTC/ETC1),2,False,11331
drone-iris-apis_diffuse_256.atf,drone-iris-apis,diffuse,256,256,256,9,COMPRESSED(DXT1/PVRTC/ETC1),2,False,36510
drone-iris-apis_diffuse_512.atf,drone-iris-apis,diffuse,512,512,512,10,COMPRESSED(DXT1/PVRTC/ETC1),2,False,124256
drone-iris-apis_glow_128.atf,drone-iris-apis,glow,128,128,128,8,COMPRESSED(DXT1/PVRTC/ETC1),2,False,3316
drone-iris-apis_glow_256.atf,drone-iris-apis,glow,256,256,256,9,COMPRESSED(DXT1/PVRTC/ETC1),2,False,5983
drone-iris-apis_glow_512.atf,drone-iris-apis,glow,512,512,512,10,COMPRESSED(DXT1/PVRTC/ETC1),2,False,12033
drone-iris-apis_normal_128.atf,drone-iris-apis,normal,128,128,128,8,COMPRESSED(DXT1/PVRTC/ETC1),2,False,11021
drone-iris-apis_normal_256.atf,drone-iris-apis,normal,256,256,256,9,COMPRESSED(DXT1/PVRTC/ETC1),2,False,34974
drone-iris-apis_normal_512.atf,drone-iris-apis,normal,512,512,512,10,COMPRESSED(DXT1/PVRTC/ETC1),2,False,116770
drone-iris-apis_specular_128.atf,drone-iris-apis,specular,128,128,128,8,COMPRESSED(DXT1/PVRTC/ETC1),2,False,9914
drone-iris-apis_specular_256.atf,drone-iris-apis,specular,256,256,256,9,COMPRESSED(DXT1/PVRTC/ETC1),2,False,33054
drone-iris-apis_specular_512.atf,drone-iris-apis,specular,512,512,512,10,COMPRESSED(DXT1/PVRTC/ETC1),2,False,119923
drone-iris-havoc_diffuse_128.atf,drone-iris-havoc,diffuse,128,128,128,8,COMPRESSED(DXT1/PVRTC/ETC1),2,False,12139
drone-iris-havoc_diffuse_256.atf,drone-iris-havoc,diffuse,256,256,256,9,COMPRESSED(DXT1/PVRTC/ETC1),2,False,38263
drone-iris-havoc_diffuse_512.atf,drone-iris-havoc,diffuse,512,512,512,10,COMPRESSED(DXT1/PVRTC/ETC1),2,False,128698
drone-iris-havoc_glow_128.atf,drone-iris-havoc,glow,128,128,128,8,COMPRESSED(DXT1/PVRTC/ETC1),2,False,3316
drone-iris-havoc_glow_256.atf,drone-iris-havoc,glow,256,256,256,9,COMPRESSED(DXT1/PVRTC/ETC1),2,False,5983
drone-iris-havoc_glow_512.atf,drone-iris-havoc,glow,512,512,512,10,COMPRESSED(DXT1/PVRTC/ETC1),2,False,12033
drone-iris-havoc_normal_128.atf,drone-iris-havoc,normal,128,128,128,8,COMPRESSED(DXT1/PVRTC/ETC1),2,False,10955
drone-iris-havoc_normal_256.atf,drone-iris-havoc,normal,256,256,256,9,COMPRESSED(DXT1/PVRTC/ETC1),2,False,34637
drone-iris-havoc_normal_512.atf,drone-iris-havoc,normal,512,512,512,10,COMPRESSED(DXT1/PVRTC/ETC1),2,False,115451
drone-iris-havoc_specular_128.atf,drone-iris-havoc,specular,128,128,128,8,COMPRESSED(DXT1/PVRTC/ETC1),2,False,9867
drone-iris-havoc_specular_256.atf,drone-iris-havoc,specular,256,256,256,9,COMPRESSED(DXT1/PVRTC/ETC1),2,False,33060
drone-iris-havoc_specular_512.atf,drone-iris-havoc,specular,512,512,512,10,COMPRESSED(DXT1/PVRTC/ETC1),2,False,119882
drone-iris-hercules_diffuse_128.atf,drone-iris-hercules,diffuse,128,128,128,8,COMPRESSED(DXT1/PVRTC/ETC1),2,False,11673
drone-iris-hercules_diffuse_256.atf,drone-iris-hercules,diffuse,256,256,256,9,COMPRESSED(DXT1/PVRTC/ETC1),2,False,38156
drone-iris-hercules_diffuse_512.atf,drone-iris-hercules,diffuse,512,512,512,10,COMPRESSED(DXT1/PVRTC/ETC1),2,False,130351
drone-iris-hercules_glow_128.atf,drone-iris-hercules,glow,128,128,128,8,COMPRESSED(DXT1/PVRTC/ETC1),2,False,3316
drone-iris-hercules_glow_256.atf,drone-iris-hercules,glow,256,256,256,9,COMPRESSED(DXT1/PVRTC/ETC1),2,False,5983
drone-iris-hercules_glow_512.atf,drone-iris-hercules,glow,512,512,512,10,COMPRESSED(DXT1/PVRTC/ETC1),2,False,12033
drone-iris-hercules_normal_128.atf,drone-iris-hercules,normal,128,128,128,8,COMPRESSED(DXT1/PVRTC/ETC1),2,False,10976
drone-iris-hercules_normal_256.atf,drone-iris-hercules,normal,256,256,256,9,COMPRESSED(DXT1/PVRTC/ETC1),2,False,34270
drone-iris-hercules_normal_512.atf,drone-iris-hercules,normal,512,512,512,10,COMPRESSED(DXT1/PVRTC/ETC1),2,False,116522
drone-iris-hercules_specular_128.atf,drone-iris-hercules,specular,128,128,128,8,COMPRESSED(DXT1/PVRTC/ETC1),2,False,9828
drone-iris-hercules_specular_256.atf,drone-iris-hercules,specular,256,256,256,9,COMPRESSED(DXT1/PVRTC/ETC1),2,False,33090
drone-iris-hercules_specular_512.atf,drone-iris-hercules,specular,512,512,512,10,COMPRESSED(DXT1/PVRTC/ETC1),2,False,121450
drone-iris-standard_diffuse_128.atf,drone-iris-standard,diffuse,128,128,128,8,COMPRESSED(DXT1/PVRTC/ETC1),2,False,10909
drone-iris-standard_diffuse_256.atf,drone-iris-standard,diffuse,256,256,256,9,COMPRESSED(DXT1/PVRTC/ETC1),2,False,35286
drone-iris-standard_diffuse_512.atf,drone-iris-standard,diffuse,512,512,512,10,COMPRESSED(DXT1/PVRTC/ETC1),2,False,119539
drone-iris-standard_glow_128.atf,drone-iris-standard,glow,128,128,128,8,COMPRESSED(DXT1/PVRTC/ETC1),2,False,3316
drone-iris-standard_glow_256.atf,drone-iris-standard,glow,256,256,256,9,COMPRESSED(DXT1/PVRTC/ETC1),2,False,5983
drone-iris-standard_glow_512.atf,drone-iris-standard,glow,512,512,512,10,COMPRESSED(DXT1/PVRTC/ETC1),2,False,12033
drone-iris-standard_normal_128.atf,drone-iris-standard,normal,128,128,128,8,COMPRESSED(DXT1/PVRTC/ETC1),2,False,10955
drone-iris-standard_normal_256.atf,drone-iris-standard,normal,256,256,256,9,COMPRESSED(DXT1/PVRTC/ETC1),2,False,34637
drone-iris-standard_normal_512.atf,drone-iris-standard,normal,512,512,512,10,COMPRESSED(DXT1/PVRTC/ETC1),2,False,115451
drone-iris-standard_specular_128.atf,drone-iris-standard,specular,128,128,128,8,COMPRESSED(DXT1/PVRTC/ETC1),2,False,9867
drone-iris-standard_specular_256.atf,drone-iris-standard,specular,256,256,256,9,COMPRESSED(DXT1/PVRTC/ETC1),2,False,33060
drone-iris-standard_specular_512.atf,drone-iris-standard,specular,512,512,512,10,COMPRESSED(DXT1/PVRTC/ETC1),2,False,119882
drone-iris-zeus_diffuse_128.atf,drone-iris-zeus,diffuse,128,128,128,8,COMPRESSED(DXT1/PVRTC/ETC1),2,False,11548
drone-iris-zeus_diffuse_256.atf,drone-iris-zeus,diffuse,256,256,256,9,COMPRESSED(DXT1/PVRTC/ETC1),2,False,37375
drone-iris-zeus_diffuse_512.atf,drone-iris-zeus,diffuse,512,512,512,10,COMPRESSED(DXT1/PVRTC/ETC1),2,False,127694
drone-iris-zeus_glow_128.atf,drone-iris-zeus,glow,128,128,128,8,COMPRESSED(DXT1/PVRTC/ETC1),2,False,3316
drone-iris-zeus_glow_256.atf,drone-iris-zeus,glow,256,256,256,9,COMPRESSED(DXT1/PVRTC/ETC1),2,False,5983
drone-iris-zeus_glow_512.atf,drone-iris-zeus,glow,512,512,512,10,COMPRESSED(DXT1/PVRTC/ETC1),2,False,12033
drone-iris-zeus_normal_128.atf,drone-iris-zeus,normal,128,128,128,8,COMPRESSED(DXT1/PVRTC/ETC1),2,False,10955
drone-iris-zeus_normal_256.atf,drone-iris-zeus,normal,256,256,256,9,COMPRESSED(DXT1/PVRTC/ETC1),2,False,34637
drone-iris-zeus_normal_512.atf,drone-iris-zeus,normal,512,512,512,10,COMPRESSED(DXT1/PVRTC/ETC1),2,False,115451
drone-iris-zeus_specular_128.atf,drone-iris-zeus,specular,128,128,128,8,COMPRESSED(DXT1/PVRTC/ETC1),2,False,9867
drone-iris-zeus_specular_256.atf,drone-iris-zeus,specular,256,256,256,9,COMPRESSED(DXT1/PVRTC/ETC1),2,False,33060
drone-iris-zeus_specular_512.atf,drone-iris-zeus,specular,512,512,512,10,COMPRESSED(DXT1/PVRTC/ETC1),2,False,119882
drone-iris_diffuse_128.atf,drone-iris,diffuse,128,128,128,8,COMPRESSED(DXT1/PVRTC/ETC1),2,False,10909
drone-iris_diffuse_256.atf,drone-iris,diffuse,256,256,256,9,COMPRESSED(DXT1/PVRTC/ETC1),2,False,35286
drone-iris_diffuse_512.atf,drone-iris,diffuse,512,512,512,10,COMPRESSED(DXT1/PVRTC/ETC1),2,False,119539
drone-iris_glow_128.atf,drone-iris,glow,128,128,128,8,COMPRESSED(DXT1/PVRTC/ETC1),2,False,3316
drone-iris_glow_256.atf,drone-iris,glow,256,256,256,9,COMPRESSED(DXT1/PVRTC/ETC1),2,False,5983
drone-iris_glow_512.atf,drone-iris,glow,512,512,512,10,COMPRESSED(DXT1/PVRTC/ETC1),2,False,12033
drone-iris_normal_128.atf,drone-iris,normal,128,128,128,8,COMPRESSED(DXT1/PVRTC/ETC1),2,False,10955
drone-iris_normal_256.atf,drone-iris,normal,256,256,256,9,COMPRESSED(DXT1/PVRTC/ETC1),2,False,34637
drone-iris_normal_512.atf,drone-iris,normal,512,512,512,10,COMPRESSED(DXT1/PVRTC/ETC1),2,False,115451
drone-iris_specular_128.atf,drone-iris,specular,128,128,128,8,COMPRESSED(DXT1/PVRTC/ETC1),2,False,9867
drone-iris_specular_256.atf,drone-iris,specular,256,256,256,9,COMPRESSED(DXT1/PVRTC/ETC1),2,False,33060
drone-iris_specular_512.atf,drone-iris,specular,512,512,512,10,COMPRESSED(DXT1/PVRTC/ETC1),2,False,119882
drone-phantom-argon_diffuse_128.atf,drone-phantom-argon,diffuse,128,128,128,8,COMPRESSED(DXT1/PVRTC/ETC1),2,False,11828
drone-phantom-argon_diffuse_256.atf,drone-phantom-argon,diffuse,256,256,256,9,COMPRESSED(DXT1/PVRTC/ETC1),2,False,35969
drone-phantom-argon_diffuse_512.atf,drone-phantom-argon,diffuse,512,512,512,10,COMPRESSED(DXT1/PVRTC/ETC1),2,False,117599
drone-phantom-argon_glow_128.atf,drone-phantom-argon,glow,128,128,128,8,COMPRESSED(DXT1/PVRTC/ETC1),2,False,3866
drone-phantom-argon_glow_256.atf,drone-phantom-argon,glow,256,256,256,9,COMPRESSED(DXT1/PVRTC/ETC1),2,False,7041
drone-phantom-argon_glow_512.atf,drone-phantom-argon,glow,512,512,512,10,COMPRESSED(DXT1/PVRTC/ETC1),2,False,13833
drone-phantom-green_diffuse_128.atf,drone-phantom-green,diffuse,128,128,128,8,COMPRESSED(DXT1/PVRTC/ETC1),2,False,10191
drone-phantom-green_diffuse_256.atf,drone-phantom-green,diffuse,256,256,256,9,COMPRESSED(DXT1/PVRTC/ETC1),2,False,28465
drone-phantom-green_diffuse_512.atf,drone-phantom-green,diffuse,512,512,512,10,COMPRESSED(DXT1/PVRTC/ETC1),2,False,89553
drone-phantom-green_glow_128.atf,drone-phantom-green,glow,128,128,128,8,COMPRESSED(DXT1/PVRTC/ETC1),2,False,3099
drone-phantom-green_glow_256.atf,drone-phantom-green,glow,256,256,256,9,COMPRESSED(DXT1/PVRTC/ETC1),2,False,5378
drone-phantom-green_glow_512.atf,drone-phantom-green,glow,512,512,512,10,COMPRESSED(DXT1/PVRTC/ETC1),2,False,10162
drone-phantom-lava_diffuse_128.atf,drone-phantom-lava,diffuse,128,128,128,8,COMPRESSED(DXT1/PVRTC/ETC1),2,False,10844
drone-phantom-lava_diffuse_256.atf,drone-phantom-lava,diffuse,256,256,256,9,COMPRESSED(DXT1/PVRTC/ETC1),2,False,33053
drone-phantom-lava_diffuse_512.atf,drone-phantom-lava,diffuse,512,512,512,10,COMPRESSED(DXT1/PVRTC/ETC1),2,False,106734
drone-phantom-lava_glow_128.atf,drone-phantom-lava,glow,128,128,128,8,COMPRESSED(DXT1/PVRTC/ETC1),2,False,4110
drone-phantom-lava_glow_256.atf,drone-phantom-lava,glow,256,256,256,9,COMPRESSED(DXT1/PVRTC/ETC1),2,False,7700
drone-phantom-lava_glow_512.atf,drone-phantom-lava,glow,512,512,512,10,COMPRESSED(DXT1/PVRTC/ETC1),2,False,15194
drone-phantom-legend_diffuse_128.atf,drone-phantom-legend,diffuse,128,128,128,8,COMPRESSED(DXT1/PVRTC/ETC1),2,False,10970
drone-phantom-legend_diffuse_256.atf,drone-phantom-legend,diffuse,256,256,256,9,COMPRESSED(DXT1/PVRTC/ETC1),2,False,33982
drone-phantom-legend_diffuse_512.atf,drone-phantom-legend,diffuse,512,512,512,10,COMPRESSED(DXT1/PVRTC/ETC1),2,False,111559
drone-phantom-legend_glow_1024.atf,drone-phantom-legend,glow,1024,1024,1024,11,COMPRESSED(DXT1/PVRTC/ETC1),2,False,313471
drone-phantom-legend_glow_128.atf,drone-phantom-legend,glow,128,128,128,8,COMPRESSED(DXT1/PVRTC/ETC1),2,False,10102
drone-phantom-legend_glow_256.atf,drone-phantom-legend,glow,256,256,256,9,COMPRESSED(DXT1/PVRTC/ETC1),2,False,30194
drone-phantom-legend_glow_512.atf,drone-phantom-legend,glow,512,512,512,10,COMPRESSED(DXT1/PVRTC/ETC1),2,False,97130
drone-phantom-ocean_diffuse_128.atf,drone-phantom-ocean,diffuse,128,128,128,8,COMPRESSED(DXT1/PVRTC/ETC1),2,False,12035
drone-phantom-ocean_diffuse_256.atf,drone-phantom-ocean,diffuse,256,256,256,9,COMPRESSED(DXT1/PVRTC/ETC1),2,False,37642
drone-phantom-ocean_diffuse_512.atf,drone-phantom-ocean,diffuse,512,512,512,10,COMPRESSED(DXT1/PVRTC/ETC1),2,False,124689
drone-phantom-ocean_glow_128.atf,drone-phantom-ocean,glow,128,128,128,8,COMPRESSED(DXT1/PVRTC/ETC1),2,False,2999
drone-phantom-ocean_glow_256.atf,drone-phantom-ocean,glow,256,256,256,9,COMPRESSED(DXT1/PVRTC/ETC1),2,False,5223
drone-phantom-ocean_glow_512.atf,drone-phantom-ocean,glow,512,512,512,10,COMPRESSED(DXT1/PVRTC/ETC1),2,False,9904
drone-phantom-orange_diffuse_128.atf,drone-phantom-orange,diffuse,128,128,128,8,COMPRESSED(DXT1/PVRTC/ETC1),2,False,10742
drone-phantom-orange_diffuse_256.atf,drone-phantom-orange,diffuse,256,256,256,9,COMPRESSED(DXT1/PVRTC/ETC1),2,False,30224
drone-phantom-orange_diffuse_512.atf,drone-phantom-orange,diffuse,512,512,512,10,COMPRESSED(DXT1/PVRTC/ETC1),2,False,95268
drone-phantom-orange_glow_128.atf,drone-phantom-orange,glow,128,128,128,8,COMPRESSED(DXT1/PVRTC/ETC1),2,False,3187
drone-phantom-orange_glow_256.atf,drone-phantom-orange,glow,256,256,256,9,COMPRESSED(DXT1/PVRTC/ETC1),2,False,5765
drone-phantom-orange_glow_512.atf,drone-phantom-orange,glow,512,512,512,10,COMPRESSED(DXT1/PVRTC/ETC1),2,False,10946
drone-phantom-poison_diffuse_128.atf,drone-phantom-poison,diffuse,128,128,128,8,COMPRESSED(DXT1/PVRTC/ETC1),2,False,11844
drone-phantom-poison_diffuse_256.atf,drone-phantom-poison,diffuse,256,256,256,9,COMPRESSED(DXT1/PVRTC/ETC1),2,False,37235
drone-phantom-poison_diffuse_512.atf,drone-phantom-poison,diffuse,512,512,512,10,COMPRESSED(DXT1/PVRTC/ETC1),2,False,123030
drone-phantom-poison_glow_128.atf,drone-phantom-poison,glow,128,128,128,8,COMPRESSED(DXT1/PVRTC/ETC1),2,False,2999
drone-phantom-poison_glow_256.atf,drone-phantom-poison,glow,256,256,256,9,COMPRESSED(DXT1/PVRTC/ETC1),2,False,5223
drone-phantom-poison_glow_512.atf,drone-phantom-poison,glow,512,512,512,10,COMPRESSED(DXT1/PVRTC/ETC1),2,False,9904
drone-phantom-red_diffuse_128.atf,drone-phantom-red,diffuse,128,128,128,8,COMPRESSED(DXT1/PVRTC/ETC1),2,False,10603
drone-phantom-red_diffuse_256.atf,drone-phantom-red,diffuse,256,256,256,9,COMPRESSED(DXT1/PVRTC/ETC1),2,False,29237
drone-phantom-red_diffuse_512.atf,drone-phantom-red,diffuse,512,512,512,10,COMPRESSED(DXT1/PVRTC/ETC1),2,False,91644
drone-phantom-red_glow_128.atf,drone-phantom-red,glow,128,128,128,8,COMPRESSED(DXT1/PVRTC/ETC1),2,False,3069
drone-phantom-red_glow_256.atf,drone-phantom-red,glow,256,256,256,9,COMPRESSED(DXT1/PVRTC/ETC1),2,False,5145
drone-phantom-red_glow_512.atf,drone-phantom-red,glow,512,512,512,10,COMPRESSED(DXT1/PVRTC/ETC1),2,False,9454
drone-phantom_normal_128.atf,drone-phantom,normal,128,128,128,8,COMPRESSED(DXT1/PVRTC/ETC1),2,False,10565
drone-phantom_normal_256.atf,drone-phantom,normal,256,256,256,9,COMPRESSED(DXT1/PVRTC/ETC1),2,False,28798
drone-phantom_normal_512.atf,drone-phantom,normal,512,512,512,10,COMPRESSED(DXT1/PVRTC/ETC1),2,False,86774
drone-phantom_specular_128.atf,drone-phantom,specular,128,128,128,8,COMPRESSED(DXT1/PVRTC/ETC1),2,False,7175
drone-phantom_specular_256.atf,drone-phantom,specular,256,256,256,9,COMPRESSED(DXT1/PVRTC/ETC1),2,False,19598
drone-phantom_specular_512.atf,drone-phantom,specular,512,512,512,10,COMPRESSED(DXT1/PVRTC/ETC1),2,False,61876
drone-pusat-blaze_diffuse_128.atf,drone-pusat-blaze,diffuse,128,128,128,8,COMPRESSED(DXT1/PVRTC/ETC1),2,False,10330
drone-pusat-blaze_diffuse_256.atf,drone-pusat-blaze,diffuse,256,256,256,9,COMPRESSED(DXT1/PVRTC/ETC1),2,False,28163
drone-pusat-blaze_diffuse_512.atf,drone-pusat-blaze,diffuse,512,512,512,10,COMPRESSED(DXT1/PVRTC/ETC1),2,False,80951
drone-pusat-ocean_diffuse_128.atf,drone-pusat-ocean,diffuse,128,128,128,8,COMPRESSED(DXT1/PVRTC/ETC1),2,False,10537
drone-pusat-ocean_diffuse_256.atf,drone-pusat-ocean,diffuse,256,256,256,9,COMPRESSED(DXT1/PVRTC/ETC1),2,False,29275
drone-pusat-ocean_diffuse_512.atf,drone-pusat-ocean,diffuse,512,512,512,10,COMPRESSED(DXT1/PVRTC/ETC1),2,False,84635
drone-reaper-blue_diffuse_128.atf,drone-reaper-blue,diffuse,128,128,128,8,COMPRESSED(DXT1/PVRTC/ETC1),2,False,11611
drone-reaper-blue_diffuse_256.atf,drone-reaper-blue,diffuse,256,256,256,9,COMPRESSED(DXT1/PVRTC/ETC1),2,False,34534
drone-reaper-green_diffuse_128.atf,drone-reaper-green,diffuse,128,128,128,8,COMPRESSED(DXT1/PVRTC/ETC1),2,False,11238
drone-reaper-green_diffuse_256.atf,drone-reaper-green,diffuse,256,256,256,9,COMPRESSED(DXT1/PVRTC/ETC1),2,False,33442
drone-reaper-red_diffuse_128.atf,drone-reaper-red,diffuse,128,128,128,8,COMPRESSED(DXT1/PVRTC/ETC1),2,False,11717
drone-reaper-red_diffuse_256.atf,drone-reaper-red,diffuse,256,256,256,9,COMPRESSED(DXT1/PVRTC/ETC1),2,False,34880
drone-reaper_diffuse_128.atf,drone-reaper,diffuse,128,128,128,8,COMPRESSED(DXT1/PVRTC/ETC1),2,False,9634
drone-reaper_diffuse_256.atf,drone-reaper,diffuse,256,256,256,9,COMPRESSED(DXT1/PVRTC/ETC1),2,False,28783
drone-reaper_glow_128.atf,drone-reaper,glow,128,128,128,8,COMPRESSED(DXT1/PVRTC/ETC1),2,False,3251
drone-reaper_glow_256.atf,drone-reaper,glow,256,256,256,9,COMPRESSED(DXT1/PVRTC/ETC1),2,False,5900
drone-reaper_normal_128.atf,drone-reaper,normal,128,128,128,8,COMPRESSED(DXT1/PVRTC/ETC1),2,False,9924
drone-reaper_normal_256.atf,drone-reaper,normal,256,256,256,9,COMPRESSED(DXT1/PVRTC/ETC1),2,False,31472
drone-reaper_specular_128.atf,drone-reaper,specular,128,128,128,8,COMPRESSED(DXT1/PVRTC/ETC1),2,False,9687
drone-reaper_specular_256.atf,drone-reaper,specular,256,256,256,9,COMPRESSED(DXT1/PVRTC/ETC1),2,False,29270
drone-skull-blue_diffuse_128.atf,drone-skull-blue,diffuse,128,128,128,8,COMPRESSED(DXT1/PVRTC/ETC1),2,False,12652
drone-skull-blue_diffuse_256.atf,drone-skull-blue,diffuse,256,256,256,9,COMPRESSED(DXT1/PVRTC/ETC1),2,False,39091
drone-skull-blue_diffuse_512.atf,drone-skull-blue,diffuse,512,512,512,10,COMPRESSED(DXT1/PVRTC/ETC1),2,False,129215
drone-skull-green_diffuse_128.atf,drone-skull-green,diffuse,128,128,128,8,COMPRESSED(DXT1/PVRTC/ETC1),2,False,12361
drone-skull-green_diffuse_256.atf,drone-skull-green,diffuse,256,256,256,9,COMPRESSED(DXT1/PVRTC/ETC1),2,False,38287
drone-skull-green_diffuse_512.atf,drone-skull-green,diffuse,512,512,512,10,COMPRESSED(DXT1/PVRTC/ETC1),2,False,126938
drone-skull-red_diffuse_128.atf,drone-skull-red,diffuse,128,128,128,8,COMPRESSED(DXT1/PVRTC/ETC1),2,False,12543
drone-skull-red_diffuse_256.atf,drone-skull-red,diffuse,256,256,256,9,COMPRESSED(DXT1/PVRTC/ETC1),2,False,39036
drone-skull-red_diffuse_512.atf,drone-skull-red,diffuse,512,512,512,10,COMPRESSED(DXT1/PVRTC/ETC1),2,False,129303
drone-skull_diffuse_128.atf,drone-skull,diffuse,128,128,128,8,COMPRESSED(DXT1/PVRTC/ETC1),2,False,10833
drone-skull_diffuse_256.atf,drone-skull,diffuse,256,256,256,9,COMPRESSED(DXT1/PVRTC/ETC1),2,False,34041
drone-skull_diffuse_512.atf,drone-skull,diffuse,512,512,512,10,COMPRESSED(DXT1/PVRTC/ETC1),2,False,114557
drone-skull_glow_128.atf,drone-skull,glow,128,128,128,8,COMPRESSED(DXT1/PVRTC/ETC1),2,False,3657
drone-skull_glow_256.atf,drone-skull,glow,256,256,256,9,COMPRESSED(DXT1/PVRTC/ETC1),2,False,6561
drone-skull_glow_512.atf,drone-skull,glow,512,512,512,10,COMPRESSED(DXT1/PVRTC/ETC1),2,False,13552
drone-skull_normal_128.atf,drone-skull,normal,128,128,128,8,COMPRESSED(DXT1/PVRTC/ETC1),2,False,12821
drone-skull_normal_256.atf,drone-skull,normal,256,256,256,9,COMPRESSED(DXT1/PVRTC/ETC1),2,False,39753
drone-skull_normal_512.atf,drone-skull,normal,512,512,512,10,COMPRESSED(DXT1/PVRTC/ETC1),2,False,129021
drone-spectrum-blaze_diffuse_128.atf,drone-spectrum-blaze,diffuse,128,128,128,8,COMPRESSED(DXT1/PVRTC/ETC1),2,False,12047
drone-spectrum-blaze_diffuse_256.atf,drone-spectrum-blaze,diffuse,256,256,256,9,COMPRESSED(DXT1/PVRTC/ETC1),2,False,37125
drone-spectrum-blaze_diffuse_512.atf,drone-spectrum-blaze,diffuse,512,512,512,10,COMPRESSED(DXT1/PVRTC/ETC1),2,False,122426
drone-spectrum-ocean_diffuse_128.atf,drone-spectrum-ocean,diffuse,128,128,128,8,COMPRESSED(DXT1/PVRTC/ETC1),2,False,11985
drone-spectrum-ocean_diffuse_256.atf,drone-spectrum-ocean,diffuse,256,256,256,9,COMPRESSED(DXT1/PVRTC/ETC1),2,False,36785
drone-spectrum-ocean_diffuse_512.atf,drone-spectrum-ocean,diffuse,512,512,512,10,COMPRESSED(DXT1/PVRTC/ETC1),2,False,121018
drone_designs_drone-a-elite-blaze_diffuse_128.atf,drone_designs_drone-a-elite-blaze,diffuse,128,128,128,8,COMPRESSED(DXT1/PVRTC/ETC1),2,False,9765
drone_designs_drone-a-elite-blaze_diffuse_256.atf,drone_designs_drone-a-elite-blaze,diffuse,256,256,256,9,COMPRESSED(DXT1/PVRTC/ETC1),2,False,27825
drone_designs_drone-a-elite-blaze_diffuse_512.atf,drone_designs_drone-a-elite-blaze,diffuse,512,512,512,10,COMPRESSED(DXT1/PVRTC/ETC1),2,False,79965
drone_designs_drone-a-elite-lava_diffuse_128.atf,drone_designs_drone-a-elite-lava,diffuse,128,128,128,8,COMPRESSED(DXT1/PVRTC/ETC1),2,False,9283
drone_designs_drone-a-elite-lava_diffuse_256.atf,drone_designs_drone-a-elite-lava,diffuse,256,256,256,9,COMPRESSED(DXT1/PVRTC/ETC1),2,False,28210
drone_designs_drone-a-elite-lava_diffuse_512.atf,drone_designs_drone-a-elite-lava,diffuse,512,512,512,10,COMPRESSED(DXT1/PVRTC/ETC1),2,False,87509
drone_designs_drone-a-elite-ocean_diffuse_128.atf,drone_designs_drone-a-elite-ocean,diffuse,128,128,128,8,COMPRESSED(DXT1/PVRTC/ETC1),2,False,9165
drone_designs_drone-a-elite-ocean_diffuse_256.atf,drone_designs_drone-a-elite-ocean,diffuse,256,256,256,9,COMPRESSED(DXT1/PVRTC/ETC1),2,False,25797
drone_designs_drone-a-elite-ocean_diffuse_512.atf,drone_designs_drone-a-elite-ocean,diffuse,512,512,512,10,COMPRESSED(DXT1/PVRTC/ETC1),2,False,74531
drone_designs_drone-a-elite-poison_diffuse_128.atf,drone_designs_drone-a-elite-poison,diffuse,128,128,128,8,COMPRESSED(DXT1/PVRTC/ETC1),2,False,9881
drone_designs_drone-a-elite-poison_diffuse_256.atf,drone_designs_drone-a-elite-poison,diffuse,256,256,256,9,COMPRESSED(DXT1/PVRTC/ETC1),2,False,28149
drone_designs_drone-a-elite-poison_diffuse_512.atf,drone_designs_drone-a-elite-poison,diffuse,512,512,512,10,COMPRESSED(DXT1/PVRTC/ETC1),2,False,80789
drone_designs_drone-a-elite-sandstorm_diffuse_128.atf,drone_designs_drone-a-elite-sandstorm,diffuse,128,128,128,8,COMPRESSED(DXT1/PVRTC/ETC1),2,False,10913
drone_designs_drone-a-elite-sandstorm_diffuse_256.atf,drone_designs_drone-a-elite-sandstorm,diffuse,256,256,256,9,COMPRESSED(DXT1/PVRTC/ETC1),2,False,32328
drone_designs_drone-a-elite-sandstorm_diffuse_512.atf,drone_designs_drone-a-elite-sandstorm,diffuse,512,512,512,10,COMPRESSED(DXT1/PVRTC/ETC1),2,False,98822
drone_designs_drone-a-elite_glow_128.atf,drone_designs_drone-a-elite,glow,128,128,128,8,COMPRESSED(DXT1/PVRTC/ETC1),2,False,7247
drone_designs_drone-a-elite_glow_256.atf,drone_designs_drone-a-elite,glow,256,256,256,9,COMPRESSED(DXT1/PVRTC/ETC1),2,False,18254
drone_designs_drone-a-elite_glow_512.atf,drone_designs_drone-a-elite,glow,512,512,512,10,COMPRESSED(DXT1/PVRTC/ETC1),2,False,49820
drone_designs_drone-a-elite_normal_128.atf,drone_designs_drone-a-elite,normal,128,128,128,8,COMPRESSED(DXT1/PVRTC/ETC1),2,False,11807
drone_designs_drone-a-elite_normal_256.atf,drone_designs_drone-a-elite,normal,256,256,256,9,COMPRESSED(DXT1/PVRTC/ETC1),2,False,36022
drone_designs_drone-a-elite_normal_512.atf,drone_designs_drone-a-elite,normal,512,512,512,10,COMPRESSED(DXT1/PVRTC/ETC1),2,False,116682
drone_designs_drone-a-elite_specular_128.atf,drone_designs_drone-a-elite,specular,128,128,128,8,COMPRESSED(DXT1/PVRTC/ETC1),2,False,8736
drone_designs_drone-a-elite_specular_256.atf,drone_designs_drone-a-elite,specular,256,256,256,9,COMPRESSED(DXT1/PVRTC/ETC1),2,False,24553
drone_designs_drone-a-elite_specular_512.atf,drone_designs_drone-a-elite,specular,512,512,512,10,COMPRESSED(DXT1/PVRTC/ETC1),2,False,73491
earth_ambient_512.atf,earth,ambient,512,2048,1024,12,RGBA888,0,False,126374
earth_diffuse_512.atf,earth,diffuse,512,2048,1024,12,RGBA888,0,False,327520
earth_normal_512.atf,earth,normal,512,2048,1024,12,RGBA888,0,False,106756
earth_specular_512.atf,earth,specular,512,2048,1024,12,RGBA888,0,False,220782
eic-scrap_diffuse_128.atf,eic-scrap,diffuse,128,128,128,8,COMPRESSED(DXT1/PVRTC/ETC1),2,False,10993
eic-scrap_diffuse_256.atf,eic-scrap,diffuse,256,256,256,9,COMPRESSED(DXT1/PVRTC/ETC1),2,False,36263
eic-scrap_diffuse_512.atf,eic-scrap,diffuse,512,512,512,10,COMPRESSED(DXT1/PVRTC/ETC1),2,False,133056
eic-scrap_glow_128.atf,eic-scrap,glow,128,128,128,8,COMPRESSED(DXT1/PVRTC/ETC1),2,False,3343
eic-scrap_glow_256.atf,eic-scrap,glow,256,256,256,9,COMPRESSED(DXT1/PVRTC/ETC1),2,False,6264
eic-scrap_glow_512.atf,eic-scrap,glow,512,512,512,10,COMPRESSED(DXT1/PVRTC/ETC1),2,False,14420
eic-scrap_normal_128.atf,eic-scrap,normal,128,128,128,8,COMPRESSED(DXT1/PVRTC/ETC1),2,False,9266
eic-scrap_normal_256.atf,eic-scrap,normal,256,256,256,9,COMPRESSED(DXT1/PVRTC/ETC1),2,False,27984
eic-scrap_normal_512.atf,eic-scrap,normal,512,512,512,10,COMPRESSED(DXT1/PVRTC/ETC1),2,False,91202
eic-scrap_specular_128.atf,eic-scrap,specular,128,128,128,8,COMPRESSED(DXT1/PVRTC/ETC1),2,False,10249
eic-scrap_specular_256.atf,eic-scrap,specular,256,256,256,9,COMPRESSED(DXT1/PVRTC/ETC1),2,False,34125
eic-scrap_specular_512.atf,eic-scrap,specular,512,512,512,10,COMPRESSED(DXT1/PVRTC/ETC1),2,False,126148
eventgate-birthday_diffuse_128.atf,eventgate-birthday,diffuse,128,128,128,8,COMPRESSED(DXT1/PVRTC/ETC1),2,False,11195
eventgate-birthday_diffuse_256.atf,eventgate-birthday,diffuse,256,256,256,9,COMPRESSED(DXT1/PVRTC/ETC1),2,False,35935
eventgate-birthday_diffuse_512.atf,eventgate-birthday,diffuse,512,512,512,10,COMPRESSED(DXT1/PVRTC/ETC1),2,False,125209
eventgate-birthday_glow_128.atf,eventgate-birthday,glow,128,128,128,8,COMPRESSED(DXT1/PVRTC/ETC1),2,False,9244
eventgate-birthday_glow_256.atf,eventgate-birthday,glow,256,256,256,9,COMPRESSED(DXT1/PVRTC/ETC1),2,False,24391
eventgate-birthday_glow_512.atf,eventgate-birthday,glow,512,512,512,10,COMPRESSED(DXT1/PVRTC/ETC1),2,False,71391
eventgate-birthday_normal_128.atf,eventgate-birthday,normal,128,128,128,8,COMPRESSED_ALPHA(DXT5),4,False,13099
eventgate-birthday_normal_256.atf,eventgate-birthday,normal,256,256,256,9,COMPRESSED_ALPHA(DXT5),4,False,39137
eventgate-birthday_normal_512.atf,eventgate-birthday,normal,512,512,512,10,COMPRESSED_ALPHA(DXT5),4,False,127210
eventgate-birthday_specular_128.atf,eventgate-birthday,specular,128,128,128,8,COMPRESSED_ALPHA(DXT5),4,False,10877
eventgate-birthday_specular_256.atf,eventgate-birthday,specular,256,256,256,9,COMPRESSED_ALPHA(DXT5),4,False,32270
eventgate-birthday_specular_512.atf,eventgate-birthday,specular,512,512,512,10,COMPRESSED_ALPHA(DXT5),4,False,109448
eventgate-domination_alpha_128.atf,eventgate-domination,alpha,128,128,128,8,COMPRESSED(DXT1/PVRTC/ETC1),2,False,2469
eventgate-domination_alpha_256.atf,eventgate-domination,alpha,256,256,256,9,COMPRESSED(DXT1/PVRTC/ETC1),2,False,4024
eventgate-domination_alpha_512.atf,eventgate-domination,alpha,512,512,512,10,COMPRESSED_ALPHA(DXT5),4,False,8873
eventgate-domination_diffuse_128.atf,eventgate-domination,diffuse,128,128,128,8,COMPRESSED_ALPHA(DXT5),4,False,11348
eventgate-domination_diffuse_256.atf,eventgate-domination,diffuse,256,256,256,9,COMPRESSED_ALPHA(DXT5),4,False,33147
eventgate-domination_diffuse_512.atf,eventgate-domination,diffuse,512,512,512,10,COMPRESSED_ALPHA(DXT5),4,False,107827
eventgate-domination_glow_128.atf,eventgate-domination,glow,128,128,128,8,COMPRESSED(DXT1/PVRTC/ETC1),2,False,4263
eventgate-domination_glow_256.atf,eventgate-domination,glow,256,256,256,9,COMPRESSED(DXT1/PVRTC/ETC1),2,False,8023
eventgate-domination_glow_512.atf,eventgate-domination,glow,512,512,512,10,COMPRESSED(DXT1/PVRTC/ETC1),2,False,17107
eventgate-domination_normal_128.atf,eventgate-domination,normal,128,128,128,8,COMPRESSED(DXT1/PVRTC/ETC1),2,False,9897
eventgate-domination_normal_256.atf,eventgate-domination,normal,256,256,256,9,COMPRESSED(DXT1/PVRTC/ETC1),2,False,31640
eventgate-domination_normal_512.atf,eventgate-domination,normal,512,512,512,10,COMPRESSED_ALPHA(DXT5),4,False,101914
eventgate-domination_specular_128.atf,eventgate-domination,specular,128,128,128,8,COMPRESSED(DXT1/PVRTC/ETC1),2,False,10068
eventgate-domination_specular_256.atf,eventgate-domination,specular,256,256,256,9,COMPRESSED(DXT1/PVRTC/ETC1),2,False,33631
eventgate-domination_specular_512.atf,eventgate-domination,specular,512,512,512,10,COMPRESSED(DXT1/PVRTC/ETC1),2,False,123906
eventgate-highscore_alpha_128.atf,eventgate-highscore,alpha,128,128,128,8,COMPRESSED(DXT1/PVRTC/ETC1),2,False,4742
eventgate-highscore_alpha_256.atf,eventgate-highscore,alpha,256,256,256,9,COMPRESSED(DXT1/PVRTC/ETC1),2,False,12387
eventgate-highscore_alpha_512.atf,eventgate-highscore,alpha,512,512,512,10,COMPRESSED(DXT1/PVRTC/ETC1),2,False,34534
eventgate-highscore_diffuse_128.atf,eventgate-highscore,diffuse,128,128,128,8,COMPRESSED(DXT1/PVRTC/ETC1),2,False,10077
eventgate-highscore_diffuse_256.atf,eventgate-highscore,diffuse,256,256,256,9,COMPRESSED(DXT1/PVRTC/ETC1),2,False,32437
eventgate-highscore_diffuse_512.atf,eventgate-highscore,diffuse,512,512,512,10,COMPRESSED_ALPHA(DXT5),4,False,112291
eventgate-highscore_glow_128.atf,eventgate-highscore,glow,128,128,128,8,COMPRESSED(DXT1/PVRTC/ETC1),2,False,5708
eventgate-highscore_glow_256.atf,eventgate-highscore,glow,256,256,256,9,COMPRESSED(DXT1/PVRTC/ETC1),2,False,13652
eventgate-highscore_glow_512.atf,eventgate-highscore,glow,512,512,512,10,COMPRESSED(DXT1/PVRTC/ETC1),2,False,35413
eventgate-highscore_normal_128.atf,eventgate-highscore,normal,128,128,128,8,COMPRESSED_ALPHA(DXT5),4,False,12117
eventgate-highscore_normal_256.atf,eventgate-highscore,normal,256,256,256,9,COMPRESSED_ALPHA(DXT5),4,False,35985
eventgate-highscore_normal_512.atf,eventgate-highscore,normal,512,512,512,10,COMPRESSED_ALPHA(DXT5),4,False,116923
eventgate-highscore_specular_128.atf,eventgate-highscore,specular,128,128,128,8,COMPRESSED_ALPHA(DXT5),4,False,10412
eventgate-highscore_specular_256.atf,eventgate-highscore,specular,256,256,256,9,COMPRESSED_ALPHA(DXT5),4,False,30232
eventgate-highscore_specular_512.atf,eventgate-highscore,specular,512,512,512,10,COMPRESSED_ALPHA(DXT5),4,False,101045
eventgate-invasion_alpha_128.atf,eventgate-invasion,alpha,128,128,128,8,COMPRESSED_ALPHA(DXT5),4,False,9176
eventgate-invasion_alpha_256.atf,eventgate-invasion,alpha,256,256,256,9,COMPRESSED_ALPHA(DXT5),4,False,21756
eventgate-invasion_alpha_512.atf,eventgate-invasion,alpha,512,512,512,10,COMPRESSED_ALPHA(DXT5),4,False,54812
eventgate-invasion_diffuse_128.atf,eventgate-invasion,diffuse,128,128,128,8,COMPRESSED_ALPHA(DXT5),4,False,13138
eventgate-invasion_diffuse_256.atf,eventgate-invasion,diffuse,256,256,256,9,COMPRESSED_ALPHA(DXT5),4,False,39005
eventgate-invasion_diffuse_512.atf,eventgate-invasion,diffuse,512,512,512,10,COMPRESSED_ALPHA(DXT5),4,False,129357
eventgate-invasion_diffuse_frame_1_128.atf,eventgate-invasion_diffuse_frame_1,?,128,128,128,8,COMPRESSED(DXT1/PVRTC/ETC1),2,False,10336
eventgate-invasion_diffuse_frame_1_256.atf,eventgate-invasion_diffuse_frame_1,?,256,256,256,9,COMPRESSED(DXT1/PVRTC/ETC1),2,False,34433
eventgate-invasion_diffuse_frame_1_512.atf,eventgate-invasion_diffuse_frame_1,?,512,512,512,10,COMPRESSED(DXT1/PVRTC/ETC1),2,False,122559
eventgate-invasion_diffuse_frame_2_128.atf,eventgate-invasion_diffuse_frame_2,?,128,128,128,8,COMPRESSED(DXT1/PVRTC/ETC1),2,False,10376
eventgate-invasion_diffuse_frame_2_256.atf,eventgate-invasion_diffuse_frame_2,?,256,256,256,9,COMPRESSED(DXT1/PVRTC/ETC1),2,False,34548
eventgate-invasion_diffuse_frame_3_512.atf,eventgate-invasion_diffuse_frame_3,?,512,512,512,10,COMPRESSED(DXT1/PVRTC/ETC1),2,False,127028
eventgate-invasion_glow_128.atf,eventgate-invasion,glow,128,128,128,8,COMPRESSED_ALPHA(DXT5),4,False,8577
eventgate-invasion_glow_256.atf,eventgate-invasion,glow,256,256,256,9,COMPRESSED_ALPHA(DXT5),4,False,18435
eventgate-invasion_glow_512.atf,eventgate-invasion,glow,512,512,512,10,COMPRESSED_ALPHA(DXT5),4,False,48126
eventgate-invasion_glow_frame_1_128.atf,eventgate-invasion_glow_frame_1,?,128,128,128,8,COMPRESSED(DXT1/PVRTC/ETC1),2,False,3354
eventgate-invasion_glow_frame_1_256.atf,eventgate-invasion_glow_frame_1,?,256,256,256,9,COMPRESSED(DXT1/PVRTC/ETC1),2,False,6129
eventgate-invasion_glow_frame_1_512.atf,eventgate-invasion_glow_frame_1,?,512,512,512,10,COMPRESSED(DXT1/PVRTC/ETC1),2,False,12168
eventgate-invasion_glow_frame_2_128.atf,eventgate-invasion_glow_frame_2,?,128,128,128,8,COMPRESSED(DXT1/PVRTC/ETC1),2,False,4591
eventgate-invasion_glow_frame_2_256.atf,eventgate-invasion_glow_frame_2,?,256,256,256,9,COMPRESSED(DXT1/PVRTC/ETC1),2,False,8936
eventgate-invasion_glow_frame_2_512.atf,eventgate-invasion_glow_frame_2,?,512,512,512,10,COMPRESSED(DXT1/PVRTC/ETC1),2,False,18954
eventgate-invasion_normal_128.atf,eventgate-invasion,normal,128,128,128,8,COMPRESSED_ALPHA(DXT5),4,False,12239
eventgate-invasion_normal_256.atf,eventgate-invasion,normal,256,256,256,9,COMPRESSED_ALPHA(DXT5),4,False,35705
eventgate-invasion_normal_512.atf,eventgate-invasion,normal,512,512,512,10,COMPRESSED_ALPHA(DXT5),4,False,114084
eventgate-invasion_specular_128.atf,eventgate-invasion,specular,128,128,128,8,COMPRESSED_ALPHA(DXT5),4,False,11048
eventgate-invasion_specular_256.atf,eventgate-invasion,specular,256,256,256,9,COMPRESSED_ALPHA(DXT5),4,False,32715
eventgate-invasion_specular_512.atf,eventgate-invasion,specular,512,512,512,10,COMPRESSED_ALPHA(DXT5),4,False,109930
eventgate-pvp1_diffuse_128.atf,eventgate-pvp1,diffuse,128,128,128,8,COMPRESSED(DXT1/PVRTC/ETC1),2,False,11980
eventgate-pvp1_diffuse_256.atf,eventgate-pvp1,diffuse,256,256,256,9,COMPRESSED(DXT1/PVRTC/ETC1),2,False,40155
eventgate-pvp1_diffuse_512.atf,eventgate-pvp1,diffuse,512,512,512,10,COMPRESSED(DXT1/PVRTC/ETC1),2,False,138781
eventgate-pvp1_glow_128.atf,eventgate-pvp1,glow,128,128,128,8,COMPRESSED(DXT1/PVRTC/ETC1),2,False,9002
eventgate-pvp1_glow_256.atf,eventgate-pvp1,glow,256,256,256,9,COMPRESSED_ALPHA(DXT5),4,False,25265
eventgate-pvp1_glow_512.atf,eventgate-pvp1,glow,512,512,512,10,COMPRESSED_ALPHA(DXT5),4,False,70748
eventgate-pvp1_normal_128.atf,eventgate-pvp1,normal,128,128,128,8,COMPRESSED_ALPHA(DXT5),4,False,13309
eventgate-pvp1_normal_256.atf,eventgate-pvp1,normal,256,256,256,9,COMPRESSED_ALPHA(DXT5),4,False,41494
eventgate-pvp1_normal_512.atf,eventgate-pvp1,normal,512,512,512,10,COMPRESSED_ALPHA(DXT5),4,False,139902
eventgate-pvp1_specular_128.atf,eventgate-pvp1,specular,128,128,128,8,COMPRESSED_ALPHA(DXT5),4,False,11291
eventgate-pvp1_specular_256.atf,eventgate-pvp1,specular,256,256,256,9,COMPRESSED_ALPHA(DXT5),4,False,35094
eventgate-pvp1_specular_512.atf,eventgate-pvp1,specular,512,512,512,10,COMPRESSED_ALPHA(DXT5),4,False,121623
eventgate-pvp2_diffuse_128.atf,eventgate-pvp2,diffuse,128,128,128,8,COMPRESSED(DXT1/PVRTC/ETC1),2,False,12002
eventgate-pvp2_diffuse_256.atf,eventgate-pvp2,diffuse,256,256,256,9,COMPRESSED(DXT1/PVRTC/ETC1),2,False,39161
eventgate-pvp2_diffuse_512.atf,eventgate-pvp2,diffuse,512,512,512,10,COMPRESSED(DXT1/PVRTC/ETC1),2,False,138491
eventgate-pvp2_glow_128.atf,eventgate-pvp2,glow,128,128,128,8,COMPRESSED_ALPHA(DXT5),4,False,10351
eventgate-pvp2_glow_256.atf,eventgate-pvp2,glow,256,256,256,9,COMPRESSED_ALPHA(DXT5),4,False,26258
eventgate-pvp2_glow_512.atf,eventgate-pvp2,glow,512,512,512,10,COMPRESSED_ALPHA(DXT5),4,False,74958
eventgate-pvp2_normal_128.atf,eventgate-pvp2,normal,128,128,128,8,COMPRESSED_ALPHA(DXT5),4,False,12886
eventgate-pvp2_normal_256.atf,eventgate-pvp2,normal,256,256,256,9,COMPRESSED_ALPHA(DXT5),4,False,39473
eventgate-pvp2_normal_512.atf,eventgate-pvp2,normal,512,512,512,10,COMPRESSED_ALPHA(DXT5),4,False,129364
eventgate-pvp2_specular_128.atf,eventgate-pvp2,specular,128,128,128,8,COMPRESSED(DXT1/PVRTC/ETC1),2,False,9766
eventgate-pvp2_specular_256.atf,eventgate-pvp2,specular,256,256,256,9,COMPRESSED(DXT1/PVRTC/ETC1),2,False,33087
eventgate-pvp2_specular_512.atf,eventgate-pvp2,specular,512,512,512,10,COMPRESSED(DXT1/PVRTC/ETC1),2,False,122863
eventgate-soccer-eic_diffuse_128.atf,eventgate-soccer-eic,diffuse,128,128,128,8,COMPRESSED_ALPHA(DXT5),4,False,12656
eventgate-soccer-eic_diffuse_256.atf,eventgate-soccer-eic,diffuse,256,256,256,9,COMPRESSED_ALPHA(DXT5),4,False,37467
eventgate-soccer-eic_diffuse_512.atf,eventgate-soccer-eic,diffuse,512,512,512,10,COMPRESSED_ALPHA(DXT5),4,False,125979
eventgate-soccer-eic_glow_128.atf,eventgate-soccer-eic,glow,128,128,128,8,COMPRESSED(DXT1/PVRTC/ETC1),2,False,9364
eventgate-soccer-eic_glow_256.atf,eventgate-soccer-eic,glow,256,256,256,9,COMPRESSED(DXT1/PVRTC/ETC1),2,False,25953
eventgate-soccer-eic_glow_512.atf,eventgate-soccer-eic,glow,512,512,512,10,COMPRESSED(DXT1/PVRTC/ETC1),2,False,79345
eventgate-soccer-mmo_diffuse_128.atf,eventgate-soccer-mmo,diffuse,128,128,128,8,COMPRESSED(DXT1/PVRTC/ETC1),2,False,11106
eventgate-soccer-mmo_diffuse_256.atf,eventgate-soccer-mmo,diffuse,256,256,256,9,COMPRESSED(DXT1/PVRTC/ETC1),2,False,35327
eventgate-soccer-mmo_diffuse_512.atf,eventgate-soccer-mmo,diffuse,512,512,512,10,COMPRESSED_ALPHA(DXT5),4,False,123261
eventgate-soccer-mmo_glow_128.atf,eventgate-soccer-mmo,glow,128,128,128,8,COMPRESSED(DXT1/PVRTC/ETC1),2,False,9324
eventgate-soccer-mmo_glow_256.atf,eventgate-soccer-mmo,glow,256,256,256,9,COMPRESSED(DXT1/PVRTC/ETC1),2,False,25957
eventgate-soccer-mmo_glow_512.atf,eventgate-soccer-mmo,glow,512,512,512,10,COMPRESSED(DXT1/PVRTC/ETC1),2,False,78981
eventgate-soccer-vru_diffuse_128.atf,eventgate-soccer-vru,diffuse,128,128,128,8,COMPRESSED(DXT1/PVRTC/ETC1),2,False,11097
eventgate-soccer-vru_diffuse_256.atf,eventgate-soccer-vru,diffuse,256,256,256,9,COMPRESSED(DXT1/PVRTC/ETC1),2,False,35164
eventgate-soccer-vru_diffuse_512.atf,eventgate-soccer-vru,diffuse,512,512,512,10,COMPRESSED_ALPHA(DXT5),4,False,122872
eventgate-soccer-vru_glow_128.atf,eventgate-soccer-vru,glow,128,128,128,8,COMPRESSED(DXT1/PVRTC/ETC1),2,False,9258
eventgate-soccer-vru_glow_256.atf,eventgate-soccer-vru,glow,256,256,256,9,COMPRESSED(DXT1/PVRTC/ETC1),2,False,25784
eventgate-soccer-vru_glow_512.atf,eventgate-soccer-vru,glow,512,512,512,10,COMPRESSED(DXT1/PVRTC/ETC1),2,False,78577
eventgate-soccer_diffuse_128.atf,eventgate-soccer,diffuse,128,128,128,8,COMPRESSED(DXT1/PVRTC/ETC1),2,False,11036
eventgate-soccer_diffuse_256.atf,eventgate-soccer,diffuse,256,256,256,9,COMPRESSED(DXT1/PVRTC/ETC1),2,False,34986
eventgate-soccer_diffuse_512.atf,eventgate-soccer,diffuse,512,512,512,10,COMPRESSED_ALPHA(DXT5),4,False,122326
eventgate-soccer_glow_128.atf,eventgate-soccer,glow,128,128,128,8,COMPRESSED(DXT1/PVRTC/ETC1),2,False,9279
eventgate-soccer_glow_256.atf,eventgate-soccer,glow,256,256,256,9,COMPRESSED(DXT1/PVRTC/ETC1),2,False,25660
eventgate-soccer_glow_512.atf,eventgate-soccer,glow,512,512,512,10,COMPRESSED(DXT1/PVRTC/ETC1),2,False,78008
eventgate-soccer_normal_128.atf,eventgate-soccer,normal,128,128,128,8,COMPRESSED_ALPHA(DXT5),4,False,12252
eventgate-soccer_normal_256.atf,eventgate-soccer,normal,256,256,256,9,COMPRESSED_ALPHA(DXT5),4,False,35384
eventgate-soccer_normal_512.atf,eventgate-soccer,normal,512,512,512,10,COMPRESSED_ALPHA(DXT5),4,False,110775
eventgate-soccer_specular_128.atf,eventgate-soccer,specular,128,128,128,8,COMPRESSED_ALPHA(DXT5),4,False,10291
eventgate-soccer_specular_256.atf,eventgate-soccer,specular,256,256,256,9,COMPRESSED_ALPHA(DXT5),4,False,29409
eventgate-soccer_specular_512.atf,eventgate-soccer,specular,512,512,512,10,COMPRESSED_ALPHA(DXT5),4,False,96862
eventgate-team_diffuse_128.atf,eventgate-team,diffuse,128,128,128,8,COMPRESSED_ALPHA(DXT5),4,False,11845
eventgate-team_diffuse_256.atf,eventgate-team,diffuse,256,256,256,9,COMPRESSED_ALPHA(DXT5),4,False,35283
eventgate-team_diffuse_512.atf,eventgate-team,diffuse,512,512,512,10,COMPRESSED_ALPHA(DXT5),4,False,117670
eventgate-team_glow_128.atf,eventgate-team,glow,128,128,128,8,COMPRESSED_ALPHA(DXT5),4,False,6664
eventgate-team_glow_256.atf,eventgate-team,glow,256,256,256,9,COMPRESSED_ALPHA(DXT5),4,False,13349
eventgate-team_glow_512.atf,eventgate-team,glow,512,512,512,10,COMPRESSED_ALPHA(DXT5),4,False,31140
eventgate-team_normal_128.atf,eventgate-team,normal,128,128,128,8,COMPRESSED_ALPHA(DXT5),4,False,11888
eventgate-team_normal_256.atf,eventgate-team,normal,256,256,256,9,COMPRESSED_ALPHA(DXT5),4,False,34662
eventgate-team_normal_512.atf,eventgate-team,normal,512,512,512,10,COMPRESSED_ALPHA(DXT5),4,False,112939
eventgate-team_specular_128.atf,eventgate-team,specular,128,128,128,8,COMPRESSED_ALPHA(DXT5),4,False,11396
eventgate-team_specular_256.atf,eventgate-team,specular,256,256,256,9,COMPRESSED_ALPHA(DXT5),4,False,33435
eventgate-team_specular_512.atf,eventgate-team,specular,512,512,512,10,COMPRESSED_ALPHA(DXT5),4,False,110409
fortify_diffuse_128.atf,fortify,diffuse,128,128,128,8,COMPRESSED(DXT1/PVRTC/ETC1),2,False,8764
fortify_diffuse_256.atf,fortify,diffuse,256,256,256,9,COMPRESSED(DXT1/PVRTC/ETC1),2,False,26298
fortify_diffuse_512.atf,fortify,diffuse,512,512,512,10,COMPRESSED(DXT1/PVRTC/ETC1),2,False,84864
fortify_normal_128.atf,fortify,normal,128,128,128,8,COMPRESSED(DXT1/PVRTC/ETC1),2,False,8893
fortify_normal_256.atf,fortify,normal,256,256,256,9,COMPRESSED(DXT1/PVRTC/ETC1),2,False,24262
fortify_normal_512.atf,fortify,normal,512,512,512,10,COMPRESSED(DXT1/PVRTC/ETC1),2,False,70464
fortify_specular_128.atf,fortify,specular,128,128,128,8,COMPRESSED(DXT1/PVRTC/ETC1),2,False,8960
fortify_specular_256.atf,fortify,specular,256,256,256,9,COMPRESSED(DXT1/PVRTC/ETC1),2,False,26184
fortify_specular_512.atf,fortify,specular,512,512,512,10,COMPRESSED(DXT1/PVRTC/ETC1),2,False,81685
frachter_diffuse_128.atf,frachter,diffuse,128,128,128,8,COMPRESSED(DXT1/PVRTC/ETC1),2,False,10549
frachter_diffuse_256.atf,frachter,diffuse,256,256,256,9,COMPRESSED(DXT1/PVRTC/ETC1),2,False,33663
frachter_diffuse_512.atf,frachter,diffuse,512,512,512,10,COMPRESSED(DXT1/PVRTC/ETC1),2,False,114464
frachter_normal_128.atf,frachter,normal,128,128,128,8,COMPRESSED(DXT1/PVRTC/ETC1),2,False,12235
frachter_normal_256.atf,frachter,normal,256,256,256,9,COMPRESSED(DXT1/PVRTC/ETC1),2,False,39451
frachter_normal_512.atf,frachter,normal,512,512,512,10,COMPRESSED(DXT1/PVRTC/ETC1),2,False,131709
frachter_specular_128.atf,frachter,specular,128,128,128,8,COMPRESSED(DXT1/PVRTC/ETC1),2,False,8323
frachter_specular_256.atf,frachter,specular,256,256,256,9,COMPRESSED(DXT1/PVRTC/ETC1),2,False,25987
frachter_specular_512.atf,frachter,specular,512,512,512,10,COMPRESSED(DXT1/PVRTC/ETC1),2,False,87222
g-champion_design_albania_diffuse_128.atf,g-champion_design_albania,diffuse,128,128,128,8,COMPRESSED(DXT1/PVRTC/ETC1),2,False,11943
g-champion_design_albania_diffuse_256.atf,g-champion_design_albania,diffuse,256,256,256,9,COMPRESSED(DXT1/PVRTC/ETC1),2,False,36810
g-champion_design_albania_diffuse_512.atf,g-champion_design_albania,diffuse,512,512,512,10,COMPRESSED(DXT1/PVRTC/ETC1),2,False,122512
g-champion_design_argon_diffuse_128.atf,g-champion_design_argon,diffuse,128,128,128,8,COMPRESSED(DXT1/PVRTC/ETC1),2,False,12914
g-champion_design_argon_diffuse_256.atf,g-champion_design_argon,diffuse,256,256,256,9,COMPRESSED(DXT1/PVRTC/ETC1),2,False,40220
g-champion_design_argon_diffuse_512.atf,g-champion_design_argon,diffuse,512,512,512,10,COMPRESSED(DXT1/PVRTC/ETC1),2,False,134637
g-champion_design_argon_glow_128.atf,g-champion_design_argon,glow,128,128,128,8,COMPRESSED(DXT1/PVRTC/ETC1),2,False,6918
g-champion_design_argon_glow_256.atf,g-champion_design_argon,glow,256,256,256,9,COMPRESSED(DXT1/PVRTC/ETC1),2,False,15405
g-champion_design_argon_glow_512.atf,g-champion_design_argon,glow,512,512,512,10,COMPRESSED(DXT1/PVRTC/ETC1),2,False,37505
g-champion_design_austria_diffuse_128.atf,g-champion_design_austria,diffuse,128,128,128,8,COMPRESSED(DXT1/PVRTC/ETC1),2,False,12119
g-champion_design_austria_diffuse_256.atf,g-champion_design_austria,diffuse,256,256,256,9,COMPRESSED(DXT1/PVRTC/ETC1),2,False,36783
g-champion_design_austria_diffuse_512.atf,g-champion_design_austria,diffuse,512,512,512,10,COMPRESSED(DXT1/PVRTC/ETC1),2,False,118006
g-champion_design_belgium_diffuse_128.atf,g-champion_design_belgium,diffuse,128,128,128,8,COMPRESSED(DXT1/PVRTC/ETC1),2,False,12031
g-champion_design_belgium_diffuse_256.atf,g-champion_design_belgium,diffuse,256,256,256,9,COMPRESSED(DXT1/PVRTC/ETC1),2,False,36807
g-champion_design_belgium_diffuse_512.atf,g-champion_design_belgium,diffuse,512,512,512,10,COMPRESSED(DXT1/PVRTC/ETC1),2,False,120648
g-champion_design_champion_diffuse_128.atf,g-champion_design_champion,diffuse,128,128,128,8,COMPRESSED(DXT1/PVRTC/ETC1),2,False,10225
g-champion_design_champion_diffuse_256.atf,g-champion_design_champion,diffuse,256,256,256,9,COMPRESSED(DXT1/PVRTC/ETC1),2,False,31606
g-champion_design_champion_diffuse_512.atf,g-champion_design_champion,diffuse,512,512,512,10,COMPRESSED(DXT1/PVRTC/ETC1),2,False,105203
g-champion_design_croatia_diffuse_128.atf,g-champion_design_croatia,diffuse,128,128,128,8,COMPRESSED(DXT1/PVRTC/ETC1),2,False,12378
g-champion_design_croatia_diffuse_256.atf,g-champion_design_croatia,diffuse,256,256,256,9,COMPRESSED(DXT1/PVRTC/ETC1),2,False,37882
g-champion_design_croatia_diffuse_512.atf,g-champion_design_croatia,diffuse,512,512,512,10,COMPRESSED(DXT1/PVRTC/ETC1),2,False,123313
g-champion_design_czech_republic_diffuse_128.atf,g-champion_design_czech_republic,diffuse,128,128,128,8,COMPRESSED(DXT1/PVRTC/ETC1),2,False,11825
g-champion_design_czech_republic_diffuse_256.atf,g-champion_design_czech_republic,diffuse,256,256,256,9,COMPRESSED(DXT1/PVRTC/ETC1),2,False,35705
g-champion_design_czech_republic_diffuse_512.atf,g-champion_design_czech_republic,diffuse,512,512,512,10,COMPRESSED(DXT1/PVRTC/ETC1),2,False,115570
g-champion_design_dusklight_diffuse_128.atf,g-champion_design_dusklight,diffuse,128,128,128,8,COMPRESSED(DXT1/PVRTC/ETC1),2,False,13036
g-champion_design_dusklight_diffuse_256.atf,g-champion_design_dusklight,diffuse,256,256,256,9,COMPRESSED(DXT1/PVRTC/ETC1),2,False,42165
g-champion_design_dusklight_diffuse_512.atf,g-champion_design_dusklight,diffuse,512,512,512,10,COMPRESSED(DXT1/PVRTC/ETC1),2,False,145151
g-champion_design_england_diffuse_128.atf,g-champion_design_england,diffuse,128,128,128,8,COMPRESSED(DXT1/PVRTC/ETC1),2,False,11220
g-champion_design_england_diffuse_256.atf,g-champion_design_england,diffuse,256,256,256,9,COMPRESSED(DXT1/PVRTC/ETC1),2,False,34555
g-champion_design_england_diffuse_512.atf,g-champion_design_england,diffuse,512,512,512,10,COMPRESSED(DXT1/PVRTC/ETC1),2,False,112247
g-champion_design_france_diffuse_128.atf,g-champion_design_france,diffuse,128,128,128,8,COMPRESSED(DXT1/PVRTC/ETC1),2,False,12554
g-champion_design_france_diffuse_256.atf,g-champion_design_france,diffuse,256,256,256,9,COMPRESSED(DXT1/PVRTC/ETC1),2,False,37841
g-champion_design_france_diffuse_512.atf,g-champion_design_france,diffuse,512,512,512,10,COMPRESSED(DXT1/PVRTC/ETC1),2,False,123260
g-champion_design_germany_diffuse_128.atf,g-champion_design_germany,diffuse,128,128,128,8,COMPRESSED(DXT1/PVRTC/ETC1),2,False,12018
g-champion_design_germany_diffuse_256.atf,g-champion_design_germany,diffuse,256,256,256,9,COMPRESSED(DXT1/PVRTC/ETC1),2,False,37226
g-champion_design_germany_diffuse_512.atf,g-champion_design_germany,diffuse,512,512,512,10,COMPRESSED(DXT1/PVRTC/ETC1),2,False,121486
g-champion_design_hungary_diffuse_128.atf,g-champion_design_hungary,diffuse,128,128,128,8,COMPRESSED(DXT1/PVRTC/ETC1),2,False,11682
g-champion_design_hungary_diffuse_256.atf,g-champion_design_hungary,diffuse,256,256,256,9,COMPRESSED(DXT1/PVRTC/ETC1),2,False,35554
g-champion_design_hungary_diffuse_512.atf,g-champion_design_hungary,diffuse,512,512,512,10,COMPRESSED(DXT1/PVRTC/ETC1),2,False,116327
g-champion_design_iceland_diffuse_128.atf,g-champion_design_iceland,diffuse,128,128,128,8,COMPRESSED(DXT1/PVRTC/ETC1),2,False,11521
g-champion_design_iceland_diffuse_256.atf,g-champion_design_iceland,diffuse,256,256,256,9,COMPRESSED(DXT1/PVRTC/ETC1),2,False,35881
g-champion_design_iceland_diffuse_512.atf,g-champion_design_iceland,diffuse,512,512,512,10,COMPRESSED(DXT1/PVRTC/ETC1),2,False,118430
g-champion_design_italy_diffuse_128.atf,g-champion_design_italy,diffuse,128,128,128,8,COMPRESSED(DXT1/PVRTC/ETC1),2,False,12172
g-champion_design_italy_diffuse_256.atf,g-champion_design_italy,diffuse,256,256,256,9,COMPRESSED(DXT1/PVRTC/ETC1),2,False,36974
g-champion_design_italy_diffuse_512.atf,g-champion_design_italy,diffuse,512,512,512,10,COMPRESSED(DXT1/PVRTC/ETC1),2,False,120183
g-champion_design_lava_diffuse_128.atf,g-champion_design_lava,diffuse,128,128,128,8,COMPRESSED(DXT1/PVRTC/ETC1),2,False,9614
g-champion_design_lava_diffuse_256.atf,g-champion_design_lava,diffuse,256,256,256,9,COMPRESSED(DXT1/PVRTC/ETC1),2,False,29968
g-champion_design_lava_diffuse_512.atf,g-champion_design_lava,diffuse,512,512,512,10,COMPRESSED(DXT1/PVRTC/ETC1),2,False,101027
g-champion_design_lava_glow_128.atf,g-champion_design_lava,glow,128,128,128,8,COMPRESSED(DXT1/PVRTC/ETC1),2,False,7951
g-champion_design_lava_glow_256.atf,g-champion_design_lava,glow,256,256,256,9,COMPRESSED(DXT1/PVRTC/ETC1),2,False,18633
g-champion_design_lava_glow_512.atf,g-champion_design_lava,glow,512,512,512,10,COMPRESSED(DXT1/PVRTC/ETC1),2,False,44729
g-champion_design_legend_diffuse_128.atf,g-champion_design_legend,diffuse,128,128,128,8,COMPRESSED(DXT1/PVRTC/ETC1),2,False,9846
g-champion_design_legend_diffuse_256.atf,g-champion_design_legend,diffuse,256,256,256,9,COMPRESSED(DXT1/PVRTC/ETC1),2,False,31943
g-champion_design_legend_diffuse_512.atf,g-champion_design_legend,diffuse,512,512,512,10,COMPRESSED(DXT1/PVRTC/ETC1),2,False,110810
g-champion_design_legend_glow_128.atf,g-champion_design_legend,glow,128,128,128,8,COMPRESSED(DXT1/PVRTC/ETC1),2,False,11730
g-champion_design_legend_glow_256.atf,g-champion_design_legend,glow,256,256,256,9,COMPRESSED(DXT1/PVRTC/ETC1),2,False,37749
g-champion_design_legend_glow_512.atf,g-champion_design_legend,glow,512,512,512,10,COMPRESSED(DXT1/PVRTC/ETC1),2,False,128264
g-champion_design_northern_ireland_diffuse_128.atf,g-champion_design_northern_ireland,diffuse,128,128,128,8,COMPRESSED(DXT1/PVRTC/ETC1),2,False,11429
g-champion_design_northern_ireland_diffuse_256.atf,g-champion_design_northern_ireland,diffuse,256,256,256,9,COMPRESSED(DXT1/PVRTC/ETC1),2,False,35550
g-champion_design_northern_ireland_diffuse_512.atf,g-champion_design_northern_ireland,diffuse,512,512,512,10,COMPRESSED(DXT1/PVRTC/ETC1),2,False,116029
g-champion_design_poland_diffuse_128.atf,g-champion_design_poland,diffuse,128,128,128,8,COMPRESSED(DXT1/PVRTC/ETC1),2,False,11839
g-champion_design_poland_diffuse_256.atf,g-champion_design_poland,diffuse,256,256,256,9,COMPRESSED(DXT1/PVRTC/ETC1),2,False,36034
g-champion_design_poland_diffuse_512.atf,g-champion_design_poland,diffuse,512,512,512,10,COMPRESSED(DXT1/PVRTC/ETC1),2,False,116241
g-champion_design_portugal_diffuse_128.atf,g-champion_design_portugal,diffuse,128,128,128,8,COMPRESSED(DXT1/PVRTC/ETC1),2,False,12032
g-champion_design_portugal_diffuse_256.atf,g-champion_design_portugal,diffuse,256,256,256,9,COMPRESSED(DXT1/PVRTC/ETC1),2,False,37262
g-champion_design_portugal_diffuse_512.atf,g-champion_design_portugal,diffuse,512,512,512,10,COMPRESSED(DXT1/PVRTC/ETC1),2,False,123175
g-champion_design_republic_of_ireland_diffuse_128.atf,g-champion_design_republic_of_ireland,diffuse,128,128,128,8,COMPRESSED(DXT1/PVRTC/ETC1),2,False,11996
g-champion_design_republic_of_ireland_diffuse_256.atf,g-champion_design_republic_of_ireland,diffuse,256,256,256,9,COMPRESSED(DXT1/PVRTC/ETC1),2,False,36580
g-champion_design_republic_of_ireland_diffuse_512.atf,g-champion_design_republic_of_ireland,diffuse,512,512,512,10,COMPRESSED(DXT1/PVRTC/ETC1),2,False,119423
g-champion_design_romania_diffuse_128.atf,g-champion_design_romania,diffuse,128,128,128,8,COMPRESSED(DXT1/PVRTC/ETC1),2,False,11967
g-champion_design_romania_diffuse_256.atf,g-champion_design_romania,diffuse,256,256,256,9,COMPRESSED(DXT1/PVRTC/ETC1),2,False,36852
g-champion_design_romania_diffuse_512.atf,g-champion_design_romania,diffuse,512,512,512,10,COMPRESSED(DXT1/PVRTC/ETC1),2,False,119773
g-champion_design_russia_diffuse_128.atf,g-champion_design_russia,diffuse,128,128,128,8,COMPRESSED(DXT1/PVRTC/ETC1),2,False,11775
g-champion_design_russia_diffuse_256.atf,g-champion_design_russia,diffuse,256,256,256,9,COMPRESSED(DXT1/PVRTC/ETC1),2,False,37016
g-champion_design_russia_diffuse_512.atf,g-champion_design_russia,diffuse,512,512,512,10,COMPRESSED(DXT1/PVRTC/ETC1),2,False,121994
g-champion_design_slovakia_diffuse_128.atf,g-champion_design_slovakia,diffuse,128,128,128,8,COMPRESSED(DXT1/PVRTC/ETC1),2,False,11405
g-champion_design_slovakia_diffuse_256.atf,g-champion_design_slovakia,diffuse,256,256,256,9,COMPRESSED(DXT1/PVRTC/ETC1),2,False,34555
g-champion_design_slovakia_diffuse_512.atf,g-champion_design_slovakia,diffuse,512,512,512,10,COMPRESSED(DXT1/PVRTC/ETC1),2,False,112161
g-champion_design_spain_diffuse_128.atf,g-champion_design_spain,diffuse,128,128,128,8,COMPRESSED(DXT1/PVRTC/ETC1),2,False,12236
g-champion_design_spain_diffuse_256.atf,g-champion_design_spain,diffuse,256,256,256,9,COMPRESSED(DXT1/PVRTC/ETC1),2,False,37433
g-champion_design_spain_diffuse_512.atf,g-champion_design_spain,diffuse,512,512,512,10,COMPRESSED(DXT1/PVRTC/ETC1),2,False,123654
g-champion_design_sweden_diffuse_128.atf,g-champion_design_sweden,diffuse,128,128,128,8,COMPRESSED(DXT1/PVRTC/ETC1),2,False,11608
g-champion_design_sweden_diffuse_256.atf,g-champion_design_sweden,diffuse,256,256,256,9,COMPRESSED(DXT1/PVRTC/ETC1),2,False,36422
g-champion_design_sweden_diffuse_512.atf,g-champion_design_sweden,diffuse,512,512,512,10,COMPRESSED(DXT1/PVRTC/ETC1),2,False,118764
g-champion_design_switzerland_diffuse_128.atf,g-champion_design_switzerland,diffuse,128,128,128,8,COMPRESSED(DXT1/PVRTC/ETC1),2,False,12199
g-champion_design_switzerland_diffuse_256.atf,g-champion_design_switzerland,diffuse,256,256,256,9,COMPRESSED(DXT1/PVRTC/ETC1),2,False,37757
g-champion_design_switzerland_diffuse_512.atf,g-champion_design_switzerland,diffuse,512,512,512,10,COMPRESSED(DXT1/PVRTC/ETC1),2,False,124280
g-champion_design_ukraine_diffuse_128.atf,g-champion_design_ukraine,diffuse,128,128,128,8,COMPRESSED(DXT1/PVRTC/ETC1),2,False,12061
g-champion_design_ukraine_diffuse_256.atf,g-champion_design_ukraine,diffuse,256,256,256,9,COMPRESSED(DXT1/PVRTC/ETC1),2,False,36801
g-champion_design_ukraine_diffuse_512.atf,g-champion_design_ukraine,diffuse,512,512,512,10,COMPRESSED(DXT1/PVRTC/ETC1),2,False,119411
g-champion_design_wales_diffuse_128.atf,g-champion_design_wales,diffuse,128,128,128,8,COMPRESSED(DXT1/PVRTC/ETC1),2,False,11142
g-champion_design_wales_diffuse_256.atf,g-champion_design_wales,diffuse,256,256,256,9,COMPRESSED(DXT1/PVRTC/ETC1),2,False,34124
g-champion_design_wales_diffuse_512.atf,g-champion_design_wales,diffuse,512,512,512,10,COMPRESSED(DXT1/PVRTC/ETC1),2,False,110037
g-champion_diffuse_128.atf,g-champion,diffuse,128,128,128,8,COMPRESSED(DXT1/PVRTC/ETC1),2,False,10225
g-champion_diffuse_256.atf,g-champion,diffuse,256,256,256,9,COMPRESSED(DXT1/PVRTC/ETC1),2,False,31606
g-champion_diffuse_512.atf,g-champion,diffuse,512,512,512,10,COMPRESSED(DXT1/PVRTC/ETC1),2,False,105203
g-champion_glow_128.atf,g-champion,glow,128,128,128,8,COMPRESSED(DXT1/PVRTC/ETC1),2,False,2867
g-champion_glow_256.atf,g-champion,glow,256,256,256,9,COMPRESSED(DXT1/PVRTC/ETC1),2,False,4661
g-champion_glow_512.atf,g-champion,glow,512,512,512,10,COMPRESSED(DXT1/PVRTC/ETC1),2,False,7388
g-champion_normal_128.atf,g-champion,normal,128,128,128,8,COMPRESSED(DXT1/PVRTC/ETC1),2,False,11786
g-champion_normal_256.atf,g-champion,normal,256,256,256,9,COMPRESSED(DXT1/PVRTC/ETC1),2,False,38724
g-champion_normal_512.atf,g-champion,normal,512,512,512,10,COMPRESSED(DXT1/PVRTC/ETC1),2,False,136255
g-champion_petdesign-argon_diffuse_128.atf,g-champion_petdesign-argon,diffuse,128,128,128,8,COMPRESSED(DXT1/PVRTC/ETC1),2,False,12823
g-champion_petdesign-argon_diffuse_256.atf,g-champion_petdesign-argon,diffuse,256,256,256,9,COMPRESSED(DXT1/PVRTC/ETC1),2,False,38903
g-champion_petdesign-argon_diffuse_512.atf,g-champion_petdesign-argon,diffuse,512,512,512,10,COMPRESSED(DXT1/PVRTC/ETC1),2,False,124642
g-champion_petdesign-argon_glow_128.atf,g-champion_petdesign-argon,glow,128,128,128,8,COMPRESSED(DXT1/PVRTC/ETC1),2,False,7933
g-champion_petdesign-argon_glow_256.atf,g-champion_petdesign-argon,glow,256,256,256,9,COMPRESSED(DXT1/PVRTC/ETC1),2,False,18124
g-champion_petdesign-argon_glow_512.atf,g-champion_petdesign-argon,glow,512,512,512,10,COMPRESSED(DXT1/PVRTC/ETC1),2,False,44415
g-champion_petdesign-dusklight_diffuse_128.atf,g-champion_petdesign-dusklight,diffuse,128,128,128,8,COMPRESSED(DXT1/PVRTC/ETC1),2,False,13070
g-champion_petdesign-dusklight_diffuse_256.atf,g-champion_petdesign-dusklight,diffuse,256,256,256,9,COMPRESSED(DXT1/PVRTC/ETC1),2,False,41471
g-champion_petdesign-dusklight_diffuse_512.atf,g-champion_petdesign-dusklight,diffuse,512,512,512,10,COMPRESSED(DXT1/PVRTC/ETC1),2,False,137686
g-champion_petdesign-dusklight_glow_128.atf,g-champion_petdesign-dusklight,glow,128,128,128,8,COMPRESSED(DXT1/PVRTC/ETC1),2,False,7764
g-champion_petdesign-dusklight_glow_256.atf,g-champion_petdesign-dusklight,glow,256,256,256,9,COMPRESSED(DXT1/PVRTC/ETC1),2,False,16687
g-champion_petdesign-dusklight_glow_512.atf,g-champion_petdesign-dusklight,glow,512,512,512,10,COMPRESSED(DXT1/PVRTC/ETC1),2,False,39123
g-champion_petdesign-lava_diffuse_1024.atf,g-champion_petdesign-lava,diffuse,1024,1024,1024,11,COMPRESSED(DXT1/PVRTC/ETC1),2,False,348462
g-champion_petdesign-lava_diffuse_256.atf,g-champion_petdesign-lava,diffuse,256,256,256,9,COMPRESSED(DXT1/PVRTC/ETC1),2,False,31763
g-champion_petdesign-lava_diffuse_512.atf,g-champion_petdesign-lava,diffuse,512,512,512,10,COMPRESSED(DXT1/PVRTC/ETC1),2,False,103228
g-champion_petdesign-lava_glow_128.atf,g-champion_petdesign-lava,glow,128,128,128,8,COMPRESSED(DXT1/PVRTC/ETC1),2,False,8113
g-champion_petdesign-lava_glow_256.atf,g-champion_petdesign-lava,glow,256,256,256,9,COMPRESSED(DXT1/PVRTC/ETC1),2,False,18434
g-champion_petdesign-lava_glow_512.atf,g-champion_petdesign-lava,glow,512,512,512,10,COMPRESSED(DXT1/PVRTC/ETC1),2,False,45144
g-champion_petdesign_normal_128.atf,g-champion_petdesign,normal,128,128,128,8,COMPRESSED(DXT1/PVRTC/ETC1),2,False,10681
g-champion_petdesign_normal_256.atf,g-champion_petdesign,normal,256,256,256,9,COMPRESSED(DXT1/PVRTC/ETC1),2,False,33044
g-champion_petdesign_normal_512.atf,g-champion_petdesign,normal,512,512,512,10,COMPRESSED(DXT1/PVRTC/ETC1),2,False,110891
g-champion_petdesign_specular_128.atf,g-champion_petdesign,specular,128,128,128,8,COMPRESSED_ALPHA(DXT5),4,False,21368
g-champion_petdesign_specular_256.atf,g-champion_petdesign,specular,256,256,256,9,COMPRESSED_ALPHA(DXT5),4,False,71774
g-champion_petdesign_specular_512.atf,g-champion_petdesign,specular,512,512,512,10,COMPRESSED_ALPHA(DXT5),4,False,251563
g-champion_specular_128.atf,g-champion,specular,128,128,128,8,COMPRESSED(DXT1/PVRTC/ETC1),2,False,8895
g-champion_specular_256.atf,g-champion,specular,256,256,256,9,COMPRESSED(DXT1/PVRTC/ETC1),2,False,27751
g-champion_specular_512.atf,g-champion,specular,512,512,512,10,COMPRESSED(DXT1/PVRTC/ETC1),2,False,95534
g-surgeon_design_g-surgeon-locust_diffuse_128.atf,g-surgeon_design_g-surgeon-locust,diffuse,128,128,128,8,COMPRESSED(DXT1/PVRTC/ETC1),2,False,10320
g-surgeon_design_g-surgeon-locust_diffuse_256.atf,g-surgeon_design_g-surgeon-locust,diffuse,256,256,256,9,COMPRESSED(DXT1/PVRTC/ETC1),2,False,26424
g-surgeon_design_g-surgeon-locust_diffuse_512.atf,g-surgeon_design_g-surgeon-locust,diffuse,512,512,512,10,COMPRESSED(DXT1/PVRTC/ETC1),2,False,68856
galaxygate-alfa_diffuse_128.atf,galaxygate-alfa,diffuse,128,128,128,8,COMPRESSED(DXT1/PVRTC/ETC1),2,False,11838
galaxygate-alfa_diffuse_256.atf,galaxygate-alfa,diffuse,256,256,256,9,COMPRESSED(DXT1/PVRTC/ETC1),2,False,39451
galaxygate-alfa_diffuse_512.atf,galaxygate-alfa,diffuse,512,512,512,10,COMPRESSED(DXT1/PVRTC/ETC1),2,False,139770
galaxygate-alfa_glow_128.atf,galaxygate-alfa,glow,128,128,128,8,COMPRESSED(DXT1/PVRTC/ETC1),2,False,4982
galaxygate-alfa_glow_256.atf,galaxygate-alfa,glow,256,256,256,9,COMPRESSED(DXT1/PVRTC/ETC1),2,False,10740
galaxygate-alfa_glow_512.atf,galaxygate-alfa,glow,512,512,512,10,COMPRESSED(DXT1/PVRTC/ETC1),2,False,27052
galaxygate-alfa_normal_128.atf,galaxygate-alfa,normal,128,128,128,8,COMPRESSED(DXT1/PVRTC/ETC1),2,False,11814
galaxygate-alfa_normal_256.atf,galaxygate-alfa,normal,256,256,256,9,COMPRESSED(DXT1/PVRTC/ETC1),2,False,38781
galaxygate-alfa_normal_512.atf,galaxygate-alfa,normal,512,512,512,10,COMPRESSED(DXT1/PVRTC/ETC1),2,False,129566
galaxygate-alfa_specular_128.atf,galaxygate-alfa,specular,128,128,128,8,COMPRESSED(DXT1/PVRTC/ETC1),2,False,9735
galaxygate-alfa_specular_256.atf,galaxygate-alfa,specular,256,256,256,9,COMPRESSED(DXT1/PVRTC/ETC1),2,False,31848
galaxygate-alfa_specular_512.atf,galaxygate-alfa,specular,512,512,512,10,COMPRESSED(DXT1/PVRTC/ETC1),2,False,111811
galaxygate-beta_diffuse_128.atf,galaxygate-beta,diffuse,128,128,128,8,COMPRESSED(DXT1/PVRTC/ETC1),2,False,11426
galaxygate-beta_diffuse_256.atf,galaxygate-beta,diffuse,256,256,256,9,COMPRESSED(DXT1/PVRTC/ETC1),2,False,37677
galaxygate-beta_diffuse_512.atf,galaxygate-beta,diffuse,512,512,512,10,COMPRESSED(DXT1/PVRTC/ETC1),2,False,133600
galaxygate-beta_glow_128.atf,galaxygate-beta,glow,128,128,128,8,COMPRESSED(DXT1/PVRTC/ETC1),2,False,4170
galaxygate-beta_glow_256.atf,galaxygate-beta,glow,256,256,256,9,COMPRESSED(DXT1/PVRTC/ETC1),2,False,8154
galaxygate-beta_glow_512.atf,galaxygate-beta,glow,512,512,512,10,COMPRESSED(DXT1/PVRTC/ETC1),2,False,19033
galaxygate-beta_normal_128.atf,galaxygate-beta,normal,128,128,128,8,COMPRESSED(DXT1/PVRTC/ETC1),2,False,11850
galaxygate-beta_normal_256.atf,galaxygate-beta,normal,256,256,256,9,COMPRESSED(DXT1/PVRTC/ETC1),2,False,38721
galaxygate-beta_normal_512.atf,galaxygate-beta,normal,512,512,512,10,COMPRESSED(DXT1/PVRTC/ETC1),2,False,127983
galaxygate-beta_specular_128.atf,galaxygate-beta,specular,128,128,128,8,COMPRESSED(DXT1/PVRTC/ETC1),2,False,9283
galaxygate-beta_specular_256.atf,galaxygate-beta,specular,256,256,256,9,COMPRESSED(DXT1/PVRTC/ETC1),2,False,29495
galaxygate-beta_specular_512.atf,galaxygate-beta,specular,512,512,512,10,COMPRESSED(DXT1/PVRTC/ETC1),2,False,102353
galaxygate-cronos_diffuse_128.atf,galaxygate-cronos,diffuse,128,128,128,8,COMPRESSED(DXT1/PVRTC/ETC1),2,False,12643
galaxygate-cronos_diffuse_256.atf,galaxygate-cronos,diffuse,256,256,256,9,COMPRESSED(DXT1/PVRTC/ETC1),2,False,41421
galaxygate-cronos_diffuse_512.atf,galaxygate-cronos,diffuse,512,512,512,10,COMPRESSED(DXT1/PVRTC/ETC1),2,False,147560
galaxygate-cronos_glow_128.atf,galaxygate-cronos,glow,128,128,128,8,COMPRESSED(DXT1/PVRTC/ETC1),2,False,8181
galaxygate-cronos_glow_256.atf,galaxygate-cronos,glow,256,256,256,9,COMPRESSED(DXT1/PVRTC/ETC1),2,False,22318
galaxygate-cronos_glow_512.atf,galaxygate-cronos,glow,512,512,512,10,COMPRESSED(DXT1/PVRTC/ETC1),2,False,65069
galaxygate-cronos_normal_128.atf,galaxygate-cronos,normal,128,128,128,8,COMPRESSED(DXT1/PVRTC/ETC1),2,False,12214
galaxygate-cronos_normal_256.atf,galaxygate-cronos,normal,256,256,256,9,COMPRESSED(DXT1/PVRTC/ETC1),2,False,40733
galaxygate-cronos_normal_512.atf,galaxygate-cronos,normal,512,512,512,10,COMPRESSED(DXT1/PVRTC/ETC1),2,False,143100
galaxygate-cronos_specular_128.atf,galaxygate-cronos,specular,128,128,128,8,COMPRESSED(DXT1/PVRTC/ETC1),2,False,9516
galaxygate-cronos_specular_256.atf,galaxygate-cronos,specular,256,256,256,9,COMPRESSED(DXT1/PVRTC/ETC1),2,False,31165
galaxygate-cronos_specular_512.atf,galaxygate-cronos,specular,512,512,512,10,COMPRESSED(DXT1/PVRTC/ETC1),2,False,110741
galaxygate-delta_diffuse_128.atf,galaxygate-delta,diffuse,128,128,128,8,COMPRESSED(DXT1/PVRTC/ETC1),2,False,10916
galaxygate-delta_diffuse_256.atf,galaxygate-delta,diffuse,256,256,256,9,COMPRESSED(DXT1/PVRTC/ETC1),2,False,35867
galaxygate-delta_diffuse_512.atf,galaxygate-delta,diffuse,512,512,512,10,COMPRESSED(DXT1/PVRTC/ETC1),2,False,126283
galaxygate-delta_glow_128.atf,galaxygate-delta,glow,128,128,128,8,COMPRESSED(DXT1/PVRTC/ETC1),2,False,2259
galaxygate-delta_glow_256.atf,galaxygate-delta,glow,256,256,256,9,COMPRESSED(DXT1/PVRTC/ETC1),2,False,3438
galaxygate-delta_glow_512.atf,galaxygate-delta,glow,512,512,512,10,COMPRESSED(DXT1/PVRTC/ETC1),2,False,5801
galaxygate-delta_normal_128.atf,galaxygate-delta,normal,128,128,128,8,COMPRESSED(DXT1/PVRTC/ETC1),2,False,11750
galaxygate-delta_normal_256.atf,galaxygate-delta,normal,256,256,256,9,COMPRESSED(DXT1/PVRTC/ETC1),2,False,37873
galaxygate-delta_normal_512.atf,galaxygate-delta,normal,512,512,512,10,COMPRESSED(DXT1/PVRTC/ETC1),2,False,126371
galaxygate-delta_specular_128.atf,galaxygate-delta,specular,128,128,128,8,COMPRESSED(DXT1/PVRTC/ETC1),2,False,10034
galaxygate-delta_specular_256.atf,galaxygate-delta,specular,256,256,256,9,COMPRESSED(DXT1/PVRTC/ETC1),2,False,32625
galaxygate-delta_specular_512.atf,galaxygate-delta,specular,512,512,512,10,COMPRESSED(DXT1/PVRTC/ETC1),2,False,114963
galaxygate-epsilon_diffuse_128.atf,galaxygate-epsilon,diffuse,128,128,128,8,COMPRESSED(DXT1/PVRTC/ETC1),2,False,11384
galaxygate-epsilon_diffuse_256.atf,galaxygate-epsilon,diffuse,256,256,256,9,COMPRESSED(DXT1/PVRTC/ETC1),2,False,36983
galaxygate-epsilon_diffuse_512.atf,galaxygate-epsilon,diffuse,512,512,512,10,COMPRESSED(DXT1/PVRTC/ETC1),2,False,129069
galaxygate-epsilon_glow_128.atf,galaxygate-epsilon,glow,128,128,128,8,COMPRESSED(DXT1/PVRTC/ETC1),2,False,6629
galaxygate-epsilon_glow_256.atf,galaxygate-epsilon,glow,256,256,256,9,COMPRESSED(DXT1/PVRTC/ETC1),2,False,15780
galaxygate-epsilon_glow_512.atf,galaxygate-epsilon,glow,512,512,512,10,COMPRESSED(DXT1/PVRTC/ETC1),2,False,36820
galaxygate-epsilon_normal_128.atf,galaxygate-epsilon,normal,128,128,128,8,COMPRESSED(DXT1/PVRTC/ETC1),2,False,12422
galaxygate-epsilon_normal_256.atf,galaxygate-epsilon,normal,256,256,256,9,COMPRESSED(DXT1/PVRTC/ETC1),2,False,41019
galaxygate-epsilon_normal_512.atf,galaxygate-epsilon,normal,512,512,512,10,COMPRESSED(DXT1/PVRTC/ETC1),2,False,137842
galaxygate-epsilon_specular_128.atf,galaxygate-epsilon,specular,128,128,128,8,COMPRESSED(DXT1/PVRTC/ETC1),2,False,9463
galaxygate-epsilon_specular_256.atf,galaxygate-epsilon,specular,256,256,256,9,COMPRESSED(DXT1/PVRTC/ETC1),2,False,29946
galaxygate-epsilon_specular_512.atf,galaxygate-epsilon,specular,512,512,512,10,COMPRESSED(DXT1/PVRTC/ETC1),2,False,103232
galaxygate-gamma_diffuse_128.atf,galaxygate-gamma,diffuse,128,128,128,8,COMPRESSED(DXT1/PVRTC/ETC1),2,False,11722
galaxygate-gamma_diffuse_256.atf,galaxygate-gamma,diffuse,256,256,256,9,COMPRESSED(DXT1/PVRTC/ETC1),2,False,38661
galaxygate-gamma_diffuse_512.atf,galaxygate-gamma,diffuse,512,512,512,10,COMPRESSED(DXT1/PVRTC/ETC1),2,False,132745
galaxygate-gamma_glow_128.atf,galaxygate-gamma,glow,128,128,128,8,COMPRESSED(DXT1/PVRTC/ETC1),2,False,8062
galaxygate-gamma_glow_256.atf,galaxygate-gamma,glow,256,256,256,9,COMPRESSED(DXT1/PVRTC/ETC1),2,False,21708
galaxygate-gamma_glow_512.atf,galaxygate-gamma,glow,512,512,512,10,COMPRESSED(DXT1/PVRTC/ETC1),2,False,62646
galaxygate-gamma_normal_128.atf,galaxygate-gamma,normal,128,128,128,8,COMPRESSED(DXT1/PVRTC/ETC1),2,False,11632
galaxygate-gamma_normal_256.atf,galaxygate-gamma,normal,256,256,256,9,COMPRESSED(DXT1/PVRTC/ETC1),2,False,36873
galaxygate-gamma_normal_512.atf,galaxygate-gamma,normal,512,512,512,10,COMPRESSED(DXT1/PVRTC/ETC1),2,False,122224
galaxygate-gamma_specular_128.atf,galaxygate-gamma,specular,128,128,128,8,COMPRESSED(DXT1/PVRTC/ETC1),2,False,9703
galaxygate-gamma_specular_256.atf,galaxygate-gamma,specular,256,256,256,9,COMPRESSED(DXT1/PVRTC/ETC1),2,False,31279
galaxygate-gamma_specular_512.atf,galaxygate-gamma,specular,512,512,512,10,COMPRESSED(DXT1/PVRTC/ETC1),2,False,108338
galaxygate-hades_diffuse_128.atf,galaxygate-hades,diffuse,128,128,128,8,COMPRESSED(DXT1/PVRTC/ETC1),2,False,11770
galaxygate-hades_diffuse_256.atf,galaxygate-hades,diffuse,256,256,256,9,COMPRESSED(DXT1/PVRTC/ETC1),2,False,40910
galaxygate-hades_diffuse_512.atf,galaxygate-hades,diffuse,512,512,512,10,COMPRESSED(DXT1/PVRTC/ETC1),2,False,147089
galaxygate-hades_glow_128.atf,galaxygate-hades,glow,128,128,128,8,COMPRESSED(DXT1/PVRTC/ETC1),2,False,11041
galaxygate-hades_glow_256.atf,galaxygate-hades,glow,256,256,256,9,COMPRESSED(DXT1/PVRTC/ETC1),2,False,35040
galaxygate-hades_glow_512.atf,galaxygate-hades,glow,512,512,512,10,COMPRESSED(DXT1/PVRTC/ETC1),2,False,109107
galaxygate-hades_normal_128.atf,galaxygate-hades,normal,128,128,128,8,COMPRESSED(DXT1/PVRTC/ETC1),2,False,11773
galaxygate-hades_normal_256.atf,galaxygate-hades,normal,256,256,256,9,COMPRESSED(DXT1/PVRTC/ETC1),2,False,38536
galaxygate-hades_normal_512.atf,galaxygate-hades,normal,512,512,512,10,COMPRESSED(DXT1/PVRTC/ETC1),2,False,129483
galaxygate-hades_specular_128.atf,galaxygate-hades,specular,128,128,128,8,COMPRESSED(DXT1/PVRTC/ETC1),2,False,9070
galaxygate-hades_specular_256.atf,galaxygate-hades,specular,256,256,256,9,COMPRESSED(DXT1/PVRTC/ETC1),2,False,30062
galaxygate-hades_specular_512.atf,galaxygate-hades,specular,512,512,512,10,COMPRESSED(DXT1/PVRTC/ETC1),2,False,108797
galaxygate-kappa_diffuse_128.atf,galaxygate-kappa,diffuse,128,128,128,8,COMPRESSED(DXT1/PVRTC/ETC1),2,False,11290
galaxygate-kappa_diffuse_256.atf,galaxygate-kappa,diffuse,256,256,256,9,COMPRESSED(DXT1/PVRTC/ETC1),2,False,36865
galaxygate-kappa_diffuse_512.atf,galaxygate-kappa,diffuse,512,512,512,10,COMPRESSED(DXT1/PVRTC/ETC1),2,False,130652
galaxygate-kappa_glow_128.atf,galaxygate-kappa,glow,128,128,128,8,COMPRESSED(DXT1/PVRTC/ETC1),2,False,3633
galaxygate-kappa_glow_256.atf,galaxygate-kappa,glow,256,256,256,9,COMPRESSED(DXT1/PVRTC/ETC1),2,False,6944
galaxygate-kappa_glow_512.atf,galaxygate-kappa,glow,512,512,512,10,COMPRESSED(DXT1/PVRTC/ETC1),2,False,15299
galaxygate-kappa_normal_128.atf,galaxygate-kappa,normal,128,128,128,8,COMPRESSED(DXT1/PVRTC/ETC1),2,False,11919
galaxygate-kappa_normal_256.atf,galaxygate-kappa,normal,256,256,256,9,COMPRESSED(DXT1/PVRTC/ETC1),2,False,38655
galaxygate-kappa_normal_512.atf,galaxygate-kappa,normal,512,512,512,10,COMPRESSED(DXT1/PVRTC/ETC1),2,False,130859
galaxygate-kappa_specular_128.atf,galaxygate-kappa,specular,128,128,128,8,COMPRESSED(DXT1/PVRTC/ETC1),2,False,9826
galaxygate-kappa_specular_256.atf,galaxygate-kappa,specular,256,256,256,9,COMPRESSED(DXT1/PVRTC/ETC1),2,False,32360
galaxygate-kappa_specular_512.atf,galaxygate-kappa,specular,512,512,512,10,COMPRESSED(DXT1/PVRTC/ETC1),2,False,115054
galaxygate-lambda_diffuse_128.atf,galaxygate-lambda,diffuse,128,128,128,8,COMPRESSED(DXT1/PVRTC/ETC1),2,False,10559
galaxygate-lambda_diffuse_256.atf,galaxygate-lambda,diffuse,256,256,256,9,COMPRESSED(DXT1/PVRTC/ETC1),2,False,35887
galaxygate-lambda_diffuse_512.atf,galaxygate-lambda,diffuse,512,512,512,10,COMPRESSED(DXT1/PVRTC/ETC1),2,False,127776
galaxygate-lambda_glow_128.atf,galaxygate-lambda,glow,128,128,128,8,COMPRESSED(DXT1/PVRTC/ETC1),2,False,4827
galaxygate-lambda_glow_256.atf,galaxygate-lambda,glow,256,256,256,9,COMPRESSED(DXT1/PVRTC/ETC1),2,False,9254
galaxygate-lambda_glow_512.atf,galaxygate-lambda,glow,512,512,512,10,COMPRESSED(DXT1/PVRTC/ETC1),2,False,18222
galaxygate-lambda_normal_128.atf,galaxygate-lambda,normal,128,128,128,8,COMPRESSED(DXT1/PVRTC/ETC1),2,False,12260
galaxygate-lambda_normal_256.atf,galaxygate-lambda,normal,256,256,256,9,COMPRESSED(DXT1/PVRTC/ETC1),2,False,40819
galaxygate-lambda_normal_512.atf,galaxygate-lambda,normal,512,512,512,10,COMPRESSED(DXT1/PVRTC/ETC1),2,False,139587
galaxygate-lambda_specular_128.atf,galaxygate-lambda,specular,128,128,128,8,COMPRESSED(DXT1/PVRTC/ETC1),2,False,9739
galaxygate-lambda_specular_256.atf,galaxygate-lambda,specular,256,256,256,9,COMPRESSED(DXT1/PVRTC/ETC1),2,False,31011
galaxygate-lambda_specular_512.atf,galaxygate-lambda,specular,512,512,512,10,COMPRESSED(DXT1/PVRTC/ETC1),2,False,105543
galaxygate-zeta_diffuse_128.atf,galaxygate-zeta,diffuse,128,128,128,8,COMPRESSED(DXT1/PVRTC/ETC1),2,False,12687
galaxygate-zeta_diffuse_256.atf,galaxygate-zeta,diffuse,256,256,256,9,COMPRESSED(DXT1/PVRTC/ETC1),2,False,42053
galaxygate-zeta_diffuse_512.atf,galaxygate-zeta,diffuse,512,512,512,10,COMPRESSED(DXT1/PVRTC/ETC1),2,False,149570
galaxygate-zeta_glow_128.atf,galaxygate-zeta,glow,128,128,128,8,COMPRESSED(DXT1/PVRTC/ETC1),2,False,9721
galaxygate-zeta_glow_256.atf,galaxygate-zeta,glow,256,256,256,9,COMPRESSED(DXT1/PVRTC/ETC1),2,False,27115
galaxygate-zeta_glow_512.atf,galaxygate-zeta,glow,512,512,512,10,COMPRESSED(DXT1/PVRTC/ETC1),2,False,77717
galaxygate-zeta_normal_128.atf,galaxygate-zeta,normal,128,128,128,8,COMPRESSED(DXT1/PVRTC/ETC1),2,False,11633
galaxygate-zeta_normal_256.atf,galaxygate-zeta,normal,256,256,256,9,COMPRESSED(DXT1/PVRTC/ETC1),2,False,37405
galaxygate-zeta_normal_512.atf,galaxygate-zeta,normal,512,512,512,10,COMPRESSED(DXT1/PVRTC/ETC1),2,False,126314
galaxygate-zeta_specular_128.atf,galaxygate-zeta,specular,128,128,128,8,COMPRESSED(DXT1/PVRTC/ETC1),2,False,9210
galaxygate-zeta_specular_256.atf,galaxygate-zeta,specular,256,256,256,9,COMPRESSED(DXT1/PVRTC/ETC1),2,False,30994
galaxygate-zeta_specular_512.atf,galaxygate-zeta,specular,512,512,512,10,COMPRESSED(DXT1/PVRTC/ETC1),2,False,110664
goliath-amber_diffuse_128.atf,goliath-amber,diffuse,128,128,128,8,COMPRESSED(DXT1/PVRTC/ETC1),2,False,12274
goliath-amber_diffuse_256.atf,goliath-amber,diffuse,256,256,256,9,COMPRESSED(DXT1/PVRTC/ETC1),2,False,39317
goliath-amber_diffuse_512.atf,goliath-amber,diffuse,512,512,512,10,COMPRESSED(DXT1/PVRTC/ETC1),2,False,133725
goliath-angled-wings_diffuse_128.atf,goliath-angled-wings,diffuse,128,128,128,8,COMPRESSED(DXT1/PVRTC/ETC1),2,False,10494
goliath-angled-wings_diffuse_256.atf,goliath-angled-wings,diffuse,256,256,256,9,COMPRESSED(DXT1/PVRTC/ETC1),2,False,33998
goliath-angled-wings_diffuse_512.atf,goliath-angled-wings,diffuse,512,512,512,10,COMPRESSED(DXT1/PVRTC/ETC1),2,False,118352
goliath-angled-wings_glow_128.atf,goliath-angled-wings,glow,128,128,128,8,COMPRESSED(DXT1/PVRTC/ETC1),2,False,2944
goliath-angled-wings_glow_256.atf,goliath-angled-wings,glow,256,256,256,9,COMPRESSED(DXT1/PVRTC/ETC1),2,False,4636
goliath-angled-wings_glow_512.atf,goliath-angled-wings,glow,512,512,512,10,COMPRESSED(DXT1/PVRTC/ETC1),2,False,7481
goliath-angled-wings_normal_128.atf,goliath-angled-wings,normal,128,128,128,8,COMPRESSED(DXT1/PVRTC/ETC1),2,False,11782
goliath-angled-wings_normal_256.atf,goliath-angled-wings,normal,256,256,256,9,COMPRESSED(DXT1/PVRTC/ETC1),2,False,38651
goliath-angled-wings_normal_512.atf,goliath-angled-wings,normal,512,512,512,10,COMPRESSED(DXT1/PVRTC/ETC1),2,False,135328
goliath-angled-wings_specular_128.atf,goliath-angled-wings,specular,128,128,128,8,COMPRESSED(DXT1/PVRTC/ETC1),2,False,8952
goliath-angled-wings_specular_256.atf,goliath-angled-wings,specular,256,256,256,9,COMPRESSED(DXT1/PVRTC/ETC1),2,False,28147
goliath-angled-wings_specular_512.atf,goliath-angled-wings,specular,512,512,512,10,COMPRESSED(DXT1/PVRTC/ETC1),2,False,96787
goliath-bastion_diffuse_128.atf,goliath-bastion,diffuse,128,128,128,8,COMPRESSED(DXT1/PVRTC/ETC1),2,False,11158
goliath-bastion_diffuse_256.atf,goliath-bastion,diffuse,256,256,256,9,COMPRESSED(DXT1/PVRTC/ETC1),2,False,36833
goliath-bastion_diffuse_512.atf,goliath-bastion,diffuse,512,512,512,10,COMPRESSED(DXT1/PVRTC/ETC1),2,False,129127
goliath-bastion_glow_128.atf,goliath-bastion,glow,128,128,128,8,COMPRESSED(DXT1/PVRTC/ETC1),2,False,6045
goliath-bastion_glow_256.atf,goliath-bastion,glow,256,256,256,9,COMPRESSED(DXT1/PVRTC/ETC1),2,False,13563
goliath-bastion_glow_512.atf,goliath-bastion,glow,512,512,512,10,COMPRESSED(DXT1/PVRTC/ETC1),2,False,30290
goliath-bastion_normal_128.atf,goliath-bastion,normal,128,128,128,8,COMPRESSED(DXT1/PVRTC/ETC1),2,False,11717
goliath-bastion_normal_256.atf,goliath-bastion,normal,256,256,256,9,COMPRESSED(DXT1/PVRTC/ETC1),2,False,38703
goliath-bastion_normal_512.atf,goliath-bastion,normal,512,512,512,10,COMPRESSED(DXT1/PVRTC/ETC1),2,False,130010
goliath-bastion_specular_128.atf,goliath-bastion,specular,128,128,128,8,COMPRESSED(DXT1/PVRTC/ETC1),2,False,9278
goliath-bastion_specular_256.atf,goliath-bastion,specular,256,256,256,9,COMPRESSED(DXT1/PVRTC/ETC1),2,False,30023
goliath-bastion_specular_512.atf,goliath-bastion,specular,512,512,512,10,COMPRESSED(DXT1/PVRTC/ETC1),2,False,102928
goliath-bronze_diffuse_128.atf,goliath-bronze,diffuse,128,128,128,8,COMPRESSED(DXT1/PVRTC/ETC1),2,False,11086
goliath-bronze_diffuse_256.atf,goliath-bronze,diffuse,256,256,256,9,COMPRESSED(DXT1/PVRTC/ETC1),2,False,33757
goliath-bronze_diffuse_512.atf,goliath-bronze,diffuse,512,512,512,10,COMPRESSED(DXT1/PVRTC/ETC1),2,False,109987
goliath-bronze_glow_128.atf,goliath-bronze,glow,128,128,128,8,COMPRESSED(DXT1/PVRTC/ETC1),2,False,7854
goliath-bronze_glow_256.atf,goliath-bronze,glow,256,256,256,9,COMPRESSED(DXT1/PVRTC/ETC1),2,False,18821
goliath-bronze_glow_512.atf,goliath-bronze,glow,512,512,512,10,COMPRESSED(DXT1/PVRTC/ETC1),2,False,46227
goliath-centaur_diffuse_128.atf,goliath-centaur,diffuse,128,128,128,8,COMPRESSED(DXT1/PVRTC/ETC1),2,False,11264
goliath-centaur_diffuse_256.atf,goliath-centaur,diffuse,256,256,256,9,COMPRESSED(DXT1/PVRTC/ETC1),2,False,36609
goliath-centaur_diffuse_512.atf,goliath-centaur,diffuse,512,512,512,10,COMPRESSED(DXT1/PVRTC/ETC1),2,False,123855
goliath-crimson_diffuse_128.atf,goliath-crimson,diffuse,128,128,128,8,COMPRESSED(DXT1/PVRTC/ETC1),2,False,11944
goliath-crimson_diffuse_256.atf,goliath-crimson,diffuse,256,256,256,9,COMPRESSED(DXT1/PVRTC/ETC1),2,False,37475
goliath-crimson_diffuse_512.atf,goliath-crimson,diffuse,512,512,512,10,COMPRESSED(DXT1/PVRTC/ETC1),2,False,128151
goliath-diminisher-violet_diffuse_128.atf,goliath-diminisher-violet,diffuse,128,128,128,8,COMPRESSED(DXT1/PVRTC/ETC1),2,False,11404
goliath-diminisher-violet_diffuse_256.atf,goliath-diminisher-violet,diffuse,256,256,256,9,COMPRESSED(DXT1/PVRTC/ETC1),2,False,35826
goliath-diminisher-violet_diffuse_512.atf,goliath-diminisher-violet,diffuse,512,512,512,10,COMPRESSED(DXT1/PVRTC/ETC1),2,False,121238
goliath-diminisher_diffuse_128.atf,goliath-diminisher,diffuse,128,128,128,8,COMPRESSED(DXT1/PVRTC/ETC1),2,False,10810
goliath-diminisher_diffuse_256.atf,goliath-diminisher,diffuse,256,256,256,9,COMPRESSED(DXT1/PVRTC/ETC1),2,False,33692
goliath-diminisher_diffuse_512.atf,goliath-diminisher,diffuse,512,512,512,10,COMPRESSED(DXT1/PVRTC/ETC1),2,False,114934
goliath-diminisher_glow_128.atf,goliath-diminisher,glow,128,128,128,8,COMPRESSED(DXT1/PVRTC/ETC1),2,False,4537
goliath-diminisher_glow_256.atf,goliath-diminisher,glow,256,256,256,9,COMPRESSED(DXT1/PVRTC/ETC1),2,False,8353
goliath-diminisher_glow_512.atf,goliath-diminisher,glow,512,512,512,10,COMPRESSED(DXT1/PVRTC/ETC1),2,False,17437
goliath-diminisher_normal_128.atf,goliath-diminisher,normal,128,128,128,8,COMPRESSED(DXT1/PVRTC/ETC1),2,False,12040
goliath-diminisher_normal_256.atf,goliath-diminisher,normal,256,256,256,9,COMPRESSED(DXT1/PVRTC/ETC1),2,False,40075
goliath-diminisher_normal_512.atf,goliath-diminisher,normal,512,512,512,10,COMPRESSED(DXT1/PVRTC/ETC1),2,False,145807
goliath-diminisher_specular_128.atf,goliath-diminisher,specular,128,128,128,8,COMPRESSED(DXT1/PVRTC/ETC1),2,False,9159
goliath-diminisher_specular_256.atf,goliath-diminisher,specular,256,256,256,9,COMPRESSED(DXT1/PVRTC/ETC1),2,False,29397
goliath-diminisher_specular_512.atf,goliath-diminisher,specular,512,512,512,10,COMPRESSED(DXT1/PVRTC/ETC1),2,False,102354
goliath-double-winged_glow_128.atf,goliath-double-winged,glow,128,128,128,8,COMPRESSED(DXT1/PVRTC/ETC1),2,False,2325
goliath-double-winged_glow_256.atf,goliath-double-winged,glow,256,256,256,9,COMPRESSED(DXT1/PVRTC/ETC1),2,False,3600
goliath-double-winged_glow_512.atf,goliath-double-winged,glow,512,512,512,10,COMPRESSED(DXT1/PVRTC/ETC1),2,False,5549
goliath-double-winged_normal_128.atf,goliath-double-winged,normal,128,128,128,8,COMPRESSED(DXT1/PVRTC/ETC1),2,False,11753
goliath-double-winged_normal_256.atf,goliath-double-winged,normal,256,256,256,9,COMPRESSED(DXT1/PVRTC/ETC1),2,False,38743
goliath-double-winged_normal_512.atf,goliath-double-winged,normal,512,512,512,10,COMPRESSED(DXT1/PVRTC/ETC1),2,False,129946
goliath-double-winged_specular_128.atf,goliath-double-winged,specular,128,128,128,8,COMPRESSED(DXT1/PVRTC/ETC1),2,False,9537
goliath-double-winged_specular_256.atf,goliath-double-winged,specular,256,256,256,9,COMPRESSED(DXT1/PVRTC/ETC1),2,False,31026
goliath-double-winged_specular_512.atf,goliath-double-winged,specular,512,512,512,10,COMPRESSED(DXT1/PVRTC/ETC1),2,False,108804
goliath-enforcer_diffuse_128.atf,goliath-enforcer,diffuse,128,128,128,8,COMPRESSED(DXT1/PVRTC/ETC1),2,False,10759
goliath-enforcer_diffuse_256.atf,goliath-enforcer,diffuse,256,256,256,9,COMPRESSED(DXT1/PVRTC/ETC1),2,False,33597
goliath-enforcer_diffuse_512.atf,goliath-enforcer,diffuse,512,512,512,10,COMPRESSED(DXT1/PVRTC/ETC1),2,False,114689
goliath-exalted_diffuse_128.atf,goliath-exalted,diffuse,128,128,128,8,COMPRESSED(DXT1/PVRTC/ETC1),2,False,11227
goliath-exalted_diffuse_256.atf,goliath-exalted,diffuse,256,256,256,9,COMPRESSED(DXT1/PVRTC/ETC1),2,False,35956
goliath-exalted_diffuse_512.atf,goliath-exalted,diffuse,512,512,512,10,COMPRESSED(DXT1/PVRTC/ETC1),2,False,123700
goliath-goal_diffuse_128.atf,goliath-goal,diffuse,128,128,128,8,COMPRESSED(DXT1/PVRTC/ETC1),2,False,10612
goliath-goal_diffuse_256.atf,goliath-goal,diffuse,256,256,256,9,COMPRESSED(DXT1/PVRTC/ETC1),2,False,33873
goliath-goal_diffuse_512.atf,goliath-goal,diffuse,512,512,512,10,COMPRESSED(DXT1/PVRTC/ETC1),2,False,117187
goliath-gold_diffuse_128.atf,goliath-gold,diffuse,128,128,128,8,COMPRESSED(DXT1/PVRTC/ETC1),2,False,12033
goliath-gold_diffuse_256.atf,goliath-gold,diffuse,256,256,256,9,COMPRESSED(DXT1/PVRTC/ETC1),2,False,36142
goliath-gold_diffuse_512.atf,goliath-gold,diffuse,512,512,512,10,COMPRESSED(DXT1/PVRTC/ETC1),2,False,114505
goliath-gold_glow_128.atf,goliath-gold,glow,128,128,128,8,COMPRESSED(DXT1/PVRTC/ETC1),2,False,9992
goliath-gold_glow_256.atf,goliath-gold,glow,256,256,256,9,COMPRESSED(DXT1/PVRTC/ETC1),2,False,27456
goliath-gold_glow_512.atf,goliath-gold,glow,512,512,512,10,COMPRESSED(DXT1/PVRTC/ETC1),2,False,80134
goliath-ignite_diffuse_128.atf,goliath-ignite,diffuse,128,128,128,8,COMPRESSED(DXT1/PVRTC/ETC1),2,False,10900
goliath-ignite_diffuse_256.atf,goliath-ignite,diffuse,256,256,256,9,COMPRESSED(DXT1/PVRTC/ETC1),2,False,34707
goliath-ignite_diffuse_512.atf,goliath-ignite,diffuse,512,512,512,10,COMPRESSED(DXT1/PVRTC/ETC1),2,False,119215
goliath-iron_diffuse_128.atf,goliath-iron,diffuse,128,128,128,8,COMPRESSED(DXT1/PVRTC/ETC1),2,False,10843
goliath-iron_diffuse_256.atf,goliath-iron,diffuse,256,256,256,9,COMPRESSED(DXT1/PVRTC/ETC1),2,False,35656
goliath-iron_diffuse_512.atf,goliath-iron,diffuse,512,512,512,10,COMPRESSED(DXT1/PVRTC/ETC1),2,False,110732
goliath-iron_glow_128.atf,goliath-iron,glow,128,128,128,8,COMPRESSED(DXT1/PVRTC/ETC1),2,False,7807
goliath-iron_glow_256.atf,goliath-iron,glow,256,256,256,9,COMPRESSED(DXT1/PVRTC/ETC1),2,False,20541
goliath-iron_glow_512.atf,goliath-iron,glow,512,512,512,10,COMPRESSED(DXT1/PVRTC/ETC1),2,False,52445
goliath-jade_diffuse_128.atf,goliath-jade,diffuse,128,128,128,8,COMPRESSED(DXT1/PVRTC/ETC1),2,False,10894
goliath-jade_diffuse_256.atf,goliath-jade,diffuse,256,256,256,9,COMPRESSED(DXT1/PVRTC/ETC1),2,False,35069
goliath-jade_diffuse_512.atf,goliath-jade,diffuse,512,512,512,10,COMPRESSED(DXT1/PVRTC/ETC1),2,False,120613
goliath-kick_diffuse_128.atf,goliath-kick,diffuse,128,128,128,8,COMPRESSED(DXT1/PVRTC/ETC1),2,False,11914
goliath-kick_diffuse_256.atf,goliath-kick,diffuse,256,256,256,9,COMPRESSED(DXT1/PVRTC/ETC1),2,False,38636
goliath-kick_diffuse_512.atf,goliath-kick,diffuse,512,512,512,10,COMPRESSED(DXT1/PVRTC/ETC1),2,False,132713
goliath-peacemaker_diffuse_128.atf,goliath-peacemaker,diffuse,128,128,128,8,COMPRESSED(DXT1/PVRTC/ETC1),2,False,12080
goliath-peacemaker_diffuse_256.atf,goliath-peacemaker,diffuse,256,256,256,9,COMPRESSED(DXT1/PVRTC/ETC1),2,False,38276
goliath-peacemaker_diffuse_512.atf,goliath-peacemaker,diffuse,512,512,512,10,COMPRESSED(DXT1/PVRTC/ETC1),2,False,129106
goliath-plague_diffuse_128.atf,goliath-plague,diffuse,128,128,128,8,COMPRESSED(DXT1/PVRTC/ETC1),2,False,12396
goliath-plague_diffuse_256.atf,goliath-plague,diffuse,256,256,256,9,COMPRESSED(DXT1/PVRTC/ETC1),2,False,39597
goliath-plague_diffuse_512.atf,goliath-plague,diffuse,512,512,512,10,COMPRESSED(DXT1/PVRTC/ETC1),2,False,134215
goliath-plague_glow_128.atf,goliath-plague,glow,128,128,128,8,COMPRESSED(DXT1/PVRTC/ETC1),2,False,3127
goliath-plague_glow_256.atf,goliath-plague,glow,256,256,256,9,COMPRESSED(DXT1/PVRTC/ETC1),2,False,5721
goliath-plague_glow_512.atf,goliath-plague,glow,512,512,512,10,COMPRESSED(DXT1/PVRTC/ETC1),2,False,10989
goliath-razer_diffuse_128.atf,goliath-razer,diffuse,128,128,128,8,COMPRESSED(DXT1/PVRTC/ETC1),2,False,10709
goliath-razer_diffuse_256.atf,goliath-razer,diffuse,256,256,256,9,COMPRESSED(DXT1/PVRTC/ETC1),2,False,33587
goliath-razer_diffuse_512.atf,goliath-razer,diffuse,512,512,512,10,COMPRESSED(DXT1/PVRTC/ETC1),2,False,113072
goliath-referee_diffuse_128.atf,goliath-referee,diffuse,128,128,128,8,COMPRESSED(DXT1/PVRTC/ETC1),2,False,10540
goliath-referee_diffuse_256.atf,goliath-referee,diffuse,256,256,256,9,COMPRESSED(DXT1/PVRTC/ETC1),2,False,33513
goliath-referee_diffuse_512.atf,goliath-referee,diffuse,512,512,512,10,COMPRESSED(DXT1/PVRTC/ETC1),2,False,113261
goliath-reversed-angled-wings_glow_128.atf,goliath-reversed-angled-wings,glow,128,128,128,8,COMPRESSED(DXT1/PVRTC/ETC1),2,False,4518
goliath-reversed-angled-wings_glow_256.atf,goliath-reversed-angled-wings,glow,256,256,256,9,COMPRESSED(DXT1/PVRTC/ETC1),2,False,8765
goliath-reversed-angled-wings_glow_512.atf,goliath-reversed-angled-wings,glow,512,512,512,10,COMPRESSED(DXT1/PVRTC/ETC1),2,False,16365
goliath-reversed-angled-wings_normal_128.atf,goliath-reversed-angled-wings,normal,128,128,128,8,COMPRESSED(DXT1/PVRTC/ETC1),2,False,11795
goliath-reversed-angled-wings_normal_256.atf,goliath-reversed-angled-wings,normal,256,256,256,9,COMPRESSED(DXT1/PVRTC/ETC1),2,False,38908
goliath-reversed-angled-wings_normal_512.atf,goliath-reversed-angled-wings,normal,512,512,512,10,COMPRESSED(DXT1/PVRTC/ETC1),2,False,138149
goliath-reversed-angled-wings_specular_128.atf,goliath-reversed-angled-wings,specular,128,128,128,8,COMPRESSED(DXT1/PVRTC/ETC1),2,False,9133
goliath-reversed-angled-wings_specular_256.atf,goliath-reversed-angled-wings,specular,256,256,256,9,COMPRESSED(DXT1/PVRTC/ETC1),2,False,28939
goliath-reversed-angled-wings_specular_512.atf,goliath-reversed-angled-wings,specular,512,512,512,10,COMPRESSED(DXT1/PVRTC/ETC1),2,False,97922
goliath-sapphire_diffuse_128.atf,goliath-sapphire,diffuse,128,128,128,8,COMPRESSED(DXT1/PVRTC/ETC1),2,False,11674
goliath-sapphire_diffuse_256.atf,goliath-sapphire,diffuse,256,256,256,9,COMPRESSED(DXT1/PVRTC/ETC1),2,False,37660
goliath-sapphire_diffuse_512.atf,goliath-sapphire,diffuse,512,512,512,10,COMPRESSED(DXT1/PVRTC/ETC1),2,False,128519
goliath-saturn_diffuse_128.atf,goliath-saturn,diffuse,128,128,128,8,COMPRESSED(DXT1/PVRTC/ETC1),2,False,12450
goliath-saturn_diffuse_256.atf,goliath-saturn,diffuse,256,256,256,9,COMPRESSED(DXT1/PVRTC/ETC1),2,False,40231
goliath-saturn_diffuse_512.atf,goliath-saturn,diffuse,512,512,512,10,COMPRESSED(DXT1/PVRTC/ETC1),2,False,136116
goliath-sentinel-violet_diffuse_128.atf,goliath-sentinel-violet,diffuse,128,128,128,8,COMPRESSED(DXT1/PVRTC/ETC1),2,False,12223
goliath-sentinel-violet_diffuse_256.atf,goliath-sentinel-violet,diffuse,256,256,256,9,COMPRESSED(DXT1/PVRTC/ETC1),2,False,39470
goliath-sentinel-violet_diffuse_512.atf,goliath-sentinel-violet,diffuse,512,512,512,10,COMPRESSED(DXT1/PVRTC/ETC1),2,False,139455
goliath-sentinel-violet_glow_128.atf,goliath-sentinel-violet,glow,128,128,128,8,COMPRESSED(DXT1/PVRTC/ETC1),2,False,4144
goliath-sentinel-violet_glow_256.atf,goliath-sentinel-violet,glow,256,256,256,9,COMPRESSED(DXT1/PVRTC/ETC1),2,False,7557
goliath-sentinel-violet_glow_512.atf,goliath-sentinel-violet,glow,512,512,512,10,COMPRESSED(DXT1/PVRTC/ETC1),2,False,14758
goliath-sentinel_design_argon_diffuse_128.atf,goliath-sentinel_design_argon,diffuse,128,128,128,8,COMPRESSED(DXT1/PVRTC/ETC1),2,False,13553
goliath-sentinel_design_argon_diffuse_256.atf,goliath-sentinel_design_argon,diffuse,256,256,256,9,COMPRESSED(DXT1/PVRTC/ETC1),2,False,41516
goliath-sentinel_design_argon_diffuse_512.atf,goliath-sentinel_design_argon,diffuse,512,512,512,10,COMPRESSED(DXT1/PVRTC/ETC1),2,False,131065
goliath-sentinel_design_argon_glow_128.atf,goliath-sentinel_design_argon,glow,128,128,128,8,COMPRESSED(DXT1/PVRTC/ETC1),2,False,6641
goliath-sentinel_design_argon_glow_256.atf,goliath-sentinel_design_argon,glow,256,256,256,9,COMPRESSED(DXT1/PVRTC/ETC1),2,False,14178
goliath-sentinel_design_argon_glow_512.atf,goliath-sentinel_design_argon,glow,512,512,512,10,COMPRESSED(DXT1/PVRTC/ETC1),2,False,34087
goliath-sentinel_design_lava_diffuse_128.atf,goliath-sentinel_design_lava,diffuse,128,128,128,8,COMPRESSED(DXT1/PVRTC/ETC1),2,False,7024
goliath-sentinel_design_lava_diffuse_256.atf,goliath-sentinel_design_lava,diffuse,256,256,256,9,COMPRESSED(DXT1/PVRTC/ETC1),2,False,17483
goliath-sentinel_design_lava_diffuse_512.atf,goliath-sentinel_design_lava,diffuse,512,512,512,10,COMPRESSED(DXT1/PVRTC/ETC1),2,False,46298
goliath-sentinel_design_lava_glow_128.atf,goliath-sentinel_design_lava,glow,128,128,128,8,COMPRESSED(DXT1/PVRTC/ETC1),2,False,8429
goliath-sentinel_design_lava_glow_256.atf,goliath-sentinel_design_lava,glow,256,256,256,9,COMPRESSED(DXT1/PVRTC/ETC1),2,False,21453
goliath-sentinel_design_lava_glow_512.atf,goliath-sentinel_design_lava,glow,512,512,512,10,COMPRESSED(DXT1/PVRTC/ETC1),2,False,59203
goliath-sentinel_design_legend_diffuse_128.atf,goliath-sentinel_design_legend,diffuse,128,128,128,8,COMPRESSED(DXT1/PVRTC/ETC1),2,False,12804
goliath-sentinel_design_legend_diffuse_256.atf,goliath-sentinel_design_legend,diffuse,256,256,256,9,COMPRESSED(DXT1/PVRTC/ETC1),2,False,41414
goliath-sentinel_design_legend_diffuse_512.atf,goliath-sentinel_design_legend,diffuse,512,512,512,10,COMPRESSED(DXT1/PVRTC/ETC1),2,False,142836
goliath-sentinel_design_legend_glow_128.atf,goliath-sentinel_design_legend,glow,128,128,128,8,COMPRESSED(DXT1/PVRTC/ETC1),2,False,11720
goliath-sentinel_design_legend_glow_256.atf,goliath-sentinel_design_legend,glow,256,256,256,9,COMPRESSED(DXT1/PVRTC/ETC1),2,False,37198
goliath-sentinel_design_legend_glow_512.atf,goliath-sentinel_design_legend,glow,512,512,512,10,COMPRESSED(DXT1/PVRTC/ETC1),2,False,120395
goliath-sentinel_design_legend_specular_128.atf,goliath-sentinel_design_legend,specular,128,128,128,8,COMPRESSED(DXT1/PVRTC/ETC1),2,False,1716
goliath-sentinel_design_legend_specular_256.atf,goliath-sentinel_design_legend,specular,256,256,256,9,COMPRESSED(DXT1/PVRTC/ETC1),2,False,2274
goliath-sentinel_design_legend_specular_512.atf,goliath-sentinel_design_legend,specular,512,512,512,10,COMPRESSED(DXT1/PVRTC/ETC1),2,False,3227
goliath-sentinel_diffuse_128.atf,goliath-sentinel,diffuse,128,128,128,8,COMPRESSED(DXT1/PVRTC/ETC1),2,False,11507
goliath-sentinel_diffuse_256.atf,goliath-sentinel,diffuse,256,256,256,9,COMPRESSED(DXT1/PVRTC/ETC1),2,False,36940
goliath-sentinel_diffuse_512.atf,goliath-sentinel,diffuse,512,512,512,10,COMPRESSED(DXT1/PVRTC/ETC1),2,False,131533
goliath-sentinel_glow_128.atf,goliath-sentinel,glow,128,128,128,8,COMPRESSED(DXT1/PVRTC/ETC1),2,False,3573
goliath-sentinel_glow_256.atf,goliath-sentinel,glow,256,256,256,9,COMPRESSED(DXT1/PVRTC/ETC1),2,False,6057
goliath-sentinel_glow_512.atf,goliath-sentinel,glow,512,512,512,10,COMPRESSED(DXT1/PVRTC/ETC1),2,False,11269
goliath-sentinel_normal_128.atf,goliath-sentinel,normal,128,128,128,8,COMPRESSED(DXT1/PVRTC/ETC1),2,False,12028
goliath-sentinel_normal_256.atf,goliath-sentinel,normal,256,256,256,9,COMPRESSED(DXT1/PVRTC/ETC1),2,False,40144
goliath-sentinel_normal_512.atf,goliath-sentinel,normal,512,512,512,10,COMPRESSED(DXT1/PVRTC/ETC1),2,False,137240
goliath-sentinel_specular_128.atf,goliath-sentinel,specular,128,128,128,8,COMPRESSED(DXT1/PVRTC/ETC1),2,False,2174
goliath-sentinel_specular_256.atf,goliath-sentinel,specular,256,256,256,9,COMPRESSED(DXT1/PVRTC/ETC1),2,False,3350
goliath-sentinel_specular_512.atf,goliath-sentinel,specular,512,512,512,10,COMPRESSED(DXT1/PVRTC/ETC1),2,False,5980
goliath-silver_diffuse_128.atf,goliath-silver,diffuse,128,128,128,8,COMPRESSED(DXT1/PVRTC/ETC1),2,False,10302
goliath-silver_diffuse_256.atf,goliath-silver,diffuse,256,256,256,9,COMPRESSED(DXT1/PVRTC/ETC1),2,False,31447
goliath-silver_diffuse_512.atf,goliath-silver,diffuse,512,512,512,10,COMPRESSED(DXT1/PVRTC/ETC1),2,False,101909
goliath-silver_glow_128.atf,goliath-silver,glow,128,128,128,8,COMPRESSED(DXT1/PVRTC/ETC1),2,False,8214
goliath-silver_glow_256.atf,goliath-silver,glow,256,256,256,9,COMPRESSED(DXT1/PVRTC/ETC1),2,False,20864
goliath-silver_glow_512.atf,goliath-silver,glow,512,512,512,10,COMPRESSED(DXT1/PVRTC/ETC1),2,False,54823
goliath-solace-blaze_diffuse_128.atf,goliath-solace-blaze,diffuse,128,128,128,8,COMPRESSED_ALPHA(DXT5),4,False,14022
goliath-solace-blaze_diffuse_256.atf,goliath-solace-blaze,diffuse,256,256,256,9,COMPRESSED_ALPHA(DXT5),4,False,42683
goliath-solace-blaze_diffuse_512.atf,goliath-solace-blaze,diffuse,512,512,512,10,COMPRESSED_ALPHA(DXT5),4,False,145749
goliath-solace_diffuse_128.atf,goliath-solace,diffuse,128,128,128,8,COMPRESSED(DXT1/PVRTC/ETC1),2,False,11385
goliath-solace_diffuse_256.atf,goliath-solace,diffuse,256,256,256,9,COMPRESSED(DXT1/PVRTC/ETC1),2,False,37262
goliath-solace_diffuse_512.atf,goliath-solace,diffuse,512,512,512,10,COMPRESSED(DXT1/PVRTC/ETC1),2,False,132634
goliath-solace_glow_128.atf,goliath-solace,glow,128,128,128,8,COMPRESSED(DXT1/PVRTC/ETC1),2,False,3931
goliath-solace_glow_256.atf,goliath-solace,glow,256,256,256,9,COMPRESSED(DXT1/PVRTC/ETC1),2,False,7297
goliath-solace_glow_512.atf,goliath-solace,glow,512,512,512,10,COMPRESSED(DXT1/PVRTC/ETC1),2,False,15176
goliath-solace_normal_128.atf,goliath-solace,normal,128,128,128,8,COMPRESSED(DXT1/PVRTC/ETC1),2,False,11354
goliath-solace_normal_256.atf,goliath-solace,normal,256,256,256,9,COMPRESSED(DXT1/PVRTC/ETC1),2,False,37012
goliath-solace_normal_512.atf,goliath-solace,normal,512,512,512,10,COMPRESSED(DXT1/PVRTC/ETC1),2,False,127206
goliath-solace_specular_128.atf,goliath-solace,specular,128,128,128,8,COMPRESSED(DXT1/PVRTC/ETC1),2,False,9440
goliath-solace_specular_256.atf,goliath-solace,specular,256,256,256,9,COMPRESSED(DXT1/PVRTC/ETC1),2,False,30597
goliath-solace_specular_512.atf,goliath-solace,specular,512,512,512,10,COMPRESSED(DXT1/PVRTC/ETC1),2,False,106181
goliath-sovereign_diffuse_128.atf,goliath-sovereign,diffuse,128,128,128,8,COMPRESSED(DXT1/PVRTC/ETC1),2,False,12471
goliath-sovereign_diffuse_256.atf,goliath-sovereign,diffuse,256,256,256,9,COMPRESSED(DXT1/PVRTC/ETC1),2,False,39727
goliath-sovereign_diffuse_512.atf,goliath-sovereign,diffuse,512,512,512,10,COMPRESSED(DXT1/PVRTC/ETC1),2,False,133714
goliath-spectrum_diffuse_128.atf,goliath-spectrum,diffuse,128,128,128,8,COMPRESSED(DXT1/PVRTC/ETC1),2,False,11130
goliath-spectrum_diffuse_256.atf,goliath-spectrum,diffuse,256,256,256,9,COMPRESSED(DXT1/PVRTC/ETC1),2,False,37520
goliath-spectrum_diffuse_512.atf,goliath-spectrum,diffuse,512,512,512,10,COMPRESSED(DXT1/PVRTC/ETC1),2,False,136684
goliath-spectrum_glow_128.atf,goliath-spectrum,glow,128,128,128,8,COMPRESSED(DXT1/PVRTC/ETC1),2,False,3977
goliath-spectrum_glow_256.atf,goliath-spectrum,glow,256,256,256,9,COMPRESSED(DXT1/PVRTC/ETC1),2,False,7148
goliath-spectrum_glow_512.atf,goliath-spectrum,glow,512,512,512,10,COMPRESSED(DXT1/PVRTC/ETC1),2,False,14012
goliath-spectrum_normal_128.atf,goliath-spectrum,normal,128,128,128,8,COMPRESSED(DXT1/PVRTC/ETC1),2,False,11618
goliath-spectrum_normal_256.atf,goliath-spectrum,normal,256,256,256,9,COMPRESSED(DXT1/PVRTC/ETC1),2,False,37525
goliath-spectrum_normal_512.atf,goliath-spectrum,normal,512,512,512,10,COMPRESSED(DXT1/PVRTC/ETC1),2,False,123888
goliath-spectrum_specular_128.atf,goliath-spectrum,specular,128,128,128,8,COMPRESSED(DXT1/PVRTC/ETC1),2,False,9032
goliath-spectrum_specular_256.atf,goliath-spectrum,specular,256,256,256,9,COMPRESSED(DXT1/PVRTC/ETC1),2,False,28312
goliath-spectrum_specular_512.atf,goliath-spectrum,specular,512,512,512,10,COMPRESSED(DXT1/PVRTC/ETC1),2,False,98420
goliath-stars-and-stripes_diffuse_128.atf,goliath-stars-and-stripes,diffuse,128,128,128,8,COMPRESSED(DXT1/PVRTC/ETC1),2,False,12859
goliath-stars-and-stripes_diffuse_256.atf,goliath-stars-and-stripes,diffuse,256,256,256,9,COMPRESSED(DXT1/PVRTC/ETC1),2,False,40959
goliath-stars-and-stripes_diffuse_512.atf,goliath-stars-and-stripes,diffuse,512,512,512,10,COMPRESSED(DXT1/PVRTC/ETC1),2,False,139268
goliath-turkey_diffuse_128.atf,goliath-turkey,diffuse,128,128,128,8,COMPRESSED(DXT1/PVRTC/ETC1),2,False,13343
goliath-turkey_diffuse_256.atf,goliath-turkey,diffuse,256,256,256,9,COMPRESSED(DXT1/PVRTC/ETC1),2,False,42249
goliath-turkey_diffuse_512.atf,goliath-turkey,diffuse,512,512,512,10,COMPRESSED(DXT1/PVRTC/ETC1),2,False,137938
goliath-vanquisher_diffuse_128.atf,goliath-vanquisher,diffuse,128,128,128,8,COMPRESSED(DXT1/PVRTC/ETC1),2,False,12742
goliath-vanquisher_diffuse_256.atf,goliath-vanquisher,diffuse,256,256,256,9,COMPRESSED(DXT1/PVRTC/ETC1),2,False,40280
goliath-vanquisher_diffuse_512.atf,goliath-vanquisher,diffuse,512,512,512,10,COMPRESSED(DXT1/PVRTC/ETC1),2,False,136035
goliath-venom_diffuse_128.atf,goliath-venom,diffuse,128,128,128,8,COMPRESSED(DXT1/PVRTC/ETC1),2,False,13037
goliath-venom_diffuse_256.atf,goliath-venom,diffuse,256,256,256,9,COMPRESSED(DXT1/PVRTC/ETC1),2,False,43773
goliath-venom_diffuse_512.atf,goliath-venom,diffuse,512,512,512,10,COMPRESSED(DXT1/PVRTC/ETC1),2,False,156487
goliath-venom_glow_128.atf,goliath-venom,glow,128,128,128,8,COMPRESSED(DXT1/PVRTC/ETC1),2,False,6275
goliath-venom_glow_256.atf,goliath-venom,glow,256,256,256,9,COMPRESSED(DXT1/PVRTC/ETC1),2,False,14116
goliath-venom_glow_512.atf,goliath-venom,glow,512,512,512,10,COMPRESSED(DXT1/PVRTC/ETC1),2,False,33449
goliath-venom_normal_128.atf,goliath-venom,normal,128,128,128,8,COMPRESSED(DXT1/PVRTC/ETC1),2,False,11981
goliath-venom_normal_256.atf,goliath-venom,normal,256,256,256,9,COMPRESSED(DXT1/PVRTC/ETC1),2,False,39086
goliath-venom_normal_512.atf,goliath-venom,normal,512,512,512,10,COMPRESSED(DXT1/PVRTC/ETC1),2,False,131447
goliath-venom_specular_128.atf,goliath-venom,specular,128,128,128,8,COMPRESSED(DXT1/PVRTC/ETC1),2,False,9226
goliath-venom_specular_256.atf,goliath-venom,specular,256,256,256,9,COMPRESSED(DXT1/PVRTC/ETC1),2,False,29941
goliath-venom_specular_512.atf,goliath-venom,specular,512,512,512,10,COMPRESSED(DXT1/PVRTC/ETC1),2,False,106908
goliath-veteran_diffuse_128.atf,goliath-veteran,diffuse,128,128,128,8,COMPRESSED(DXT1/PVRTC/ETC1),2,False,10502
goliath-veteran_diffuse_256.atf,goliath-veteran,diffuse,256,256,256,9,COMPRESSED(DXT1/PVRTC/ETC1),2,False,33694
goliath-veteran_diffuse_512.atf,goliath-veteran,diffuse,512,512,512,10,COMPRESSED(DXT1/PVRTC/ETC1),2,False,115971
goliath-x-borealis_diffuse_128.atf,goliath-x-borealis,diffuse,128,128,128,8,COMPRESSED(DXT1/PVRTC/ETC1),2,False,11650
goliath-x-borealis_diffuse_256.atf,goliath-x-borealis,diffuse,256,256,256,9,COMPRESSED(DXT1/PVRTC/ETC1),2,False,35479
goliath-x-borealis_diffuse_512.atf,goliath-x-borealis,diffuse,512,512,512,10,COMPRESSED(DXT1/PVRTC/ETC1),2,False,113753
goliath-x-borealis_glow_128.atf,goliath-x-borealis,glow,128,128,128,8,COMPRESSED(DXT1/PVRTC/ETC1),2,False,2135
goliath-x-borealis_glow_256.atf,goliath-x-borealis,glow,256,256,256,9,COMPRESSED(DXT1/PVRTC/ETC1),2,False,2970
goliath-x-borealis_glow_512.atf,goliath-x-borealis,glow,512,512,512,10,COMPRESSED(DXT1/PVRTC/ETC1),2,False,4797
goliath-x-borealis_specular_128.atf,goliath-x-borealis,specular,128,128,128,8,COMPRESSED(DXT1/PVRTC/ETC1),2,False,12385
goliath-x-borealis_specular_256.atf,goliath-x-borealis,specular,256,256,256,9,COMPRESSED(DXT1/PVRTC/ETC1),2,False,41566
goliath-x-borealis_specular_512.atf,goliath-x-borealis,specular,512,512,512,10,COMPRESSED(DXT1/PVRTC/ETC1),2,False,147792
goliath-x-ocean_diffuse_128.atf,goliath-x-ocean,diffuse,128,128,128,8,COMPRESSED(DXT1/PVRTC/ETC1),2,False,11478
goliath-x-ocean_diffuse_256.atf,goliath-x-ocean,diffuse,256,256,256,9,COMPRESSED(DXT1/PVRTC/ETC1),2,False,34720
goliath-x-ocean_diffuse_512.atf,goliath-x-ocean,diffuse,512,512,512,10,COMPRESSED(DXT1/PVRTC/ETC1),2,False,112223
goliath-x-ocean_glow_128.atf,goliath-x-ocean,glow,128,128,128,8,COMPRESSED(DXT1/PVRTC/ETC1),2,False,2135
goliath-x-ocean_glow_256.atf,goliath-x-ocean,glow,256,256,256,9,COMPRESSED(DXT1/PVRTC/ETC1),2,False,2970
goliath-x-ocean_glow_512.atf,goliath-x-ocean,glow,512,512,512,10,COMPRESSED(DXT1/PVRTC/ETC1),2,False,4797
goliath-x-ocean_specular_128.atf,goliath-x-ocean,specular,128,128,128,8,COMPRESSED(DXT1/PVRTC/ETC1),2,False,12385
goliath-x-ocean_specular_256.atf,goliath-x-ocean,specular,256,256,256,9,COMPRESSED(DXT1/PVRTC/ETC1),2,False,41566
goliath-x-ocean_specular_512.atf,goliath-x-ocean,specular,512,512,512,10,COMPRESSED(DXT1/PVRTC/ETC1),2,False,147805
goliath-x-sandstorm_diffuse_128.atf,goliath-x-sandstorm,diffuse,128,128,128,8,COMPRESSED(DXT1/PVRTC/ETC1),2,False,10937
goliath-x-sandstorm_diffuse_256.atf,goliath-x-sandstorm,diffuse,256,256,256,9,COMPRESSED(DXT1/PVRTC/ETC1),2,False,33213
goliath-x-sandstorm_diffuse_512.atf,goliath-x-sandstorm,diffuse,512,512,512,10,COMPRESSED(DXT1/PVRTC/ETC1),2,False,107638
goliath-x-sandstorm_glow_128.atf,goliath-x-sandstorm,glow,128,128,128,8,COMPRESSED(DXT1/PVRTC/ETC1),2,False,2135
goliath-x-sandstorm_glow_256.atf,goliath-x-sandstorm,glow,256,256,256,9,COMPRESSED(DXT1/PVRTC/ETC1),2,False,2953
goliath-x-sandstorm_glow_512.atf,goliath-x-sandstorm,glow,512,512,512,10,COMPRESSED(DXT1/PVRTC/ETC1),2,False,4829
goliath-x-sandstorm_specular_128.atf,goliath-x-sandstorm,specular,128,128,128,8,COMPRESSED(DXT1/PVRTC/ETC1),2,False,12383
goliath-x-sandstorm_specular_256.atf,goliath-x-sandstorm,specular,256,256,256,9,COMPRESSED(DXT1/PVRTC/ETC1),2,False,41166
goliath-x-sandstorm_specular_512.atf,goliath-x-sandstorm,specular,512,512,512,10,COMPRESSED(DXT1/PVRTC/ETC1),2,False,144274
goliath-x_design_argon_diffuse_128.atf,goliath-x_design_argon,diffuse,128,128,128,8,COMPRESSED(DXT1/PVRTC/ETC1),2,False,11868
goliath-x_design_argon_diffuse_256.atf,goliath-x_design_argon,diffuse,256,256,256,9,COMPRESSED(DXT1/PVRTC/ETC1),2,False,30633
goliath-x_design_argon_diffuse_512.atf,goliath-x_design_argon,diffuse,512,512,512,10,COMPRESSED(DXT1/PVRTC/ETC1),2,False,78620
goliath-x_design_lava_diffuse_128.atf,goliath-x_design_lava,diffuse,128,128,128,8,COMPRESSED(DXT1/PVRTC/ETC1),2,False,8956
goliath-x_design_lava_diffuse_256.atf,goliath-x_design_lava,diffuse,256,256,256,9,COMPRESSED(DXT1/PVRTC/ETC1),2,False,22732
goliath-x_design_lava_diffuse_512.atf,goliath-x_design_lava,diffuse,512,512,512,10,COMPRESSED(DXT1/PVRTC/ETC1),2,False,61130
goliath-x_design_legend_diffuse_128.atf,goliath-x_design_legend,diffuse,128,128,128,8,COMPRESSED(DXT1/PVRTC/ETC1),2,False,12796
goliath-x_design_legend_diffuse_256.atf,goliath-x_design_legend,diffuse,256,256,256,9,COMPRESSED(DXT1/PVRTC/ETC1),2,False,42716
goliath-x_design_legend_diffuse_512.atf,goliath-x_design_legend,diffuse,512,512,512,10,COMPRESSED(DXT1/PVRTC/ETC1),2,False,148473
goliath-x_design_legend_glow_128.atf,goliath-x_design_legend,glow,128,128,128,8,COMPRESSED(DXT1/PVRTC/ETC1),2,False,10657
goliath-x_design_legend_glow_256.atf,goliath-x_design_legend,glow,256,256,256,9,COMPRESSED(DXT1/PVRTC/ETC1),2,False,34927
goliath-x_design_legend_glow_512.atf,goliath-x_design_legend,glow,512,512,512,10,COMPRESSED(DXT1/PVRTC/ETC1),2,False,117994
goliath-x_diffuse_128.atf,goliath-x,diffuse,128,128,128,8,COMPRESSED(DXT1/PVRTC/ETC1),2,False,9772
goliath-x_diffuse_256.atf,goliath-x,diffuse,256,256,256,9,COMPRESSED(DXT1/PVRTC/ETC1),2,False,30005
goliath-x_diffuse_512.atf,goliath-x,diffuse,512,512,512,10,COMPRESSED(DXT1/PVRTC/ETC1),2,False,98316
goliath-x_glow_128.atf,goliath-x,glow,128,128,128,8,COMPRESSED(DXT1/PVRTC/ETC1),2,False,2135
goliath-x_glow_256.atf,goliath-x,glow,256,256,256,9,COMPRESSED(DXT1/PVRTC/ETC1),2,False,2953
goliath-x_glow_512.atf,goliath-x,glow,512,512,512,10,COMPRESSED(DXT1/PVRTC/ETC1),2,False,4829
goliath-x_normal_128.atf,goliath-x,normal,128,128,128,8,COMPRESSED(DXT1/PVRTC/ETC1),2,False,11813
goliath-x_normal_256.atf,goliath-x,normal,256,256,256,9,COMPRESSED(DXT1/PVRTC/ETC1),2,False,38087
goliath-x_normal_512.atf,goliath-x,normal,512,512,512,10,COMPRESSED(DXT1/PVRTC/ETC1),2,False,131612
goliath-x_petdesign_argon_diffuse_128.atf,goliath-x_petdesign_argon,diffuse,128,128,128,8,COMPRESSED(DXT1/PVRTC/ETC1),2,False,12041
goliath-x_petdesign_argon_diffuse_256.atf,goliath-x_petdesign_argon,diffuse,256,256,256,9,COMPRESSED(DXT1/PVRTC/ETC1),2,False,36491
goliath-x_petdesign_argon_diffuse_512.atf,goliath-x_petdesign_argon,diffuse,512,512,512,10,COMPRESSED(DXT1/PVRTC/ETC1),2,False,120167
goliath-x_petdesign_lava_diffuse_128.atf,goliath-x_petdesign_lava,diffuse,128,128,128,8,COMPRESSED(DXT1/PVRTC/ETC1),2,False,10398
goliath-x_petdesign_lava_diffuse_256.atf,goliath-x_petdesign_lava,diffuse,256,256,256,9,COMPRESSED(DXT1/PVRTC/ETC1),2,False,32252
goliath-x_petdesign_lava_diffuse_512.atf,goliath-x_petdesign_lava,diffuse,512,512,512,10,COMPRESSED(DXT1/PVRTC/ETC1),2,False,108489
goliath-x_petdesign_legend_gold_diffuse_128.atf,goliath-x_petdesign_legend_gold,diffuse,128,128,128,8,COMPRESSED(DXT1/PVRTC/ETC1),2,False,12233
goliath-x_petdesign_legend_gold_diffuse_256.atf,goliath-x_petdesign_legend_gold,diffuse,256,256,256,9,COMPRESSED(DXT1/PVRTC/ETC1),2,False,39711
goliath-x_petdesign_legend_gold_diffuse_512.atf,goliath-x_petdesign_legend_gold,diffuse,512,512,512,10,COMPRESSED(DXT1/PVRTC/ETC1),2,False,138759
goliath-x_petdesign_legend_gold_glow_128.atf,goliath-x_petdesign_legend_gold,glow,128,128,128,8,COMPRESSED(DXT1/PVRTC/ETC1),2,False,11209
goliath-x_petdesign_legend_gold_glow_256.atf,goliath-x_petdesign_legend_gold,glow,256,256,256,9,COMPRESSED(DXT1/PVRTC/ETC1),2,False,36603
goliath-x_petdesign_legend_gold_glow_512.atf,goliath-x_petdesign_legend_gold,glow,512,512,512,10,COMPRESSED(DXT1/PVRTC/ETC1),2,False,124035
goliath-x_specular_128.atf,goliath-x,specular,128,128,128,8,COMPRESSED(DXT1/PVRTC/ETC1),2,False,12383
goliath-x_specular_256.atf,goliath-x,specular,256,256,256,9,COMPRESSED(DXT1/PVRTC/ETC1),2,False,41166
goliath-x_specular_512.atf,goliath-x,specular,512,512,512,10,COMPRESSED(DXT1/PVRTC/ETC1),2,False,144274
goliath_diffuse_128.atf,goliath,diffuse,128,128,128,8,COMPRESSED(DXT1/PVRTC/ETC1),2,False,10033
goliath_diffuse_256.atf,goliath,diffuse,256,256,256,9,COMPRESSED(DXT1/PVRTC/ETC1),2,False,32791
goliath_diffuse_512.atf,goliath,diffuse,512,512,512,10,COMPRESSED(DXT1/PVRTC/ETC1),2,False,114955
goliath_glow_128.atf,goliath,glow,128,128,128,8,COMPRESSED(DXT1/PVRTC/ETC1),2,False,2325
goliath_glow_256.atf,goliath,glow,256,256,256,9,COMPRESSED(DXT1/PVRTC/ETC1),2,False,3600
goliath_glow_512.atf,goliath,glow,512,512,512,10,COMPRESSED(DXT1/PVRTC/ETC1),2,False,5549
goliath_normal_128.atf,goliath,normal,128,128,128,8,COMPRESSED(DXT1/PVRTC/ETC1),2,False,11339
goliath_normal_256.atf,goliath,normal,256,256,256,9,COMPRESSED(DXT1/PVRTC/ETC1),2,False,36365
goliath_normal_512.atf,goliath,normal,512,512,512,10,COMPRESSED(DXT1/PVRTC/ETC1),2,False,120529
goliath_specular_128.atf,goliath,specular,128,128,128,8,COMPRESSED(DXT1/PVRTC/ETC1),2,False,9004
goliath_specular_256.atf,goliath,specular,256,256,256,9,COMPRESSED(DXT1/PVRTC/ETC1),2,False,28966
goliath_specular_512.atf,goliath,specular,512,512,512,10,COMPRESSED(DXT1/PVRTC/ETC1),2,False,101747
hammerclaw-lava_diffuse_128.atf,hammerclaw-lava,diffuse,128,128,128,8,COMPRESSED(DXT1/PVRTC/ETC1),2,False,10752
hammerclaw-lava_diffuse_256.atf,hammerclaw-lava,diffuse,256,256,256,9,COMPRESSED(DXT1/PVRTC/ETC1),2,False,34235
hammerclaw-lava_diffuse_512.atf,hammerclaw-lava,diffuse,512,512,512,10,COMPRESSED(DXT1/PVRTC/ETC1),2,False,116799
hammerclaw-lava_glow_128.atf,hammerclaw-lava,glow,128,128,128,8,COMPRESSED(DXT1/PVRTC/ETC1),2,False,4375
hammerclaw-lava_glow_256.atf,hammerclaw-lava,glow,256,256,256,9,COMPRESSED(DXT1/PVRTC/ETC1),2,False,8246
hammerclaw-lava_glow_512.atf,hammerclaw-lava,glow,512,512,512,10,COMPRESSED(DXT1/PVRTC/ETC1),2,False,17314
hammerclaw_diffuse_128.atf,hammerclaw,diffuse,128,128,128,8,COMPRESSED(DXT1/PVRTC/ETC1),2,False,11796
hammerclaw_diffuse_256.atf,hammerclaw,diffuse,256,256,256,9,COMPRESSED(DXT1/PVRTC/ETC1),2,False,37736
hammerclaw_diffuse_512.atf,hammerclaw,diffuse,512,512,512,10,COMPRESSED(DXT1/PVRTC/ETC1),2,False,129443
hammerclaw_drone_diffuse_128.atf,hammerclaw_drone,diffuse,128,128,128,8,COMPRESSED(DXT1/PVRTC/ETC1),2,False,11591
hammerclaw_drone_diffuse_256.atf,hammerclaw_drone,diffuse,256,256,256,9,COMPRESSED(DXT1/PVRTC/ETC1),2,False,36074
hammerclaw_drone_diffuse_512.atf,hammerclaw_drone,diffuse,512,512,512,10,COMPRESSED(DXT1/PVRTC/ETC1),2,False,122619
hammerclaw_drone_glow_128.atf,hammerclaw_drone,glow,128,128,128,8,COMPRESSED(DXT1/PVRTC/ETC1),2,False,3924
hammerclaw_drone_glow_256.atf,hammerclaw_drone,glow,256,256,256,9,COMPRESSED(DXT1/PVRTC/ETC1),2,False,7031
hammerclaw_drone_glow_512.atf,hammerclaw_drone,glow,512,512,512,10,COMPRESSED(DXT1/PVRTC/ETC1),2,False,14119
hammerclaw_drone_lava_diffuse_128.atf,hammerclaw_drone_lava,diffuse,128,128,128,8,COMPRESSED(DXT1/PVRTC/ETC1),2,False,10178
hammerclaw_drone_lava_diffuse_256.atf,hammerclaw_drone_lava,diffuse,256,256,256,9,COMPRESSED(DXT1/PVRTC/ETC1),2,False,32629
hammerclaw_drone_lava_diffuse_512.atf,hammerclaw_drone_lava,diffuse,512,512,512,10,COMPRESSED(DXT1/PVRTC/ETC1),2,False,112365
hammerclaw_drone_lava_glow_128.atf,hammerclaw_drone_lava,glow,128,128,128,8,COMPRESSED(DXT1/PVRTC/ETC1),2,False,4942
hammerclaw_drone_lava_glow_256.atf,hammerclaw_drone_lava,glow,256,256,256,9,COMPRESSED(DXT1/PVRTC/ETC1),2,False,9088
hammerclaw_drone_lava_glow_512.atf,hammerclaw_drone_lava,glow,512,512,512,10,COMPRESSED(DXT1/PVRTC/ETC1),2,False,18088
hammerclaw_drone_lava_normal_128.atf,hammerclaw_drone_lava,normal,128,128,128,8,COMPRESSED(DXT1/PVRTC/ETC1),2,False,9523
hammerclaw_drone_lava_normal_256.atf,hammerclaw_drone_lava,normal,256,256,256,9,COMPRESSED(DXT1/PVRTC/ETC1),2,False,29778
hammerclaw_drone_lava_normal_512.atf,hammerclaw_drone_lava,normal,512,512,512,10,COMPRESSED(DXT1/PVRTC/ETC1),2,False,99330
hammerclaw_drone_lava_specular_128.atf,hammerclaw_drone_lava,specular,128,128,128,8,COMPRESSED(DXT1/PVRTC/ETC1),2,False,9777
hammerclaw_drone_lava_specular_256.atf,hammerclaw_drone_lava,specular,256,256,256,9,COMPRESSED(DXT1/PVRTC/ETC1),2,False,30781
hammerclaw_drone_lava_specular_512.atf,hammerclaw_drone_lava,specular,512,512,512,10,COMPRESSED(DXT1/PVRTC/ETC1),2,False,102115
hammerclaw_drone_normal_128.atf,hammerclaw_drone,normal,128,128,128,8,COMPRESSED(DXT1/PVRTC/ETC1),2,False,8342
hammerclaw_drone_normal_256.atf,hammerclaw_drone,normal,256,256,256,9,COMPRESSED(DXT1/PVRTC/ETC1),2,False,24022
hammerclaw_drone_normal_512.atf,hammerclaw_drone,normal,512,512,512,10,COMPRESSED(DXT1/PVRTC/ETC1),2,False,74461
hammerclaw_drone_specular_128.atf,hammerclaw_drone,specular,128,128,128,8,COMPRESSED(DXT1/PVRTC/ETC1),2,False,9936
hammerclaw_drone_specular_256.atf,hammerclaw_drone,specular,256,256,256,9,COMPRESSED(DXT1/PVRTC/ETC1),2,False,30973
hammerclaw_drone_specular_512.atf,hammerclaw_drone,specular,512,512,512,10,COMPRESSED(DXT1/PVRTC/ETC1),2,False,103391
hammerclaw_glow_128.atf,hammerclaw,glow,128,128,128,8,COMPRESSED(DXT1/PVRTC/ETC1),2,False,4193
hammerclaw_glow_256.atf,hammerclaw,glow,256,256,256,9,COMPRESSED(DXT1/PVRTC/ETC1),2,False,7508
hammerclaw_glow_512.atf,hammerclaw,glow,512,512,512,10,COMPRESSED(DXT1/PVRTC/ETC1),2,False,15868
hammerclaw_normal_128.atf,hammerclaw,normal,128,128,128,8,COMPRESSED(DXT1/PVRTC/ETC1),2,False,10160
hammerclaw_normal_256.atf,hammerclaw,normal,256,256,256,9,COMPRESSED(DXT1/PVRTC/ETC1),2,False,31601
hammerclaw_normal_512.atf,hammerclaw,normal,512,512,512,10,COMPRESSED(DXT1/PVRTC/ETC1),2,False,106500
hammerclaw_specular_128.atf,hammerclaw,specular,128,128,128,8,COMPRESSED(DXT1/PVRTC/ETC1),2,False,10702
hammerclaw_specular_256.atf,hammerclaw,specular,256,256,256,9,COMPRESSED(DXT1/PVRTC/ETC1),2,False,34673
hammerclaw_specular_512.atf,hammerclaw,specular,512,512,512,10,COMPRESSED(DXT1/PVRTC/ETC1),2,False,120642
hitac_diffuse_128.atf,hitac,diffuse,128,128,128,8,COMPRESSED(DXT1/PVRTC/ETC1),2,False,9837
hitac_diffuse_256.atf,hitac,diffuse,256,256,256,9,COMPRESSED(DXT1/PVRTC/ETC1),2,False,31725
hitac_diffuse_512.atf,hitac,diffuse,512,512,512,10,COMPRESSED(DXT1/PVRTC/ETC1),2,False,108349
hitac_glow_128.atf,hitac,glow,128,128,128,8,COMPRESSED_ALPHA(DXT5),4,False,8533
hitac_glow_256.atf,hitac,glow,256,256,256,9,COMPRESSED_ALPHA(DXT5),4,False,19927
hitac_glow_512.atf,hitac,glow,512,512,512,10,COMPRESSED_ALPHA(DXT5),4,False,51443
hitac_infected_diffuse_128.atf,hitac_infected,diffuse,128,128,128,8,COMPRESSED(DXT1/PVRTC/ETC1),2,False,9545
hitac_infected_diffuse_256.atf,hitac_infected,diffuse,256,256,256,9,COMPRESSED(DXT1/PVRTC/ETC1),2,False,30357
hitac_infected_diffuse_512.atf,hitac_infected,diffuse,512,512,512,10,COMPRESSED(DXT1/PVRTC/ETC1),2,False,102732
hitac_infected_glow_128.atf,hitac_infected,glow,128,128,128,8,COMPRESSED(DXT1/PVRTC/ETC1),2,False,7009
hitac_infected_glow_256.atf,hitac_infected,glow,256,256,256,9,COMPRESSED(DXT1/PVRTC/ETC1),2,False,18149
hitac_infected_glow_512.atf,hitac_infected,glow,512,512,512,10,COMPRESSED(DXT1/PVRTC/ETC1),2,False,48596
hitac_normal_128.atf,hitac,normal,128,128,128,8,COMPRESSED_ALPHA(DXT5),4,False,12504
hitac_normal_256.atf,hitac,normal,256,256,256,9,COMPRESSED_ALPHA(DXT5),4,False,38179
hitac_normal_512.atf,hitac,normal,512,512,512,10,COMPRESSED_ALPHA(DXT5),4,False,125839
hitac_specular_128.atf,hitac,specular,128,128,128,8,COMPRESSED_ALPHA(DXT5),4,False,12411
hitac_specular_256.atf,hitac,specular,256,256,256,9,COMPRESSED_ALPHA(DXT5),4,False,38093
hitac_specular_512.atf,hitac,specular,512,512,512,10,COMPRESSED_ALPHA(DXT5),4,False,130731
hooligan_diffuse_128.atf,hooligan,diffuse,128,128,128,8,COMPRESSED(DXT1/PVRTC/ETC1),2,False,11754
hooligan_diffuse_256.atf,hooligan,diffuse,256,256,256,9,COMPRESSED(DXT1/PVRTC/ETC1),2,False,38879
hooligan_diffuse_512.atf,hooligan,diffuse,512,512,512,10,COMPRESSED(DXT1/PVRTC/ETC1),2,False,137693
hooligan_glow_128.atf,hooligan,glow,128,128,128,8,COMPRESSED(DXT1/PVRTC/ETC1),2,False,3048
hooligan_glow_256.atf,hooligan,glow,256,256,256,9,COMPRESSED(DXT1/PVRTC/ETC1),2,False,4952
hooligan_glow_512.atf,hooligan,glow,512,512,512,10,COMPRESSED(DXT1/PVRTC/ETC1),2,False,9211
hooligan_normal_128.atf,hooligan,normal,128,128,128,8,COMPRESSED(DXT1/PVRTC/ETC1),2,False,12333
hooligan_normal_256.atf,hooligan,normal,256,256,256,9,COMPRESSED(DXT1/PVRTC/ETC1),2,False,40783
hooligan_normal_512.atf,hooligan,normal,512,512,512,10,COMPRESSED(DXT1/PVRTC/ETC1),2,False,140669
hooligan_specular_128.atf,hooligan,specular,128,128,128,8,COMPRESSED(DXT1/PVRTC/ETC1),2,False,10292
hooligan_specular_256.atf,hooligan,specular,256,256,256,9,COMPRESSED(DXT1/PVRTC/ETC1),2,False,34779
hooligan_specular_512.atf,hooligan,specular,512,512,512,10,COMPRESSED(DXT1/PVRTC/ETC1),2,False,129443
i-oil_diffuse_128.atf,i-oil,diffuse,128,128,128,8,COMPRESSED(DXT1/PVRTC/ETC1),2,False,7937
i-oil_diffuse_256.atf,i-oil,diffuse,256,256,256,9,COMPRESSED(DXT1/PVRTC/ETC1),2,False,24062
i-oil_diffuse_512.atf,i-oil,diffuse,512,512,512,10,COMPRESSED(DXT1/PVRTC/ETC1),2,False,80663
i-oil_glow_128.atf,i-oil,glow,128,128,128,8,COMPRESSED(DXT1/PVRTC/ETC1),2,False,9253
i-oil_glow_256.atf,i-oil,glow,256,256,256,9,COMPRESSED(DXT1/PVRTC/ETC1),2,False,24754
i-oil_glow_512.atf,i-oil,glow,512,512,512,10,COMPRESSED(DXT1/PVRTC/ETC1),2,False,68941
i-oil_normal_128.atf,i-oil,normal,128,128,128,8,COMPRESSED(DXT1/PVRTC/ETC1),2,False,4809
i-oil_normal_256.atf,i-oil,normal,256,256,256,9,COMPRESSED(DXT1/PVRTC/ETC1),2,False,11022
i-oil_normal_512.atf,i-oil,normal,512,512,512,10,COMPRESSED(DXT1/PVRTC/ETC1),2,False,28384
i-oil_specular_128.atf,i-oil,specular,128,128,128,8,COMPRESSED(DXT1/PVRTC/ETC1),2,False,2482
i-oil_specular_256.atf,i-oil,specular,256,256,256,9,COMPRESSED(DXT1/PVRTC/ETC1),2,False,4135
i-oil_specular_512.atf,i-oil,specular,512,512,512,10,COMPRESSED(DXT1/PVRTC/ETC1),2,False,8397
ice-meteoroid-boss_diffuse_128.atf,ice-meteoroid-boss,diffuse,128,128,128,8,COMPRESSED(DXT1/PVRTC/ETC1),2,False,12088
ice-meteoroid-boss_diffuse_256.atf,ice-meteoroid-boss,diffuse,256,256,256,9,COMPRESSED(DXT1/PVRTC/ETC1),2,False,39742
ice-meteoroid-boss_diffuse_512.atf,ice-meteoroid-boss,diffuse,512,512,512,10,COMPRESSED(DXT1/PVRTC/ETC1),2,False,141072
ice-meteoroid-boss_glow_128.atf,ice-meteoroid-boss,glow,128,128,128,8,COMPRESSED(DXT1/PVRTC/ETC1),2,False,10296
ice-meteoroid-boss_glow_256.atf,ice-meteoroid-boss,glow,256,256,256,9,COMPRESSED(DXT1/PVRTC/ETC1),2,False,29676
ice-meteoroid-boss_glow_512.atf,ice-meteoroid-boss,glow,512,512,512,10,COMPRESSED(DXT1/PVRTC/ETC1),2,False,92151
ice-meteoroid-boss_normal_128.atf,ice-meteoroid-boss,normal,128,128,128,8,COMPRESSED(DXT1/PVRTC/ETC1),2,False,12287
ice-meteoroid-boss_normal_256.atf,ice-meteoroid-boss,normal,256,256,256,9,COMPRESSED(DXT1/PVRTC/ETC1),2,False,41496
ice-meteoroid-boss_normal_512.atf,ice-meteoroid-boss,normal,512,512,512,10,COMPRESSED(DXT1/PVRTC/ETC1),2,False,146795
ice-meteoroid-boss_specular_128.atf,ice-meteoroid-boss,specular,128,128,128,8,COMPRESSED(DXT1/PVRTC/ETC1),2,False,9477
ice-meteoroid-boss_specular_256.atf,ice-meteoroid-boss,specular,256,256,256,9,COMPRESSED(DXT1/PVRTC/ETC1),2,False,30896
ice-meteoroid-boss_specular_512.atf,ice-meteoroid-boss,specular,512,512,512,10,COMPRESSED(DXT1/PVRTC/ETC1),2,False,108680
ice-meteoroid-mega-boss_diffuse_128.atf,ice-meteoroid-mega-boss,diffuse,128,128,128,8,COMPRESSED(DXT1/PVRTC/ETC1),2,False,12977
ice-meteoroid-mega-boss_diffuse_256.atf,ice-meteoroid-mega-boss,diffuse,256,256,256,9,COMPRESSED(DXT1/PVRTC/ETC1),2,False,44084
ice-meteoroid-mega-boss_diffuse_512.atf,ice-meteoroid-mega-boss,diffuse,512,512,512,10,COMPRESSED(DXT1/PVRTC/ETC1),2,False,157347
ice-meteoroid-mega-boss_glow_128.atf,ice-meteoroid-mega-boss,glow,128,128,128,8,COMPRESSED(DXT1/PVRTC/ETC1),2,False,8515
ice-meteoroid-mega-boss_glow_256.atf,ice-meteoroid-mega-boss,glow,256,256,256,9,COMPRESSED(DXT1/PVRTC/ETC1),2,False,22998
ice-meteoroid-mega-boss_glow_512.atf,ice-meteoroid-mega-boss,glow,512,512,512,10,COMPRESSED(DXT1/PVRTC/ETC1),2,False,68207
ice-meteoroid-mega-boss_normal_128.atf,ice-meteoroid-mega-boss,normal,128,128,128,8,COMPRESSED(DXT1/PVRTC/ETC1),2,False,13444
ice-meteoroid-mega-boss_normal_256.atf,ice-meteoroid-mega-boss,normal,256,256,256,9,COMPRESSED(DXT1/PVRTC/ETC1),2,False,45831
ice-meteoroid-mega-boss_normal_512.atf,ice-meteoroid-mega-boss,normal,512,512,512,10,COMPRESSED(DXT1/PVRTC/ETC1),2,False,163496
ice-meteoroid-mega-boss_specular_128.atf,ice-meteoroid-mega-boss,specular,128,128,128,8,COMPRESSED(DXT1/PVRTC/ETC1),2,False,9458
ice-meteoroid-mega-boss_specular_256.atf,ice-meteoroid-mega-boss,specular,256,256,256,9,COMPRESSED(DXT1/PVRTC/ETC1),2,False,29627
ice-meteoroid-mega-boss_specular_512.atf,ice-meteoroid-mega-boss,specular,512,512,512,10,COMPRESSED(DXT1/PVRTC/ETC1),2,False,100387
ice-meteoroid_diffuse_128.atf,ice-meteoroid,diffuse,128,128,128,8,COMPRESSED(DXT1/PVRTC/ETC1),2,False,11830
ice-meteoroid_diffuse_256.atf,ice-meteoroid,diffuse,256,256,256,9,COMPRESSED(DXT1/PVRTC/ETC1),2,False,41096
ice-meteoroid_diffuse_512.atf,ice-meteoroid,diffuse,512,512,512,10,COMPRESSED(DXT1/PVRTC/ETC1),2,False,155322
ice-meteoroid_glow_128.atf,ice-meteoroid,glow,128,128,128,8,COMPRESSED(DXT1/PVRTC/ETC1),2,False,7831
ice-meteoroid_glow_256.atf,ice-meteoroid,glow,256,256,256,9,COMPRESSED(DXT1/PVRTC/ETC1),2,False,20356
ice-meteoroid_glow_512.atf,ice-meteoroid,glow,512,512,512,10,COMPRESSED(DXT1/PVRTC/ETC1),2,False,58388
ice-meteoroid_normal_128.atf,ice-meteoroid,normal,128,128,128,8,COMPRESSED(DXT1/PVRTC/ETC1),2,False,12331
ice-meteoroid_normal_256.atf,ice-meteoroid,normal,256,256,256,9,COMPRESSED(DXT1/PVRTC/ETC1),2,False,41827
ice-meteoroid_normal_512.atf,ice-meteoroid,normal,512,512,512,10,COMPRESSED(DXT1/PVRTC/ETC1),2,False,152085
ice-meteoroid_specular_128.atf,ice-meteoroid,specular,128,128,128,8,COMPRESSED(DXT1/PVRTC/ETC1),2,False,9453
ice-meteoroid_specular_256.atf,ice-meteoroid,specular,256,256,256,9,COMPRESSED(DXT1/PVRTC/ETC1),2,False,31839
ice-meteoroid_specular_512.atf,ice-meteoroid,specular,512,512,512,10,COMPRESSED(DXT1/PVRTC/ETC1),2,False,118657
iceberg-normal_512.atf,iceberg-normal,?,512,512,512,10,COMPRESSED(DXT1/PVRTC/ETC1),2,False,96155
iceberg_diffuse_128.atf,iceberg,diffuse,128,128,128,8,COMPRESSED(DXT1/PVRTC/ETC1),2,False,10254
iceberg_diffuse_256.atf,iceberg,diffuse,256,256,256,9,COMPRESSED(DXT1/PVRTC/ETC1),2,False,31597
iceberg_diffuse_512.atf,iceberg,diffuse,512,512,512,10,COMPRESSED(DXT1/PVRTC/ETC1),2,False,107481
iceberg_normal_128.atf,iceberg,normal,128,128,128,8,COMPRESSED(DXT1/PVRTC/ETC1),2,False,8054
iceberg_normal_256.atf,iceberg,normal,256,256,256,9,COMPRESSED(DXT1/PVRTC/ETC1),2,False,26306
iceberg_specular_128.atf,iceberg,specular,128,128,128,8,COMPRESSED(DXT1/PVRTC/ETC1),2,False,9019
iceberg_specular_256.atf,iceberg,specular,256,256,256,9,COMPRESSED(DXT1/PVRTC/ETC1),2,False,27386
iceberg_specular_512.atf,iceberg,specular,512,512,512,10,COMPRESSED(DXT1/PVRTC/ETC1),2,False,91741
icecube_diffuse_128.atf,icecube,diffuse,128,128,128,8,COMPRESSED_ALPHA(DXT5),4,False,20445
icecube_diffuse_256.atf,icecube,diffuse,256,256,256,9,COMPRESSED_ALPHA(DXT5),4,False,66938
icecube_diffuse_512.atf,icecube,diffuse,512,512,512,10,COMPRESSED_ALPHA(DXT5),4,False,232994
icecube_glow_128.atf,icecube,glow,128,128,128,8,COMPRESSED(DXT1/PVRTC/ETC1),2,False,11698
icecube_glow_256.atf,icecube,glow,256,256,256,9,COMPRESSED(DXT1/PVRTC/ETC1),2,False,37814
icecube_glow_512.atf,icecube,glow,512,512,512,10,COMPRESSED(DXT1/PVRTC/ETC1),2,False,130004
icecube_normal_128.atf,icecube,normal,128,128,128,8,COMPRESSED(DXT1/PVRTC/ETC1),2,False,9278
icecube_normal_256.atf,icecube,normal,256,256,256,9,COMPRESSED(DXT1/PVRTC/ETC1),2,False,26808
icecube_normal_512.atf,icecube,normal,512,512,512,10,COMPRESSED(DXT1/PVRTC/ETC1),2,False,82062
icecube_specular_128.atf,icecube,specular,128,128,128,8,COMPRESSED(DXT1/PVRTC/ETC1),2,False,10023
icecube_specular_256.atf,icecube,specular,256,256,256,9,COMPRESSED(DXT1/PVRTC/ETC1),2,False,30777
icecube_specular_512.atf,icecube,specular,512,512,512,10,COMPRESSED(DXT1/PVRTC/ETC1),2,False,100995
icy_diffuse_128.atf,icy,diffuse,128,128,128,8,COMPRESSED(DXT1/PVRTC/ETC1),2,False,12198
icy_diffuse_256.atf,icy,diffuse,256,256,256,9,COMPRESSED(DXT1/PVRTC/ETC1),2,False,41211
icy_diffuse_512.atf,icy,diffuse,512,512,512,10,COMPRESSED(DXT1/PVRTC/ETC1),2,False,151929
icy_glow_128.atf,icy,glow,128,128,128,8,COMPRESSED(DXT1/PVRTC/ETC1),2,False,9240
icy_glow_256.atf,icy,glow,256,256,256,9,COMPRESSED(DXT1/PVRTC/ETC1),2,False,25241
icy_glow_512.atf,icy,glow,512,512,512,10,COMPRESSED(DXT1/PVRTC/ETC1),2,False,74267
icy_normal_128.atf,icy,normal,128,128,128,8,COMPRESSED(DXT1/PVRTC/ETC1),2,False,12369
icy_normal_256.atf,icy,normal,256,256,256,9,COMPRESSED(DXT1/PVRTC/ETC1),2,False,41813
icy_normal_512.atf,icy,normal,512,512,512,10,COMPRESSED(DXT1/PVRTC/ETC1),2,False,149234
icy_specular_128.atf,icy,specular,128,128,128,8,COMPRESSED(DXT1/PVRTC/ETC1),2,False,9675
icy_specular_256.atf,icy,specular,256,256,256,9,COMPRESSED(DXT1/PVRTC/ETC1),2,False,31576
icy_specular_512.atf,icy,specular,512,512,512,10,COMPRESSED(DXT1/PVRTC/ETC1),2,False,112029
infernal_diffuse_128.atf,infernal,diffuse,128,128,128,8,COMPRESSED(DXT1/PVRTC/ETC1),2,False,12268
infernal_diffuse_256.atf,infernal,diffuse,256,256,256,9,COMPRESSED(DXT1/PVRTC/ETC1),2,False,40009
infernal_diffuse_512.atf,infernal,diffuse,512,512,512,10,COMPRESSED(DXT1/PVRTC/ETC1),2,False,140188
infernal_glow_128.atf,infernal,glow,128,128,128,8,COMPRESSED(DXT1/PVRTC/ETC1),2,False,8212
infernal_glow_256.atf,infernal,glow,256,256,256,9,COMPRESSED(DXT1/PVRTC/ETC1),2,False,19730
infernal_glow_512.atf,infernal,glow,512,512,512,10,COMPRESSED(DXT1/PVRTC/ETC1),2,False,49377
infernal_normal_128.atf,infernal,normal,128,128,128,8,COMPRESSED(DXT1/PVRTC/ETC1),2,False,12116
infernal_normal_256.atf,infernal,normal,256,256,256,9,COMPRESSED(DXT1/PVRTC/ETC1),2,False,39645
infernal_normal_512.atf,infernal,normal,512,512,512,10,COMPRESSED(DXT1/PVRTC/ETC1),2,False,136340
infernal_specular_128.atf,infernal,specular,128,128,128,8,COMPRESSED(DXT1/PVRTC/ETC1),2,False,9405
infernal_specular_256.atf,infernal,specular,256,256,256,9,COMPRESSED(DXT1/PVRTC/ETC1),2,False,31199
infernal_specular_512.atf,infernal,specular,512,512,512,10,COMPRESSED(DXT1/PVRTC/ETC1),2,False,113664
inferno-drone_diffuse_128.atf,inferno-drone,diffuse,128,128,128,8,COMPRESSED(DXT1/PVRTC/ETC1),2,False,11566
inferno-drone_diffuse_256.atf,inferno-drone,diffuse,256,256,256,9,COMPRESSED(DXT1/PVRTC/ETC1),2,False,35751
inferno-drone_diffuse_512.atf,inferno-drone,diffuse,512,512,512,10,COMPRESSED(DXT1/PVRTC/ETC1),2,False,116518
interceptor_diffuse_128.atf,interceptor,diffuse,128,128,128,8,COMPRESSED(DXT1/PVRTC/ETC1),2,False,11369
interceptor_diffuse_256.atf,interceptor,diffuse,256,256,256,9,COMPRESSED(DXT1/PVRTC/ETC1),2,False,36600
interceptor_diffuse_512.atf,interceptor,diffuse,512,512,512,10,COMPRESSED(DXT1/PVRTC/ETC1),2,False,128606
interceptor_glow_128.atf,interceptor,glow,128,128,128,8,COMPRESSED(DXT1/PVRTC/ETC1),2,False,4984
interceptor_glow_256.atf,interceptor,glow,256,256,256,9,COMPRESSED(DXT1/PVRTC/ETC1),2,False,9862
interceptor_glow_512.atf,interceptor,glow,512,512,512,10,COMPRESSED(DXT1/PVRTC/ETC1),2,False,20204
interceptor_normal_128.atf,interceptor,normal,128,128,128,8,COMPRESSED(DXT1/PVRTC/ETC1),2,False,11132
interceptor_normal_256.atf,interceptor,normal,256,256,256,9,COMPRESSED(DXT1/PVRTC/ETC1),2,False,34881
interceptor_normal_512.atf,interceptor,normal,512,512,512,10,COMPRESSED(DXT1/PVRTC/ETC1),2,False,113965
interceptor_specular_128.atf,interceptor,specular,128,128,128,8,COMPRESSED(DXT1/PVRTC/ETC1),2,False,9674
interceptor_specular_256.atf,interceptor,specular,256,256,256,9,COMPRESSED(DXT1/PVRTC/ETC1),2,False,30731
interceptor_specular_512.atf,interceptor,specular,512,512,512,10,COMPRESSED(DXT1/PVRTC/ETC1),2,False,105480
jumpgate-crushed_diffuse_128.atf,jumpgate-crushed,diffuse,128,128,128,8,COMPRESSED(DXT1/PVRTC/ETC1),2,False,9890
jumpgate-crushed_diffuse_256.atf,jumpgate-crushed,diffuse,256,256,256,9,COMPRESSED(DXT1/PVRTC/ETC1),2,False,32701
jumpgate-crushed_diffuse_512.atf,jumpgate-crushed,diffuse,512,512,512,10,COMPRESSED(DXT1/PVRTC/ETC1),2,False,118437
jumpgate-crushed_normal_128.atf,jumpgate-crushed,normal,128,128,128,8,COMPRESSED(DXT1/PVRTC/ETC1),2,False,11668
jumpgate-crushed_normal_256.atf,jumpgate-crushed,normal,256,256,256,9,COMPRESSED(DXT1/PVRTC/ETC1),2,False,37645
jumpgate-crushed_normal_512.atf,jumpgate-crushed,normal,512,512,512,10,COMPRESSED(DXT1/PVRTC/ETC1),2,False,130083
jumpgate-crushed_specular_128.atf,jumpgate-crushed,specular,128,128,128,8,COMPRESSED(DXT1/PVRTC/ETC1),2,False,10059
jumpgate-crushed_specular_256.atf,jumpgate-crushed,specular,256,256,256,9,COMPRESSED(DXT1/PVRTC/ETC1),2,False,32272
jumpgate-crushed_specular_512.atf,jumpgate-crushed,specular,512,512,512,10,COMPRESSED(DXT1/PVRTC/ETC1),2,False,111347
jumpgate-pirate_diffuse_128.atf,jumpgate-pirate,diffuse,128,128,128,8,COMPRESSED(DXT1/PVRTC/ETC1),2,False,11079
jumpgate-pirate_diffuse_256.atf,jumpgate-pirate,diffuse,256,256,256,9,COMPRESSED(DXT1/PVRTC/ETC1),2,False,36950
jumpgate-pirate_diffuse_512.atf,jumpgate-pirate,diffuse,512,512,512,10,COMPRESSED(DXT1/PVRTC/ETC1),2,False,133876
jumpgate-pirate_glow_128.atf,jumpgate-pirate,glow,128,128,128,8,COMPRESSED(DXT1/PVRTC/ETC1),2,False,3726
jumpgate-pirate_glow_256.atf,jumpgate-pirate,glow,256,256,256,9,COMPRESSED(DXT1/PVRTC/ETC1),2,False,7595
jumpgate-pirate_glow_512.atf,jumpgate-pirate,glow,512,512,512,10,COMPRESSED(DXT1/PVRTC/ETC1),2,False,16297
jumpgate-pirate_normal_128.atf,jumpgate-pirate,normal,128,128,128,8,COMPRESSED(DXT1/PVRTC/ETC1),2,False,11668
jumpgate-pirate_normal_256.atf,jumpgate-pirate,normal,256,256,256,9,COMPRESSED(DXT1/PVRTC/ETC1),2,False,37645
jumpgate-pirate_normal_512.atf,jumpgate-pirate,normal,512,512,512,10,COMPRESSED(DXT1/PVRTC/ETC1),2,False,130083
jumpgate-pirate_specular_128.atf,jumpgate-pirate,specular,128,128,128,8,COMPRESSED(DXT1/PVRTC/ETC1),2,False,9856
jumpgate-pirate_specular_256.atf,jumpgate-pirate,specular,256,256,256,9,COMPRESSED(DXT1/PVRTC/ETC1),2,False,31859
jumpgate-pirate_specular_512.atf,jumpgate-pirate,specular,512,512,512,10,COMPRESSED(DXT1/PVRTC/ETC1),2,False,109168
jumpgate-regular_diffuse_128.atf,jumpgate-regular,diffuse,128,128,128,8,COMPRESSED(DXT1/PVRTC/ETC1),2,False,10921
jumpgate-regular_diffuse_256.atf,jumpgate-regular,diffuse,256,256,256,9,COMPRESSED(DXT1/PVRTC/ETC1),2,False,35512
jumpgate-regular_diffuse_512.atf,jumpgate-regular,diffuse,512,512,512,10,COMPRESSED(DXT1/PVRTC/ETC1),2,False,124806
jumpgate-regular_glow_128.atf,jumpgate-regular,glow,128,128,128,8,COMPRESSED(DXT1/PVRTC/ETC1),2,False,8031
jumpgate-regular_glow_256.atf,jumpgate-regular,glow,256,256,256,9,COMPRESSED(DXT1/PVRTC/ETC1),2,False,22685
jumpgate-regular_glow_512.atf,jumpgate-regular,glow,512,512,512,10,COMPRESSED(DXT1/PVRTC/ETC1),2,False,68226
jumpgate-regular_normal_128.atf,jumpgate-regular,normal,128,128,128,8,COMPRESSED(DXT1/PVRTC/ETC1),2,False,11148
jumpgate-regular_normal_256.atf,jumpgate-regular,normal,256,256,256,9,COMPRESSED(DXT1/PVRTC/ETC1),2,False,36688
jumpgate-regular_normal_512.atf,jumpgate-regular,normal,512,512,512,10,COMPRESSED(DXT1/PVRTC/ETC1),2,False,125766
jumpgate-regular_specular_128.atf,jumpgate-regular,specular,128,128,128,8,COMPRESSED(DXT1/PVRTC/ETC1),2,False,10648
jumpgate-regular_specular_256.atf,jumpgate-regular,specular,256,256,256,9,COMPRESSED(DXT1/PVRTC/ETC1),2,False,33986
jumpgate-regular_specular_512.atf,jumpgate-regular,specular,512,512,512,10,COMPRESSED(DXT1/PVRTC/ETC1),2,False,116854
kristallin-boss_diffuse_128.atf,kristallin-boss,diffuse,128,128,128,8,COMPRESSED(DXT1/PVRTC/ETC1),2,False,9874
kristallin-boss_diffuse_256.atf,kristallin-boss,diffuse,256,256,256,9,COMPRESSED(DXT1/PVRTC/ETC1),2,False,32498
kristallin-boss_diffuse_512.atf,kristallin-boss,diffuse,512,512,512,10,COMPRESSED(DXT1/PVRTC/ETC1),2,False,115070
kristallin-boss_glow_128.atf,kristallin-boss,glow,128,128,128,8,COMPRESSED(DXT1/PVRTC/ETC1),2,False,11435
kristallin-boss_glow_256.atf,kristallin-boss,glow,256,256,256,9,COMPRESSED(DXT1/PVRTC/ETC1),2,False,38691
kristallin-boss_glow_512.atf,kristallin-boss,glow,512,512,512,10,COMPRESSED(DXT1/PVRTC/ETC1),2,False,139602
kristallin-boss_normal_128.atf,kristallin-boss,normal,128,128,128,8,COMPRESSED(DXT1/PVRTC/ETC1),2,False,11073
kristallin-boss_normal_256.atf,kristallin-boss,normal,256,256,256,9,COMPRESSED(DXT1/PVRTC/ETC1),2,False,39712
kristallin-boss_normal_512.atf,kristallin-boss,normal,512,512,512,10,COMPRESSED(DXT1/PVRTC/ETC1),2,False,152040
kristallin-boss_specular_128.atf,kristallin-boss,specular,128,128,128,8,COMPRESSED(DXT1/PVRTC/ETC1),2,False,12107
kristallin-boss_specular_256.atf,kristallin-boss,specular,256,256,256,9,COMPRESSED(DXT1/PVRTC/ETC1),2,False,41520
kristallin-boss_specular_512.atf,kristallin-boss,specular,512,512,512,10,COMPRESSED(DXT1/PVRTC/ETC1),2,False,151564
kristallin-pink_diffuse_128.atf,kristallin-pink,diffuse,128,128,128,8,COMPRESSED(DXT1/PVRTC/ETC1),2,False,10460
kristallin-pink_diffuse_256.atf,kristallin-pink,diffuse,256,256,256,9,COMPRESSED(DXT1/PVRTC/ETC1),2,False,34732
kristallin-pink_diffuse_512.atf,kristallin-pink,diffuse,512,512,512,10,COMPRESSED(DXT1/PVRTC/ETC1),2,False,122241
kristallin_diffuse_128.atf,kristallin,diffuse,128,128,128,8,COMPRESSED(DXT1/PVRTC/ETC1),2,False,10132
kristallin_diffuse_256.atf,kristallin,diffuse,256,256,256,9,COMPRESSED(DXT1/PVRTC/ETC1),2,False,34056
kristallin_diffuse_512.atf,kristallin,diffuse,512,512,512,10,COMPRESSED(DXT1/PVRTC/ETC1),2,False,122610
kristallin_glow_128.atf,kristallin,glow,128,128,128,8,COMPRESSED(DXT1/PVRTC/ETC1),2,False,10716
kristallin_glow_256.atf,kristallin,glow,256,256,256,9,COMPRESSED(DXT1/PVRTC/ETC1),2,False,36029
kristallin_glow_512.atf,kristallin,glow,512,512,512,10,COMPRESSED(DXT1/PVRTC/ETC1),2,False,126929
kristallin_normal_128.atf,kristallin,normal,128,128,128,8,COMPRESSED(DXT1/PVRTC/ETC1),2,False,11073
kristallin_normal_256.atf,kristallin,normal,256,256,256,9,COMPRESSED(DXT1/PVRTC/ETC1),2,False,39712
kristallin_normal_512.atf,kristallin,normal,512,512,512,10,COMPRESSED(DXT1/PVRTC/ETC1),2,False,152040
kristallin_specular_128.atf,kristallin,specular,128,128,128,8,COMPRESSED(DXT1/PVRTC/ETC1),2,False,10345
kristallin_specular_256.atf,kristallin,specular,256,256,256,9,COMPRESSED(DXT1/PVRTC/ETC1),2,False,33758
kristallin_specular_512.atf,kristallin,specular,512,512,512,10,COMPRESSED(DXT1/PVRTC/ETC1),2,False,118065
kristallon-boss_diffuse_128.atf,kristallon-boss,diffuse,128,128,128,8,COMPRESSED(DXT1/PVRTC/ETC1),2,False,10278
kristallon-boss_diffuse_256.atf,kristallon-boss,diffuse,256,256,256,9,COMPRESSED(DXT1/PVRTC/ETC1),2,False,34149
kristallon-boss_diffuse_512.atf,kristallon-boss,diffuse,512,512,512,10,COMPRESSED(DXT1/PVRTC/ETC1),2,False,122522
kristallon-boss_glow_128.atf,kristallon-boss,glow,128,128,128,8,COMPRESSED(DXT1/PVRTC/ETC1),2,False,11290
kristallon-boss_glow_256.atf,kristallon-boss,glow,256,256,256,9,COMPRESSED(DXT1/PVRTC/ETC1),2,False,37867
kristallon-boss_glow_512.atf,kristallon-boss,glow,512,512,512,10,COMPRESSED(DXT1/PVRTC/ETC1),2,False,136474
kristallon-boss_normal_128.atf,kristallon-boss,normal,128,128,128,8,COMPRESSED(DXT1/PVRTC/ETC1),2,False,11199
kristallon-boss_normal_256.atf,kristallon-boss,normal,256,256,256,9,COMPRESSED(DXT1/PVRTC/ETC1),2,False,40835
kristallon-boss_normal_512.atf,kristallon-boss,normal,512,512,512,10,COMPRESSED(DXT1/PVRTC/ETC1),2,False,154565
kristallon-boss_specular_128.atf,kristallon-boss,specular,128,128,128,8,COMPRESSED(DXT1/PVRTC/ETC1),2,False,10329
kristallon-boss_specular_256.atf,kristallon-boss,specular,256,256,256,9,COMPRESSED(DXT1/PVRTC/ETC1),2,False,34552
kristallon-boss_specular_512.atf,kristallon-boss,specular,512,512,512,10,COMPRESSED(DXT1/PVRTC/ETC1),2,False,124057
kristallon-emperor_diffuse_128.atf,kristallon-emperor,diffuse,128,128,128,8,COMPRESSED(DXT1/PVRTC/ETC1),2,False,11888
kristallon-emperor_diffuse_256.atf,kristallon-emperor,diffuse,256,256,256,9,COMPRESSED(DXT1/PVRTC/ETC1),2,False,38227
kristallon-emperor_diffuse_512.atf,kristallon-emperor,diffuse,512,512,512,10,COMPRESSED(DXT1/PVRTC/ETC1),2,False,131052
kristallon-emperor_glow_128.atf,kristallon-emperor,glow,128,128,128,8,COMPRESSED(DXT1/PVRTC/ETC1),2,False,13076
kristallon-emperor_glow_256.atf,kristallon-emperor,glow,256,256,256,9,COMPRESSED(DXT1/PVRTC/ETC1),2,False,43032
kristallon-emperor_glow_512.atf,kristallon-emperor,glow,512,512,512,10,COMPRESSED(DXT1/PVRTC/ETC1),2,False,151384
kristallon-emperor_normal_128.atf,kristallon-emperor,normal,128,128,128,8,COMPRESSED(DXT1/PVRTC/ETC1),2,False,11253
kristallon-emperor_normal_256.atf,kristallon-emperor,normal,256,256,256,9,COMPRESSED(DXT1/PVRTC/ETC1),2,False,39820
kristallon-emperor_normal_512.atf,kristallon-emperor,normal,512,512,512,10,COMPRESSED(DXT1/PVRTC/ETC1),2,False,149672
kristallon-emperor_spec_128.atf,kristallon-emperor,spec,128,128,128,8,COMPRESSED(DXT1/PVRTC/ETC1),2,False,11434
kristallon-emperor_spec_256.atf,kristallon-emperor,spec,256,256,256,9,COMPRESSED(DXT1/PVRTC/ETC1),2,False,36634
kristallon-emperor_spec_512.atf,kristallon-emperor,spec,512,512,512,10,COMPRESSED(DXT1/PVRTC/ETC1),2,False,126039
kristallon-emperor_specular_128.atf,kristallon-emperor,specular,128,128,128,8,COMPRESSED(DXT1/PVRTC/ETC1),2,False,11434
kristallon-emperor_specular_256.atf,kristallon-emperor,specular,256,256,256,9,COMPRESSED(DXT1/PVRTC/ETC1),2,False,36634
kristallon-pink_diffuse_128.atf,kristallon-pink,diffuse,128,128,128,8,COMPRESSED(DXT1/PVRTC/ETC1),2,False,10737
kristallon-pink_diffuse_256.atf,kristallon-pink,diffuse,256,256,256,9,COMPRESSED(DXT1/PVRTC/ETC1),2,False,36602
kristallon-pink_diffuse_512.atf,kristallon-pink,diffuse,512,512,512,10,COMPRESSED(DXT1/PVRTC/ETC1),2,False,130323
kristallon_diffuse_128.atf,kristallon,diffuse,128,128,128,8,COMPRESSED(DXT1/PVRTC/ETC1),2,False,10344
kristallon_diffuse_256.atf,kristallon,diffuse,256,256,256,9,COMPRESSED(DXT1/PVRTC/ETC1),2,False,35212
kristallon_diffuse_512.atf,kristallon,diffuse,512,512,512,10,COMPRESSED(DXT1/PVRTC/ETC1),2,False,127696
kristallon_glow_128.atf,kristallon,glow,128,128,128,8,COMPRESSED(DXT1/PVRTC/ETC1),2,False,10562
kristallon_glow_256.atf,kristallon,glow,256,256,256,9,COMPRESSED(DXT1/PVRTC/ETC1),2,False,35546
kristallon_glow_512.atf,kristallon,glow,512,512,512,10,COMPRESSED(DXT1/PVRTC/ETC1),2,False,127506
kristallon_normal_128.atf,kristallon,normal,128,128,128,8,COMPRESSED(DXT1/PVRTC/ETC1),2,False,11199
kristallon_normal_256.atf,kristallon,normal,256,256,256,9,COMPRESSED(DXT1/PVRTC/ETC1),2,False,40835
kristallon_normal_512.atf,kristallon,normal,512,512,512,10,COMPRESSED(DXT1/PVRTC/ETC1),2,False,154565
kristallon_specular_128.atf,kristallon,specular,128,128,128,8,COMPRESSED(DXT1/PVRTC/ETC1),2,False,10226
kristallon_specular_256.atf,kristallon,specular,256,256,256,9,COMPRESSED(DXT1/PVRTC/ETC1),2,False,34497
kristallon_specular_512.atf,kristallon,specular,512,512,512,10,COMPRESSED(DXT1/PVRTC/ETC1),2,False,125792
kucurbium-boss_diffuse_128.atf,kucurbium-boss,diffuse,128,128,128,8,COMPRESSED(DXT1/PVRTC/ETC1),2,False,9447
kucurbium-boss_diffuse_256.atf,kucurbium-boss,diffuse,256,256,256,9,COMPRESSED(DXT1/PVRTC/ETC1),2,False,30409
kucurbium-boss_diffuse_512.atf,kucurbium-boss,diffuse,512,512,512,10,COMPRESSED(DXT1/PVRTC/ETC1),2,False,107289
kucurbium-boss_glow_128.atf,kucurbium-boss,glow,128,128,128,8,COMPRESSED(DXT1/PVRTC/ETC1),2,False,9835
kucurbium-boss_glow_256.atf,kucurbium-boss,glow,256,256,256,9,COMPRESSED(DXT1/PVRTC/ETC1),2,False,27912
kucurbium-boss_glow_512.atf,kucurbium-boss,glow,512,512,512,10,COMPRESSED(DXT1/PVRTC/ETC1),2,False,86737
kucurbium-boss_normal_128.atf,kucurbium-boss,normal,128,128,128,8,COMPRESSED(DXT1/PVRTC/ETC1),2,False,10146
kucurbium-boss_normal_256.atf,kucurbium-boss,normal,256,256,256,9,COMPRESSED(DXT1/PVRTC/ETC1),2,False,35258
kucurbium-boss_normal_512.atf,kucurbium-boss,normal,512,512,512,10,COMPRESSED(DXT1/PVRTC/ETC1),2,False,132599
kucurbium-boss_specular_128.atf,kucurbium-boss,specular,128,128,128,8,COMPRESSED(DXT1/PVRTC/ETC1),2,False,8930
kucurbium-boss_specular_256.atf,kucurbium-boss,specular,256,256,256,9,COMPRESSED(DXT1/PVRTC/ETC1),2,False,28226
kucurbium-boss_specular_512.atf,kucurbium-boss,specular,512,512,512,10,COMPRESSED(DXT1/PVRTC/ETC1),2,False,95611
lasers_normal_128.atf,lasers,normal,128,128,128,8,COMPRESSED(DXT1/PVRTC/ETC1),2,False,11977
lasers_normal_256.atf,lasers,normal,256,256,256,9,COMPRESSED(DXT1/PVRTC/ETC1),2,False,38030
lasers_normal_512.atf,lasers,normal,512,512,512,10,COMPRESSED(DXT1/PVRTC/ETC1),2,False,127966
leonov_diffuse_128.atf,leonov,diffuse,128,128,128,8,COMPRESSED(DXT1/PVRTC/ETC1),2,False,10089
leonov_diffuse_256.atf,leonov,diffuse,256,256,256,9,COMPRESSED(DXT1/PVRTC/ETC1),2,False,33694
leonov_diffuse_512.atf,leonov,diffuse,512,512,512,10,COMPRESSED(DXT1/PVRTC/ETC1),2,False,123474
leonov_glow_128.atf,leonov,glow,128,128,128,8,COMPRESSED(DXT1/PVRTC/ETC1),2,False,2304
leonov_glow_256.atf,leonov,glow,256,256,256,9,COMPRESSED(DXT1/PVRTC/ETC1),2,False,3574
leonov_glow_512.atf,leonov,glow,512,512,512,10,COMPRESSED(DXT1/PVRTC/ETC1),2,False,6234
leonov_normal_128.atf,leonov,normal,128,128,128,8,COMPRESSED(DXT1/PVRTC/ETC1),2,False,11811
leonov_normal_256.atf,leonov,normal,256,256,256,9,COMPRESSED(DXT1/PVRTC/ETC1),2,False,38693
leonov_normal_512.atf,leonov,normal,512,512,512,10,COMPRESSED(DXT1/PVRTC/ETC1),2,False,132930
leonov_specular_128.atf,leonov,specular,128,128,128,8,COMPRESSED(DXT1/PVRTC/ETC1),2,False,9094
leonov_specular_256.atf,leonov,specular,256,256,256,9,COMPRESSED(DXT1/PVRTC/ETC1),2,False,29390
leonov_specular_512.atf,leonov,specular,512,512,512,10,COMPRESSED(DXT1/PVRTC/ETC1),2,False,104069
liberator_diffuse_128.atf,liberator,diffuse,128,128,128,8,COMPRESSED(DXT1/PVRTC/ETC1),2,False,10684
liberator_diffuse_256.atf,liberator,diffuse,256,256,256,9,COMPRESSED(DXT1/PVRTC/ETC1),2,False,36010
liberator_diffuse_512.atf,liberator,diffuse,512,512,512,10,COMPRESSED(DXT1/PVRTC/ETC1),2,False,131087
liberator_glow_128.atf,liberator,glow,128,128,128,8,COMPRESSED(DXT1/PVRTC/ETC1),2,False,2841
liberator_glow_256.atf,liberator,glow,256,256,256,9,COMPRESSED(DXT1/PVRTC/ETC1),2,False,4598
liberator_glow_512.atf,liberator,glow,512,512,512,10,COMPRESSED(DXT1/PVRTC/ETC1),2,False,7734
liberator_normal_128.atf,liberator,normal,128,128,128,8,COMPRESSED(DXT1/PVRTC/ETC1),2,False,12126
liberator_normal_256.atf,liberator,normal,256,256,256,9,COMPRESSED(DXT1/PVRTC/ETC1),2,False,40171
liberator_normal_512.atf,liberator,normal,512,512,512,10,COMPRESSED(DXT1/PVRTC/ETC1),2,False,138258
liberator_specular_128.atf,liberator,specular,128,128,128,8,COMPRESSED(DXT1/PVRTC/ETC1),2,False,9159
liberator_specular_256.atf,liberator,specular,256,256,256,9,COMPRESSED(DXT1/PVRTC/ETC1),2,False,30562
liberator_specular_512.atf,liberator,specular,512,512,512,10,COMPRESSED(DXT1/PVRTC/ETC1),2,False,110218
lordakia-boss_diffuse_128.atf,lordakia-boss,diffuse,128,128,128,8,COMPRESSED(DXT1/PVRTC/ETC1),2,False,11150
lordakia-boss_diffuse_256.atf,lordakia-boss,diffuse,256,256,256,9,COMPRESSED(DXT1/PVRTC/ETC1),2,False,34389
lordakia-boss_diffuse_512.atf,lordakia-boss,diffuse,512,512,512,10,COMPRESSED(DXT1/PVRTC/ETC1),2,False,112359
lordakia-boss_glow_128.atf,lordakia-boss,glow,128,128,128,8,COMPRESSED(DXT1/PVRTC/ETC1),2,False,9071
lordakia-boss_glow_256.atf,lordakia-boss,glow,256,256,256,9,COMPRESSED(DXT1/PVRTC/ETC1),2,False,27814
lordakia-boss_glow_512.atf,lordakia-boss,glow,512,512,512,10,COMPRESSED(DXT1/PVRTC/ETC1),2,False,91101
lordakia-boss_normal_128.atf,lordakia-boss,normal,128,128,128,8,COMPRESSED(DXT1/PVRTC/ETC1),2,False,10975
lordakia-boss_normal_256.atf,lordakia-boss,normal,256,256,256,9,COMPRESSED(DXT1/PVRTC/ETC1),2,False,33774
lordakia-boss_normal_512.atf,lordakia-boss,normal,512,512,512,10,COMPRESSED(DXT1/PVRTC/ETC1),2,False,109352
lordakia-boss_specular_128.atf,lordakia-boss,specular,128,128,128,8,COMPRESSED(DXT1/PVRTC/ETC1),2,False,9577
lordakia-boss_specular_256.atf,lordakia-boss,specular,256,256,256,9,COMPRESSED(DXT1/PVRTC/ETC1),2,False,28658
lordakia-boss_specular_512.atf,lordakia-boss,specular,512,512,512,10,COMPRESSED(DXT1/PVRTC/ETC1),2,False,89659
lordakia-soccer_diffuse_128.atf,lordakia-soccer,diffuse,128,128,128,8,COMPRESSED(DXT1/PVRTC/ETC1),2,False,11506
lordakia-soccer_diffuse_256.atf,lordakia-soccer,diffuse,256,256,256,9,COMPRESSED(DXT1/PVRTC/ETC1),2,False,34993
lordakia-soccer_diffuse_512.atf,lordakia-soccer,diffuse,512,512,512,10,COMPRESSED(DXT1/PVRTC/ETC1),2,False,109663
lordakia-soccer_glow_128.atf,lordakia-soccer,glow,128,128,128,8,COMPRESSED(DXT1/PVRTC/ETC1),2,False,11008
lordakia-soccer_glow_256.atf,lordakia-soccer,glow,256,256,256,9,COMPRESSED(DXT1/PVRTC/ETC1),2,False,33062
lordakia-soccer_glow_512.atf,lordakia-soccer,glow,512,512,512,10,COMPRESSED(DXT1/PVRTC/ETC1),2,False,105612
lordakia-soccer_specular_128.atf,lordakia-soccer,specular,128,128,128,8,COMPRESSED(DXT1/PVRTC/ETC1),2,False,10748
lordakia-soccer_specular_256.atf,lordakia-soccer,specular,256,256,256,9,COMPRESSED(DXT1/PVRTC/ETC1),2,False,33231
lordakia-soccer_specular_512.atf,lordakia-soccer,specular,512,512,512,10,COMPRESSED(DXT1/PVRTC/ETC1),2,False,108213
lordakia_diffuse_128.atf,lordakia,diffuse,128,128,128,8,COMPRESSED(DXT1/PVRTC/ETC1),2,False,11334
lordakia_diffuse_256.atf,lordakia,diffuse,256,256,256,9,COMPRESSED(DXT1/PVRTC/ETC1),2,False,35377
lordakia_diffuse_512.atf,lordakia,diffuse,512,512,512,10,COMPRESSED(DXT1/PVRTC/ETC1),2,False,115152
lordakia_glow_128.atf,lordakia,glow,128,128,128,8,COMPRESSED(DXT1/PVRTC/ETC1),2,False,9584
lordakia_glow_256.atf,lordakia,glow,256,256,256,9,COMPRESSED(DXT1/PVRTC/ETC1),2,False,29344
lordakia_glow_512.atf,lordakia,glow,512,512,512,10,COMPRESSED(DXT1/PVRTC/ETC1),2,False,97260
lordakia_normal_128.atf,lordakia,normal,128,128,128,8,COMPRESSED(DXT1/PVRTC/ETC1),2,False,10940
lordakia_normal_256.atf,lordakia,normal,256,256,256,9,COMPRESSED(DXT1/PVRTC/ETC1),2,False,33193
lordakia_normal_512.atf,lordakia,normal,512,512,512,10,COMPRESSED(DXT1/PVRTC/ETC1),2,False,106467
lordakia_specular_128.atf,lordakia,specular,128,128,128,8,COMPRESSED(DXT1/PVRTC/ETC1),2,False,10388
lordakia_specular_256.atf,lordakia,specular,256,256,256,9,COMPRESSED(DXT1/PVRTC/ETC1),2,False,32429
lordakia_specular_512.atf,lordakia,specular,512,512,512,10,COMPRESSED(DXT1/PVRTC/ETC1),2,False,106342
lordakium-boss_diffuse_128.atf,lordakium-boss,diffuse,128,128,128,8,COMPRESSED(DXT1/PVRTC/ETC1),2,False,12619
lordakium-boss_diffuse_256.atf,lordakium-boss,diffuse,256,256,256,9,COMPRESSED(DXT1/PVRTC/ETC1),2,False,39374
lordakium-boss_diffuse_512.atf,lordakium-boss,diffuse,512,512,512,10,COMPRESSED(DXT1/PVRTC/ETC1),2,False,127184
lordakium-boss_glow_128.atf,lordakium-boss,glow,128,128,128,8,COMPRESSED(DXT1/PVRTC/ETC1),2,False,9644
lordakium-boss_glow_256.atf,lordakium-boss,glow,256,256,256,9,COMPRESSED(DXT1/PVRTC/ETC1),2,False,29365
lordakium-boss_glow_512.atf,lordakium-boss,glow,512,512,512,10,COMPRESSED(DXT1/PVRTC/ETC1),2,False,94016
lordakium-boss_normal_128.atf,lordakium-boss,normal,128,128,128,8,COMPRESSED(DXT1/PVRTC/ETC1),2,False,9408
lordakium-boss_normal_256.atf,lordakium-boss,normal,256,256,256,9,COMPRESSED(DXT1/PVRTC/ETC1),2,False,28733
lordakium-boss_normal_512.atf,lordakium-boss,normal,512,512,512,10,COMPRESSED(DXT1/PVRTC/ETC1),2,False,96549
lordakium-boss_specular_128.atf,lordakium-boss,specular,128,128,128,8,COMPRESSED(DXT1/PVRTC/ETC1),2,False,9517
lordakium-boss_specular_256.atf,lordakium-boss,specular,256,256,256,9,COMPRESSED(DXT1/PVRTC/ETC1),2,False,28870
lordakium-boss_specular_512.atf,lordakium-boss,specular,512,512,512,10,COMPRESSED(DXT1/PVRTC/ETC1),2,False,92926
lordakium-emperor_diffuse_128.atf,lordakium-emperor,diffuse,128,128,128,8,COMPRESSED(DXT1/PVRTC/ETC1),2,False,11089
lordakium-emperor_diffuse_256.atf,lordakium-emperor,diffuse,256,256,256,9,COMPRESSED(DXT1/PVRTC/ETC1),2,False,35683
lordakium-emperor_diffuse_512.atf,lordakium-emperor,diffuse,512,512,512,10,COMPRESSED(DXT1/PVRTC/ETC1),2,False,119556
lordakium-emperor_glow_128.atf,lordakium-emperor,glow,128,128,128,8,COMPRESSED(DXT1/PVRTC/ETC1),2,False,12826
lordakium-emperor_glow_256.atf,lordakium-emperor,glow,256,256,256,9,COMPRESSED(DXT1/PVRTC/ETC1),2,False,42599
lordakium-emperor_glow_512.atf,lordakium-emperor,glow,512,512,512,10,COMPRESSED(DXT1/PVRTC/ETC1),2,False,146555
lordakium-emperor_normal_128.atf,lordakium-emperor,normal,128,128,128,8,COMPRESSED(DXT1/PVRTC/ETC1),2,False,11456
lordakium-emperor_normal_256.atf,lordakium-emperor,normal,256,256,256,9,COMPRESSED(DXT1/PVRTC/ETC1),2,False,36806
lordakium-emperor_normal_512.atf,lordakium-emperor,normal,512,512,512,10,COMPRESSED(DXT1/PVRTC/ETC1),2,False,123269
lordakium-emperor_specular_128.atf,lordakium-emperor,specular,128,128,128,8,COMPRESSED(DXT1/PVRTC/ETC1),2,False,8894
lordakium-emperor_specular_256.atf,lordakium-emperor,specular,256,256,256,9,COMPRESSED(DXT1/PVRTC/ETC1),2,False,26350
lordakium-emperor_specular_512.atf,lordakium-emperor,specular,512,512,512,10,COMPRESSED(DXT1/PVRTC/ETC1),2,False,82237
lordakium-solar_diffuse_128.atf,lordakium-solar,diffuse,128,128,128,8,COMPRESSED(DXT1/PVRTC/ETC1),2,False,12264
lordakium-solar_diffuse_256.atf,lordakium-solar,diffuse,256,256,256,9,COMPRESSED(DXT1/PVRTC/ETC1),2,False,37740
lordakium-solar_diffuse_512.atf,lordakium-solar,diffuse,512,512,512,10,COMPRESSED(DXT1/PVRTC/ETC1),2,False,121216
lordakium-solar_glow_128.atf,lordakium-solar,glow,128,128,128,8,COMPRESSED(DXT1/PVRTC/ETC1),2,False,10710
lordakium-solar_glow_256.atf,lordakium-solar,glow,256,256,256,9,COMPRESSED(DXT1/PVRTC/ETC1),2,False,32671
lordakium-solar_glow_512.atf,lordakium-solar,glow,512,512,512,10,COMPRESSED(DXT1/PVRTC/ETC1),2,False,104045
lordakium-solar_normal_128.atf,lordakium-solar,normal,128,128,128,8,COMPRESSED(DXT1/PVRTC/ETC1),2,False,11273
lordakium-solar_normal_256.atf,lordakium-solar,normal,256,256,256,9,COMPRESSED(DXT1/PVRTC/ETC1),2,False,33825
lordakium-solar_normal_512.atf,lordakium-solar,normal,512,512,512,10,COMPRESSED(DXT1/PVRTC/ETC1),2,False,105788
lordakium-solar_specular_128.atf,lordakium-solar,specular,128,128,128,8,COMPRESSED(DXT1/PVRTC/ETC1),2,False,9258
lordakium-solar_specular_256.atf,lordakium-solar,specular,256,256,256,9,COMPRESSED(DXT1/PVRTC/ETC1),2,False,27674
lordakium-solar_specular_512.atf,lordakium-solar,specular,512,512,512,10,COMPRESSED(DXT1/PVRTC/ETC1),2,False,88945
lordakium_diffuse_128.atf,lordakium,diffuse,128,128,128,8,COMPRESSED(DXT1/PVRTC/ETC1),2,False,11762
lordakium_diffuse_256.atf,lordakium,diffuse,256,256,256,9,COMPRESSED(DXT1/PVRTC/ETC1),2,False,36949
lordakium_diffuse_512.atf,lordakium,diffuse,512,512,512,10,COMPRESSED(DXT1/PVRTC/ETC1),2,False,121273
lordakium_glow_128.atf,lordakium,glow,128,128,128,8,COMPRESSED(DXT1/PVRTC/ETC1),2,False,10663
lordakium_glow_256.atf,lordakium,glow,256,256,256,9,COMPRESSED(DXT1/PVRTC/ETC1),2,False,33175
lordakium_glow_512.atf,lordakium,glow,512,512,512,10,COMPRESSED(DXT1/PVRTC/ETC1),2,False,109610
lordakium_normal_128.atf,lordakium,normal,128,128,128,8,COMPRESSED(DXT1/PVRTC/ETC1),2,False,11255
lordakium_normal_256.atf,lordakium,normal,256,256,256,9,COMPRESSED(DXT1/PVRTC/ETC1),2,False,33761
lordakium_normal_512.atf,lordakium,normal,512,512,512,10,COMPRESSED(DXT1/PVRTC/ETC1),2,False,105931
lordakium_specular_128.atf,lordakium,specular,128,128,128,8,COMPRESSED(DXT1/PVRTC/ETC1),2,False,9458
lordakium_specular_256.atf,lordakium,specular,256,256,256,9,COMPRESSED(DXT1/PVRTC/ETC1),2,False,29004
lordakium_specular_512.atf,lordakium,specular,512,512,512,10,COMPRESSED(DXT1/PVRTC/ETC1),2,False,95818
low-relay_alpha_128.atf,low-relay,alpha,128,128,128,8,COMPRESSED(DXT1/PVRTC/ETC1),2,False,3486
low-relay_alpha_256.atf,low-relay,alpha,256,256,256,9,COMPRESSED(DXT1/PVRTC/ETC1),2,False,7041
low-relay_alpha_512.atf,low-relay,alpha,512,512,512,10,COMPRESSED(DXT1/PVRTC/ETC1),2,False,16454
low-relay_diffuse_128.atf,low-relay,diffuse,128,128,128,8,COMPRESSED(DXT1/PVRTC/ETC1),2,False,10413
low-relay_diffuse_256.atf,low-relay,diffuse,256,256,256,9,COMPRESSED(DXT1/PVRTC/ETC1),2,False,32141
low-relay_diffuse_512.atf,low-relay,diffuse,512,512,512,10,COMPRESSED(DXT1/PVRTC/ETC1),2,False,108259
low-relay_glow_128.atf,low-relay,glow,128,128,128,8,COMPRESSED(DXT1/PVRTC/ETC1),2,False,5775
low-relay_glow_256.atf,low-relay,glow,256,256,256,9,COMPRESSED(DXT1/PVRTC/ETC1),2,False,12947
low-relay_glow_512.atf,low-relay,glow,512,512,512,10,COMPRESSED(DXT1/PVRTC/ETC1),2,False,33344
low-relay_normal_128.atf,low-relay,normal,128,128,128,8,COMPRESSED(DXT1/PVRTC/ETC1),2,False,9558
low-relay_normal_256.atf,low-relay,normal,256,256,256,9,COMPRESSED(DXT1/PVRTC/ETC1),2,False,28783
low-relay_normal_512.atf,low-relay,normal,512,512,512,10,COMPRESSED(DXT1/PVRTC/ETC1),2,False,89244
low-relay_specular_128.atf,low-relay,specular,128,128,128,8,COMPRESSED(DXT1/PVRTC/ETC1),2,False,8735
low-relay_specular_256.atf,low-relay,specular,256,256,256,9,COMPRESSED(DXT1/PVRTC/ETC1),2,False,26783
low-relay_specular_512.atf,low-relay,specular,512,512,512,10,COMPRESSED(DXT1/PVRTC/ETC1),2,False,91678
low-station_alpha_128.atf,low-station,alpha,128,128,128,8,COMPRESSED(DXT1/PVRTC/ETC1),2,False,2823
low-station_alpha_256.atf,low-station,alpha,256,256,256,9,COMPRESSED(DXT1/PVRTC/ETC1),2,False,4857
low-station_alpha_512.atf,low-station,alpha,512,512,512,10,COMPRESSED(DXT1/PVRTC/ETC1),2,False,9013
low-station_diffuse_128.atf,low-station,diffuse,128,128,128,8,COMPRESSED(DXT1/PVRTC/ETC1),2,False,10862
low-station_diffuse_256.atf,low-station,diffuse,256,256,256,9,COMPRESSED(DXT1/PVRTC/ETC1),2,False,35383
low-station_diffuse_512.atf,low-station,diffuse,512,512,512,10,COMPRESSED(DXT1/PVRTC/ETC1),2,False,127041
low-station_glow_128.atf,low-station,glow,128,128,128,8,COMPRESSED(DXT1/PVRTC/ETC1),2,False,5779
low-station_glow_256.atf,low-station,glow,256,256,256,9,COMPRESSED(DXT1/PVRTC/ETC1),2,False,12459
low-station_glow_512.atf,low-station,glow,512,512,512,10,COMPRESSED(DXT1/PVRTC/ETC1),2,False,29905
low-station_normal_128.atf,low-station,normal,128,128,128,8,COMPRESSED(DXT1/PVRTC/ETC1),2,False,10769
low-station_normal_256.atf,low-station,normal,256,256,256,9,COMPRESSED(DXT1/PVRTC/ETC1),2,False,33323
low-station_normal_512.atf,low-station,normal,512,512,512,10,COMPRESSED(DXT1/PVRTC/ETC1),2,False,112562
low-station_specular_128.atf,low-station,specular,128,128,128,8,COMPRESSED(DXT1/PVRTC/ETC1),2,False,9326
low-station_specular_256.atf,low-station,specular,256,256,256,9,COMPRESSED(DXT1/PVRTC/ETC1),2,False,29862
low-station_specular_512.atf,low-station,specular,512,512,512,10,COMPRESSED(DXT1/PVRTC/ETC1),2,False,103137
marauder_diffuse_128.atf,marauder,diffuse,128,128,128,8,COMPRESSED(DXT1/PVRTC/ETC1),2,False,11735
marauder_diffuse_256.atf,marauder,diffuse,256,256,256,9,COMPRESSED(DXT1/PVRTC/ETC1),2,False,38757
marauder_diffuse_512.atf,marauder,diffuse,512,512,512,10,COMPRESSED(DXT1/PVRTC/ETC1),2,False,137324
marauder_glow_128.atf,marauder,glow,128,128,128,8,COMPRESSED(DXT1/PVRTC/ETC1),2,False,3321
marauder_glow_256.atf,marauder,glow,256,256,256,9,COMPRESSED(DXT1/PVRTC/ETC1),2,False,5762
marauder_glow_512.atf,marauder,glow,512,512,512,10,COMPRESSED(DXT1/PVRTC/ETC1),2,False,11096
marauder_normal_128.atf,marauder,normal,128,128,128,8,COMPRESSED(DXT1/PVRTC/ETC1),2,False,11474
marauder_normal_256.atf,marauder,normal,256,256,256,9,COMPRESSED(DXT1/PVRTC/ETC1),2,False,37092
marauder_normal_512.atf,marauder,normal,512,512,512,10,COMPRESSED(DXT1/PVRTC/ETC1),2,False,126553
marauder_specular_128.atf,marauder,specular,128,128,128,8,COMPRESSED(DXT1/PVRTC/ETC1),2,False,9605
marauder_specular_256.atf,marauder,specular,256,256,256,9,COMPRESSED(DXT1/PVRTC/ETC1),2,False,31340
marauder_specular_512.atf,marauder,specular,512,512,512,10,COMPRESSED(DXT1/PVRTC/ETC1),2,False,113062
melter_diffuse_128.atf,melter,diffuse,128,128,128,8,COMPRESSED(DXT1/PVRTC/ETC1),2,False,11435
melter_diffuse_256.atf,melter,diffuse,256,256,256,9,COMPRESSED(DXT1/PVRTC/ETC1),2,False,36784
melter_diffuse_512.atf,melter,diffuse,512,512,512,10,COMPRESSED(DXT1/PVRTC/ETC1),2,False,127864
melter_glow_128.atf,melter,glow,128,128,128,8,COMPRESSED(DXT1/PVRTC/ETC1),2,False,4904
melter_glow_256.atf,melter,glow,256,256,256,9,COMPRESSED(DXT1/PVRTC/ETC1),2,False,10493
melter_glow_512.atf,melter,glow,512,512,512,10,COMPRESSED(DXT1/PVRTC/ETC1),2,False,23734
melter_normal_128.atf,melter,normal,128,128,128,8,COMPRESSED(DXT1/PVRTC/ETC1),2,False,11673
melter_normal_256.atf,melter,normal,256,256,256,9,COMPRESSED(DXT1/PVRTC/ETC1),2,False,39388
melter_normal_512.atf,melter,normal,512,512,512,10,COMPRESSED(DXT1/PVRTC/ETC1),2,False,134022
melter_specular_128.atf,melter,specular,128,128,128,8,COMPRESSED(DXT1/PVRTC/ETC1),2,False,10611
melter_specular_256.atf,melter,specular,256,256,256,9,COMPRESSED(DXT1/PVRTC/ETC1),2,False,35441
melter_specular_512.atf,melter,specular,512,512,512,10,COMPRESSED(DXT1/PVRTC/ETC1),2,False,127498
mimesis-argon_diffuse_128.atf,mimesis-argon,diffuse,128,128,128,8,COMPRESSED(DXT1/PVRTC/ETC1),2,False,12673
mimesis-argon_diffuse_256.atf,mimesis-argon,diffuse,256,256,256,9,COMPRESSED(DXT1/PVRTC/ETC1),2,False,40002
mimesis-argon_diffuse_512.atf,mimesis-argon,diffuse,512,512,512,10,COMPRESSED(DXT1/PVRTC/ETC1),2,False,133042
mimesis-argon_glow_128.atf,mimesis-argon,glow,128,128,128,8,COMPRESSED(DXT1/PVRTC/ETC1),2,False,8385
mimesis-argon_glow_256.atf,mimesis-argon,glow,256,256,256,9,COMPRESSED(DXT1/PVRTC/ETC1),2,False,19860
mimesis-argon_glow_512.atf,mimesis-argon,glow,512,512,512,10,COMPRESSED(DXT1/PVRTC/ETC1),2,False,49215
mimesis-argon_specular_128.atf,mimesis-argon,specular,128,128,128,8,COMPRESSED(DXT1/PVRTC/ETC1),2,False,11842
mimesis-argon_specular_256.atf,mimesis-argon,specular,256,256,256,9,COMPRESSED(DXT1/PVRTC/ETC1),2,False,39461
mimesis-argon_specular_512.atf,mimesis-argon,specular,512,512,512,10,COMPRESSED(DXT1/PVRTC/ETC1),2,False,140731
mimesis-green_diffuse_128.atf,mimesis-green,diffuse,128,128,128,8,COMPRESSED(DXT1/PVRTC/ETC1),2,False,11952
mimesis-green_diffuse_256.atf,mimesis-green,diffuse,256,256,256,9,COMPRESSED(DXT1/PVRTC/ETC1),2,False,38701
mimesis-green_diffuse_512.atf,mimesis-green,diffuse,512,512,512,10,COMPRESSED(DXT1/PVRTC/ETC1),2,False,135466
mimesis-green_glow_128.atf,mimesis-green,glow,128,128,128,8,COMPRESSED(DXT1/PVRTC/ETC1),2,False,8592
mimesis-green_glow_256.atf,mimesis-green,glow,256,256,256,9,COMPRESSED(DXT1/PVRTC/ETC1),2,False,20300
mimesis-green_glow_512.atf,mimesis-green,glow,512,512,512,10,COMPRESSED(DXT1/PVRTC/ETC1),2,False,49089
mimesis-lava_diffuse_128.atf,mimesis-lava,diffuse,128,128,128,8,COMPRESSED(DXT1/PVRTC/ETC1),2,False,10944
mimesis-lava_diffuse_256.atf,mimesis-lava,diffuse,256,256,256,9,COMPRESSED(DXT1/PVRTC/ETC1),2,False,35281
mimesis-lava_diffuse_512.atf,mimesis-lava,diffuse,512,512,512,10,COMPRESSED(DXT1/PVRTC/ETC1),2,False,119643
mimesis-lava_glow_128.atf,mimesis-lava,glow,128,128,128,8,COMPRESSED(DXT1/PVRTC/ETC1),2,False,8243
mimesis-lava_glow_256.atf,mimesis-lava,glow,256,256,256,9,COMPRESSED(DXT1/PVRTC/ETC1),2,False,19468
mimesis-lava_glow_512.atf,mimesis-lava,glow,512,512,512,10,COMPRESSED(DXT1/PVRTC/ETC1),2,False,47825
mimesis-legend_diffuse_128.atf,mimesis-legend,diffuse,128,128,128,8,COMPRESSED(DXT1/PVRTC/ETC1),2,False,11643
mimesis-legend_diffuse_256.atf,mimesis-legend,diffuse,256,256,256,9,COMPRESSED(DXT1/PVRTC/ETC1),2,False,37156
mimesis-legend_diffuse_512.atf,mimesis-legend,diffuse,512,512,512,10,COMPRESSED(DXT1/PVRTC/ETC1),2,False,124148
mimesis-legend_glow_128.atf,mimesis-legend,glow,128,128,128,8,COMPRESSED(DXT1/PVRTC/ETC1),2,False,11401
mimesis-legend_glow_256.atf,mimesis-legend,glow,256,256,256,9,COMPRESSED(DXT1/PVRTC/ETC1),2,False,36458
mimesis-legend_glow_512.atf,mimesis-legend,glow,512,512,512,10,COMPRESSED(DXT1/PVRTC/ETC1),2,False,124851
mimesis-legend_specular_128.atf,mimesis-legend,specular,128,128,128,8,COMPRESSED(DXT1/PVRTC/ETC1),2,False,12258
mimesis-legend_specular_256.atf,mimesis-legend,specular,256,256,256,9,COMPRESSED(DXT1/PVRTC/ETC1),2,False,42151
mimesis-legend_specular_512.atf,mimesis-legend,specular,512,512,512,10,COMPRESSED(DXT1/PVRTC/ETC1),2,False,148155
mimesis-ocean_diffuse_128.atf,mimesis-ocean,diffuse,128,128,128,8,COMPRESSED(DXT1/PVRTC/ETC1),2,False,11688
mimesis-ocean_diffuse_256.atf,mimesis-ocean,diffuse,256,256,256,9,COMPRESSED(DXT1/PVRTC/ETC1),2,False,36262
mimesis-ocean_diffuse_512.atf,mimesis-ocean,diffuse,512,512,512,10,COMPRESSED(DXT1/PVRTC/ETC1),2,False,119848
mimesis-ocean_glow_128.atf,mimesis-ocean,glow,128,128,128,8,COMPRESSED(DXT1/PVRTC/ETC1),2,False,8391
mimesis-ocean_glow_256.atf,mimesis-ocean,glow,256,256,256,9,COMPRESSED(DXT1/PVRTC/ETC1),2,False,19826
mimesis-ocean_glow_512.atf,mimesis-ocean,glow,512,512,512,10,COMPRESSED(DXT1/PVRTC/ETC1),2,False,48587
mimesis-ocean_specular_128.atf,mimesis-ocean,specular,128,128,128,8,COMPRESSED(DXT1/PVRTC/ETC1),2,False,9116
mimesis-ocean_specular_256.atf,mimesis-ocean,specular,256,256,256,9,COMPRESSED(DXT1/PVRTC/ETC1),2,False,29565
mimesis-ocean_specular_512.atf,mimesis-ocean,specular,512,512,512,10,COMPRESSED(DXT1/PVRTC/ETC1),2,False,104316
mimesis-orange_diffuse_128.atf,mimesis-orange,diffuse,128,128,128,8,COMPRESSED(DXT1/PVRTC/ETC1),2,False,11883
mimesis-orange_diffuse_256.atf,mimesis-orange,diffuse,256,256,256,9,COMPRESSED(DXT1/PVRTC/ETC1),2,False,38479
mimesis-orange_diffuse_512.atf,mimesis-orange,diffuse,512,512,512,10,COMPRESSED(DXT1/PVRTC/ETC1),2,False,134443
mimesis-orange_glow_128.atf,mimesis-orange,glow,128,128,128,8,COMPRESSED(DXT1/PVRTC/ETC1),2,False,8408
mimesis-orange_glow_256.atf,mimesis-orange,glow,256,256,256,9,COMPRESSED(DXT1/PVRTC/ETC1),2,False,19824
mimesis-orange_glow_512.atf,mimesis-orange,glow,512,512,512,10,COMPRESSED(DXT1/PVRTC/ETC1),2,False,48070
mimesis-poison_diffuse_128.atf,mimesis-poison,diffuse,128,128,128,8,COMPRESSED(DXT1/PVRTC/ETC1),2,False,11987
mimesis-poison_diffuse_256.atf,mimesis-poison,diffuse,256,256,256,9,COMPRESSED(DXT1/PVRTC/ETC1),2,False,36917
mimesis-poison_diffuse_512.atf,mimesis-poison,diffuse,512,512,512,10,COMPRESSED(DXT1/PVRTC/ETC1),2,False,121669
mimesis-poison_glow_128.atf,mimesis-poison,glow,128,128,128,8,COMPRESSED(DXT1/PVRTC/ETC1),2,False,8673
mimesis-poison_glow_256.atf,mimesis-poison,glow,256,256,256,9,COMPRESSED(DXT1/PVRTC/ETC1),2,False,20373
mimesis-poison_glow_512.atf,mimesis-poison,glow,512,512,512,10,COMPRESSED(DXT1/PVRTC/ETC1),2,False,50341
mimesis-red_diffuse_128.atf,mimesis-red,diffuse,128,128,128,8,COMPRESSED(DXT1/PVRTC/ETC1),2,False,12167
mimesis-red_diffuse_256.atf,mimesis-red,diffuse,256,256,256,9,COMPRESSED(DXT1/PVRTC/ETC1),2,False,38942
mimesis-red_diffuse_512.atf,mimesis-red,diffuse,512,512,512,10,COMPRESSED(DXT1/PVRTC/ETC1),2,False,136227
mimesis-red_glow_128.atf,mimesis-red,glow,128,128,128,8,COMPRESSED(DXT1/PVRTC/ETC1),2,False,8538
mimesis-red_glow_256.atf,mimesis-red,glow,256,256,256,9,COMPRESSED(DXT1/PVRTC/ETC1),2,False,20136
mimesis-red_glow_512.atf,mimesis-red,glow,512,512,512,10,COMPRESSED(DXT1/PVRTC/ETC1),2,False,48404
mimesis_normal_128.atf,mimesis,normal,128,128,128,8,COMPRESSED(DXT1/PVRTC/ETC1),2,False,12000
mimesis_normal_256.atf,mimesis,normal,256,256,256,9,COMPRESSED(DXT1/PVRTC/ETC1),2,False,39283
mimesis_normal_512.atf,mimesis,normal,512,512,512,10,COMPRESSED(DXT1/PVRTC/ETC1),2,False,138433
mimesis_specular_128.atf,mimesis,specular,128,128,128,8,COMPRESSED(DXT1/PVRTC/ETC1),2,False,11829
mimesis_specular_256.atf,mimesis,specular,256,256,256,9,COMPRESSED(DXT1/PVRTC/ETC1),2,False,39414
mimesis_specular_512.atf,mimesis,specular,512,512,512,10,COMPRESSED(DXT1/PVRTC/ETC1),2,False,141167
mmo-scrap_diffuse_128.atf,mmo-scrap,diffuse,128,128,128,8,COMPRESSED(DXT1/PVRTC/ETC1),2,False,10515
mmo-scrap_diffuse_256.atf,mmo-scrap,diffuse,256,256,256,9,COMPRESSED(DXT1/PVRTC/ETC1),2,False,34228
mmo-scrap_diffuse_512.atf,mmo-scrap,diffuse,512,512,512,10,COMPRESSED(DXT1/PVRTC/ETC1),2,False,122652
mmo-scrap_glow_128.atf,mmo-scrap,glow,128,128,128,8,COMPRESSED(DXT1/PVRTC/ETC1),2,False,9006
mmo-scrap_glow_256.atf,mmo-scrap,glow,256,256,256,9,COMPRESSED(DXT1/PVRTC/ETC1),2,False,24079
mmo-scrap_glow_512.atf,mmo-scrap,glow,512,512,512,10,COMPRESSED(DXT1/PVRTC/ETC1),2,False,68828
mmo-scrap_normal_128.atf,mmo-scrap,normal,128,128,128,8,COMPRESSED(DXT1/PVRTC/ETC1),2,False,7188
mmo-scrap_normal_256.atf,mmo-scrap,normal,256,256,256,9,COMPRESSED(DXT1/PVRTC/ETC1),2,False,21482
mmo-scrap_normal_512.atf,mmo-scrap,normal,512,512,512,10,COMPRESSED(DXT1/PVRTC/ETC1),2,False,57325
mmo-scrap_specular_128.atf,mmo-scrap,specular,128,128,128,8,COMPRESSED(DXT1/PVRTC/ETC1),2,False,9695
mmo-scrap_specular_256.atf,mmo-scrap,specular,256,256,256,9,COMPRESSED(DXT1/PVRTC/ETC1),2,False,32089
mmo-scrap_specular_512.atf,mmo-scrap,specular,512,512,512,10,COMPRESSED(DXT1/PVRTC/ETC1),2,False,118154
module_diffuse_1024.atf,module,diffuse,1024,1024,1024,11,COMPRESSED(DXT1/PVRTC/ETC1),2,False,452704
module_diffuse_128.atf,module,diffuse,128,128,128,8,COMPRESSED(DXT1/PVRTC/ETC1),2,False,12101
module_diffuse_256.atf,module,diffuse,256,256,256,9,COMPRESSED(DXT1/PVRTC/ETC1),2,False,37389
module_diffuse_512.atf,module,diffuse,512,512,512,10,COMPRESSED(DXT1/PVRTC/ETC1),2,False,125951
module_glow_1024.atf,module,glow,1024,1024,1024,11,COMPRESSED(DXT1/PVRTC/ETC1),2,False,14296
module_glow_128.atf,module,glow,128,128,128,8,COMPRESSED(DXT1/PVRTC/ETC1),2,False,2720
module_glow_256.atf,module,glow,256,256,256,9,COMPRESSED(DXT1/PVRTC/ETC1),2,False,4531
module_glow_512.atf,module,glow,512,512,512,10,COMPRESSED(DXT1/PVRTC/ETC1),2,False,7955
module_normal_1024.atf,module,normal,1024,1024,1024,11,COMPRESSED(DXT1/PVRTC/ETC1),2,False,394743
module_normal_128.atf,module,normal,128,128,128,8,COMPRESSED(DXT1/PVRTC/ETC1),2,False,10137
module_normal_256.atf,module,normal,256,256,256,9,COMPRESSED(DXT1/PVRTC/ETC1),2,False,32721
module_normal_512.atf,module,normal,512,512,512,10,COMPRESSED(DXT1/PVRTC/ETC1),2,False,111760
module_specular_1024.atf,module,specular,1024,1024,1024,11,COMPRESSED(DXT1/PVRTC/ETC1),2,False,327265
module_specular_128.atf,module,specular,128,128,128,8,COMPRESSED(DXT1/PVRTC/ETC1),2,False,9908
module_specular_256.atf,module,specular,256,256,256,9,COMPRESSED(DXT1/PVRTC/ETC1),2,False,30025
module_specular_512.atf,module,specular,512,512,512,10,COMPRESSED(DXT1/PVRTC/ETC1),2,False,98230
moon_diffuse_512.atf,moon,diffuse,512,1024,512,11,RGBA888,0,False,164951
moon_normal_512.atf,moon,normal,512,1024,512,11,RGBA888,0,False,200657
moon_specular_512.atf,moon,specular,512,1024,512,11,RGBA888,0,False,85361
mordon_diffuse_128.atf,mordon,diffuse,128,128,128,8,COMPRESSED(DXT1/PVRTC/ETC1),2,False,10152
mordon_diffuse_256.atf,mordon,diffuse,256,256,256,9,COMPRESSED(DXT1/PVRTC/ETC1),2,False,32698
mordon_diffuse_512.atf,mordon,diffuse,512,512,512,10,COMPRESSED(DXT1/PVRTC/ETC1),2,False,115329
mordon_glow_128.atf,mordon,glow,128,128,128,8,COMPRESSED(DXT1/PVRTC/ETC1),2,False,8161
mordon_glow_256.atf,mordon,glow,256,256,256,9,COMPRESSED(DXT1/PVRTC/ETC1),2,False,21276
mordon_glow_512.atf,mordon,glow,512,512,512,10,COMPRESSED(DXT1/PVRTC/ETC1),2,False,61715
mordon_normal_128.atf,mordon,normal,128,128,128,8,COMPRESSED(DXT1/PVRTC/ETC1),2,False,10863
mordon_normal_256.atf,mordon,normal,256,256,256,9,COMPRESSED(DXT1/PVRTC/ETC1),2,False,33892
mordon_normal_512.atf,mordon,normal,512,512,512,10,COMPRESSED(DXT1/PVRTC/ETC1),2,False,113406
mordon_specular_128.atf,mordon,specular,128,128,128,8,COMPRESSED(DXT1/PVRTC/ETC1),2,False,9930
mordon_specular_256.atf,mordon,specular,256,256,256,9,COMPRESSED(DXT1/PVRTC/ETC1),2,False,32253
mordon_specular_512.atf,mordon,specular,512,512,512,10,COMPRESSED(DXT1/PVRTC/ETC1),2,False,114917
nebula_pirates.atf,nebula_pirates,?,,512,512,10,RGBA_JPEGXR,1,False,100396
nebula_pirates_01.atf,nebula_pirates,?,1,512,512,10,RGBA_JPEGXR,1,False,41628
nebula_pirates_02.atf,nebula_pirates,?,2,256,256,9,RGBA_JPEGXR,1,False,49339
nebula_pirates_03.atf,nebula_pirates,?,3,256,256,9,RGBA_JPEGXR,1,False,24467
nebula_pirates_04.atf,nebula_pirates,?,4,512,512,10,RGBA_JPEGXR,1,False,51482
nebula_pirates_05.atf,nebula_pirates,?,5,512,512,10,RGBA_JPEGXR,1,False,96872
nebula_pirates_06.atf,nebula_pirates,?,6,512,512,10,RGBA_JPEGXR,1,False,41126
nebula_pirates_diffuse_128.atf,nebula_pirates,diffuse,128,128,128,8,COMPRESSED_ALPHA(DXT5),4,False,20028
nebula_pirates_diffuse_256.atf,nebula_pirates,diffuse,256,256,256,9,COMPRESSED_ALPHA(DXT5),4,False,62217
nebula_pirates_diffuse_512.atf,nebula_pirates,diffuse,512,512,512,10,COMPRESSED_ALPHA(DXT5),4,False,207622
nebula_pirates_simple_diffuse_128.atf,nebula_pirates_simple,diffuse,128,128,128,8,COMPRESSED_ALPHA(DXT5),4,False,20120
nebula_pirates_simple_diffuse_256.atf,nebula_pirates_simple,diffuse,256,256,256,9,COMPRESSED_ALPHA(DXT5),4,False,62366
nebula_pirates_simple_diffuse_512.atf,nebula_pirates_simple,diffuse,512,512,512,10,COMPRESSED_ALPHA(DXT5),4,False,208318
nostromo-ambassador_diffuse_128.atf,nostromo-ambassador,diffuse,128,128,128,8,COMPRESSED(DXT1/PVRTC/ETC1),2,False,11230
nostromo-ambassador_diffuse_256.atf,nostromo-ambassador,diffuse,256,256,256,9,COMPRESSED(DXT1/PVRTC/ETC1),2,False,36284
nostromo-ambassador_diffuse_512.atf,nostromo-ambassador,diffuse,512,512,512,10,COMPRESSED(DXT1/PVRTC/ETC1),2,False,128003
nostromo-ambassador_glow_128.atf,nostromo-ambassador,glow,128,128,128,8,COMPRESSED(DXT1/PVRTC/ETC1),2,False,3296
nostromo-ambassador_glow_256.atf,nostromo-ambassador,glow,256,256,256,9,COMPRESSED(DXT1/PVRTC/ETC1),2,False,5885
nostromo-ambassador_glow_512.atf,nostromo-ambassador,glow,512,512,512,10,COMPRESSED(DXT1/PVRTC/ETC1),2,False,11261
nostromo-ambassador_normal_128.atf,nostromo-ambassador,normal,128,128,128,8,COMPRESSED(DXT1/PVRTC/ETC1),2,False,12079
nostromo-ambassador_normal_256.atf,nostromo-ambassador,normal,256,256,256,9,COMPRESSED(DXT1/PVRTC/ETC1),2,False,40578
nostromo-ambassador_normal_512.atf,nostromo-ambassador,normal,512,512,512,10,COMPRESSED(DXT1/PVRTC/ETC1),2,False,147207
nostromo-ambassador_specular_128.atf,nostromo-ambassador,specular,128,128,128,8,COMPRESSED(DXT1/PVRTC/ETC1),2,False,9302
nostromo-ambassador_specular_256.atf,nostromo-ambassador,specular,256,256,256,9,COMPRESSED(DXT1/PVRTC/ETC1),2,False,29135
nostromo-ambassador_specular_512.atf,nostromo-ambassador,specular,512,512,512,10,COMPRESSED(DXT1/PVRTC/ETC1),2,False,100957
nostromo-diplomat_diffuse_128.atf,nostromo-diplomat,diffuse,128,128,128,8,COMPRESSED(DXT1/PVRTC/ETC1),2,False,11059
nostromo-diplomat_diffuse_256.atf,nostromo-diplomat,diffuse,256,256,256,9,COMPRESSED(DXT1/PVRTC/ETC1),2,False,35567
nostromo-diplomat_diffuse_512.atf,nostromo-diplomat,diffuse,512,512,512,10,COMPRESSED(DXT1/PVRTC/ETC1),2,False,127136
nostromo-envoy_diffuse_128.atf,nostromo-envoy,diffuse,128,128,128,8,COMPRESSED(DXT1/PVRTC/ETC1),2,False,11430
nostromo-envoy_diffuse_256.atf,nostromo-envoy,diffuse,256,256,256,9,COMPRESSED(DXT1/PVRTC/ETC1),2,False,36753
nostromo-envoy_diffuse_512.atf,nostromo-envoy,diffuse,512,512,512,10,COMPRESSED(DXT1/PVRTC/ETC1),2,False,129673
nostromo-razer_diffuse_128.atf,nostromo-razer,diffuse,128,128,128,8,COMPRESSED(DXT1/PVRTC/ETC1),2,False,11548
nostromo-razer_diffuse_256.atf,nostromo-razer,diffuse,256,256,256,9,COMPRESSED(DXT1/PVRTC/ETC1),2,False,38827
nostromo-razer_diffuse_512.atf,nostromo-razer,diffuse,512,512,512,10,COMPRESSED(DXT1/PVRTC/ETC1),2,False,140844
nostromo-razer_glow_128.atf,nostromo-razer,glow,128,128,128,8,COMPRESSED(DXT1/PVRTC/ETC1),2,False,3296
nostromo-razer_glow_256.atf,nostromo-razer,glow,256,256,256,9,COMPRESSED(DXT1/PVRTC/ETC1),2,False,5885
nostromo-razer_glow_512.atf,nostromo-razer,glow,512,512,512,10,COMPRESSED(DXT1/PVRTC/ETC1),2,False,11261
nostromo-razer_normal_128.atf,nostromo-razer,normal,128,128,128,8,COMPRESSED(DXT1/PVRTC/ETC1),2,False,12079
nostromo-razer_normal_256.atf,nostromo-razer,normal,256,256,256,9,COMPRESSED(DXT1/PVRTC/ETC1),2,False,40578
nostromo-razer_normal_512.atf,nostromo-razer,normal,512,512,512,10,COMPRESSED(DXT1/PVRTC/ETC1),2,False,147207
nostromo-razer_specular_128.atf,nostromo-razer,specular,128,128,128,8,COMPRESSED(DXT1/PVRTC/ETC1),2,False,9507
nostromo-razer_specular_256.atf,nostromo-razer,specular,256,256,256,9,COMPRESSED(DXT1/PVRTC/ETC1),2,False,30911
nostromo-razer_specular_512.atf,nostromo-razer,specular,512,512,512,10,COMPRESSED(DXT1/PVRTC/ETC1),2,False,113264
nostromo_diffuse_128.atf,nostromo,diffuse,128,128,128,8,COMPRESSED(DXT1/PVRTC/ETC1),2,False,10749
nostromo_diffuse_256.atf,nostromo,diffuse,256,256,256,9,COMPRESSED(DXT1/PVRTC/ETC1),2,False,35048
nostromo_diffuse_512.atf,nostromo,diffuse,512,512,512,10,COMPRESSED(DXT1/PVRTC/ETC1),2,False,127471
nostromo_glow_128.atf,nostromo,glow,128,128,128,8,COMPRESSED(DXT1/PVRTC/ETC1),2,False,3296
nostromo_glow_256.atf,nostromo,glow,256,256,256,9,COMPRESSED(DXT1/PVRTC/ETC1),2,False,5885
nostromo_glow_512.atf,nostromo,glow,512,512,512,10,COMPRESSED(DXT1/PVRTC/ETC1),2,False,11261
nostromo_normal_128.atf,nostromo,normal,128,128,128,8,COMPRESSED(DXT1/PVRTC/ETC1),2,False,12079
nostromo_normal_256.atf,nostromo,normal,256,256,256,9,COMPRESSED(DXT1/PVRTC/ETC1),2,False,40404
nostromo_normal_512.atf,nostromo,normal,512,512,512,10,COMPRESSED(DXT1/PVRTC/ETC1),2,False,146088
nostromo_specular_128.atf,nostromo,specular,128,128,128,8,COMPRESSED(DXT1/PVRTC/ETC1),2,False,9507
nostromo_specular_256.atf,nostromo,specular,256,256,256,9,COMPRESSED(DXT1/PVRTC/ETC1),2,False,30911
nostromo_specular_512.atf,nostromo,specular,512,512,512,10,COMPRESSED(DXT1/PVRTC/ETC1),2,False,113264
ore_diffuse_128.atf,ore,diffuse,128,128,128,8,COMPRESSED(DXT1/PVRTC/ETC1),2,False,11065
ore_diffuse_256.atf,ore,diffuse,256,256,256,9,COMPRESSED(DXT1/PVRTC/ETC1),2,False,34726
ore_diffuse_512.atf,ore,diffuse,512,512,512,10,COMPRESSED(DXT1/PVRTC/ETC1),2,False,115936
ore_glow_128.atf,ore,glow,128,128,128,8,COMPRESSED(DXT1/PVRTC/ETC1),2,False,9469
ore_glow_256.atf,ore,glow,256,256,256,9,COMPRESSED(DXT1/PVRTC/ETC1),2,False,25165
ore_glow_512.atf,ore,glow,512,512,512,10,COMPRESSED(DXT1/PVRTC/ETC1),2,False,70346
ore_normal_128.atf,ore,normal,128,128,128,8,COMPRESSED(DXT1/PVRTC/ETC1),2,False,12122
ore_normal_256.atf,ore,normal,256,256,256,9,COMPRESSED(DXT1/PVRTC/ETC1),2,False,39225
ore_normal_512.atf,ore,normal,512,512,512,10,COMPRESSED(DXT1/PVRTC/ETC1),2,False,138350
ore_specular_128.atf,ore,specular,128,128,128,8,COMPRESSED(DXT1/PVRTC/ETC1),2,False,7888
ore_specular_256.atf,ore,specular,256,256,256,9,COMPRESSED(DXT1/PVRTC/ETC1),2,False,23705
ore_specular_512.atf,ore,specular,512,512,512,10,COMPRESSED(DXT1/PVRTC/ETC1),2,False,78829
outcast_diffuse_128.atf,outcast,diffuse,128,128,128,8,COMPRESSED(DXT1/PVRTC/ETC1),2,False,11795
outcast_diffuse_256.atf,outcast,diffuse,256,256,256,9,COMPRESSED(DXT1/PVRTC/ETC1),2,False,38901
outcast_diffuse_512.atf,outcast,diffuse,512,512,512,10,COMPRESSED(DXT1/PVRTC/ETC1),2,False,137843
outcast_glow_128.atf,outcast,glow,128,128,128,8,COMPRESSED(DXT1/PVRTC/ETC1),2,False,3321
outcast_glow_256.atf,outcast,glow,256,256,256,9,COMPRESSED(DXT1/PVRTC/ETC1),2,False,5762
outcast_glow_512.atf,outcast,glow,512,512,512,10,COMPRESSED(DXT1/PVRTC/ETC1),2,False,11096
outcast_normal_128.atf,outcast,normal,128,128,128,8,COMPRESSED(DXT1/PVRTC/ETC1),2,False,11474
outcast_normal_256.atf,outcast,normal,256,256,256,9,COMPRESSED(DXT1/PVRTC/ETC1),2,False,37092
outcast_normal_512.atf,outcast,normal,512,512,512,10,COMPRESSED(DXT1/PVRTC/ETC1),2,False,126553
outcast_specular_128.atf,outcast,specular,128,128,128,8,COMPRESSED(DXT1/PVRTC/ETC1),2,False,9605
outcast_specular_256.atf,outcast,specular,256,256,256,9,COMPRESSED(DXT1/PVRTC/ETC1),2,False,31340
outcast_specular_512.atf,outcast,specular,512,512,512,10,COMPRESSED(DXT1/PVRTC/ETC1),2,False,113062
pet-chimera-argon_diffuse_128.atf,pet-chimera-argon,diffuse,128,128,128,8,COMPRESSED(DXT1/PVRTC/ETC1),2,False,13048
pet-chimera-argon_diffuse_256.atf,pet-chimera-argon,diffuse,256,256,256,9,COMPRESSED(DXT1/PVRTC/ETC1),2,False,39144
pet-chimera-argon_diffuse_512.atf,pet-chimera-argon,diffuse,512,512,512,10,COMPRESSED(DXT1/PVRTC/ETC1),2,False,127023
pet-chimera-argon_glow_128.atf,pet-chimera-argon,glow,128,128,128,8,COMPRESSED(DXT1/PVRTC/ETC1),2,False,7402
pet-chimera-argon_glow_256.atf,pet-chimera-argon,glow,256,256,256,9,COMPRESSED(DXT1/PVRTC/ETC1),2,False,17876
pet-chimera-argon_glow_512.atf,pet-chimera-argon,glow,512,512,512,10,COMPRESSED(DXT1/PVRTC/ETC1),2,False,47878
pet-chimera-green_diffuse_128.atf,pet-chimera-green,diffuse,128,128,128,8,COMPRESSED(DXT1/PVRTC/ETC1),2,False,11184
pet-chimera-green_diffuse_256.atf,pet-chimera-green,diffuse,256,256,256,9,COMPRESSED(DXT1/PVRTC/ETC1),2,False,33762
pet-chimera-green_diffuse_512.atf,pet-chimera-green,diffuse,512,512,512,10,COMPRESSED(DXT1/PVRTC/ETC1),2,False,108823
pet-chimera-green_glow_128.atf,pet-chimera-green,glow,128,128,128,8,COMPRESSED(DXT1/PVRTC/ETC1),2,False,8462
pet-chimera-green_glow_256.atf,pet-chimera-green,glow,256,256,256,9,COMPRESSED(DXT1/PVRTC/ETC1),2,False,22826
pet-chimera-green_glow_512.atf,pet-chimera-green,glow,512,512,512,10,COMPRESSED(DXT1/PVRTC/ETC1),2,False,66657
pet-chimera-lava_diffuse_128.atf,pet-chimera-lava,diffuse,128,128,128,8,COMPRESSED(DXT1/PVRTC/ETC1),2,False,10554
pet-chimera-lava_diffuse_256.atf,pet-chimera-lava,diffuse,256,256,256,9,COMPRESSED(DXT1/PVRTC/ETC1),2,False,32556
pet-chimera-lava_diffuse_512.atf,pet-chimera-lava,diffuse,512,512,512,10,COMPRESSED(DXT1/PVRTC/ETC1),2,False,109606
pet-chimera-lava_glow_128.atf,pet-chimera-lava,glow,128,128,128,8,COMPRESSED(DXT1/PVRTC/ETC1),2,False,7402
pet-chimera-lava_glow_256.atf,pet-chimera-lava,glow,256,256,256,9,COMPRESSED(DXT1/PVRTC/ETC1),2,False,17876
pet-chimera-lava_glow_512.atf,pet-chimera-lava,glow,512,512,512,10,COMPRESSED(DXT1/PVRTC/ETC1),2,False,47878
pet-chimera-legend_diffuse_128.atf,pet-chimera-legend,diffuse,128,128,128,8,COMPRESSED(DXT1/PVRTC/ETC1),2,False,11388
pet-chimera-legend_diffuse_256.atf,pet-chimera-legend,diffuse,256,256,256,9,COMPRESSED(DXT1/PVRTC/ETC1),2,False,36086
pet-chimera-legend_diffuse_512.atf,pet-chimera-legend,diffuse,512,512,512,10,COMPRESSED(DXT1/PVRTC/ETC1),2,False,120599
pet-chimera-legend_glow_128.atf,pet-chimera-legend,glow,128,128,128,8,COMPRESSED(DXT1/PVRTC/ETC1),2,False,12041
pet-chimera-legend_glow_256.atf,pet-chimera-legend,glow,256,256,256,9,COMPRESSED(DXT1/PVRTC/ETC1),2,False,38334
pet-chimera-legend_glow_512.atf,pet-chimera-legend,glow,512,512,512,10,COMPRESSED(DXT1/PVRTC/ETC1),2,False,126582
pet-chimera-ocean_diffuse_128.atf,pet-chimera-ocean,diffuse,128,128,128,8,COMPRESSED(DXT1/PVRTC/ETC1),2,False,11671
pet-chimera-ocean_diffuse_256.atf,pet-chimera-ocean,diffuse,256,256,256,9,COMPRESSED(DXT1/PVRTC/ETC1),2,False,35792
pet-chimera-ocean_diffuse_512.atf,pet-chimera-ocean,diffuse,512,512,512,10,COMPRESSED(DXT1/PVRTC/ETC1),2,False,118341
pet-chimera-ocean_glow_128.atf,pet-chimera-ocean,glow,128,128,128,8,COMPRESSED(DXT1/PVRTC/ETC1),2,False,7402
pet-chimera-ocean_glow_256.atf,pet-chimera-ocean,glow,256,256,256,9,COMPRESSED(DXT1/PVRTC/ETC1),2,False,17876
pet-chimera-ocean_glow_512.atf,pet-chimera-ocean,glow,512,512,512,10,COMPRESSED(DXT1/PVRTC/ETC1),2,False,47878
pet-chimera-orange_diffuse_128.atf,pet-chimera-orange,diffuse,128,128,128,8,COMPRESSED(DXT1/PVRTC/ETC1),2,False,10996
pet-chimera-orange_diffuse_256.atf,pet-chimera-orange,diffuse,256,256,256,9,COMPRESSED(DXT1/PVRTC/ETC1),2,False,33078
pet-chimera-orange_diffuse_512.atf,pet-chimera-orange,diffuse,512,512,512,10,COMPRESSED(DXT1/PVRTC/ETC1),2,False,106717
pet-chimera-orange_glow_128.atf,pet-chimera-orange,glow,128,128,128,8,COMPRESSED(DXT1/PVRTC/ETC1),2,False,8209
pet-chimera-orange_glow_256.atf,pet-chimera-orange,glow,256,256,256,9,COMPRESSED(DXT1/PVRTC/ETC1),2,False,20421
pet-chimera-orange_glow_512.atf,pet-chimera-orange,glow,512,512,512,10,COMPRESSED(DXT1/PVRTC/ETC1),2,False,55149
pet-chimera-poison_diffuse_128.atf,pet-chimera-poison,diffuse,128,128,128,8,COMPRESSED(DXT1/PVRTC/ETC1),2,False,11772
pet-chimera-poison_diffuse_256.atf,pet-chimera-poison,diffuse,256,256,256,9,COMPRESSED(DXT1/PVRTC/ETC1),2,False,36053
pet-chimera-poison_diffuse_512.atf,pet-chimera-poison,diffuse,512,512,512,10,COMPRESSED(DXT1/PVRTC/ETC1),2,False,119296
pet-chimera-poison_glow_128.atf,pet-chimera-poison,glow,128,128,128,8,COMPRESSED(DXT1/PVRTC/ETC1),2,False,8924
pet-chimera-poison_glow_256.atf,pet-chimera-poison,glow,256,256,256,9,COMPRESSED(DXT1/PVRTC/ETC1),2,False,23498
pet-chimera-poison_glow_512.atf,pet-chimera-poison,glow,512,512,512,10,COMPRESSED(DXT1/PVRTC/ETC1),2,False,67439
pet-chimera-red_diffuse_128.atf,pet-chimera-red,diffuse,128,128,128,8,COMPRESSED(DXT1/PVRTC/ETC1),2,False,11188
pet-chimera-red_diffuse_256.atf,pet-chimera-red,diffuse,256,256,256,9,COMPRESSED(DXT1/PVRTC/ETC1),2,False,33509
pet-chimera-red_diffuse_512.atf,pet-chimera-red,diffuse,512,512,512,10,COMPRESSED(DXT1/PVRTC/ETC1),2,False,107732
pet-chimera-red_glow_128.atf,pet-chimera-red,glow,128,128,128,8,COMPRESSED(DXT1/PVRTC/ETC1),2,False,9402
pet-chimera-red_glow_256.atf,pet-chimera-red,glow,256,256,256,9,COMPRESSED(DXT1/PVRTC/ETC1),2,False,25039
pet-chimera-red_glow_512.atf,pet-chimera-red,glow,512,512,512,10,COMPRESSED(DXT1/PVRTC/ETC1),2,False,72261
pet-chimera_normal_128.atf,pet-chimera,normal,128,128,128,8,COMPRESSED(DXT1/PVRTC/ETC1),2,False,11001
pet-chimera_normal_256.atf,pet-chimera,normal,256,256,256,9,COMPRESSED(DXT1/PVRTC/ETC1),2,False,34382
pet-chimera_normal_512.atf,pet-chimera,normal,512,512,512,10,COMPRESSED(DXT1/PVRTC/ETC1),2,False,110352
pet-chimera_specular_128.atf,pet-chimera,specular,128,128,128,8,COMPRESSED(DXT1/PVRTC/ETC1),2,False,10307
pet-chimera_specular_256.atf,pet-chimera,specular,256,256,256,9,COMPRESSED(DXT1/PVRTC/ETC1),2,False,32148
pet-chimera_specular_512.atf,pet-chimera,specular,512,512,512,10,COMPRESSED(DXT1/PVRTC/ETC1),2,False,105739
pet-cyborg-argon_diffuse_128.atf,pet-cyborg-argon,diffuse,128,128,128,8,COMPRESSED(DXT1/PVRTC/ETC1),2,False,11617
pet-cyborg-argon_diffuse_256.atf,pet-cyborg-argon,diffuse,256,256,256,9,COMPRESSED(DXT1/PVRTC/ETC1),2,False,36892
pet-cyborg-argon_diffuse_512.atf,pet-cyborg-argon,diffuse,512,512,512,10,COMPRESSED(DXT1/PVRTC/ETC1),2,False,126991
pet-cyborg-lava_diffuse_128.atf,pet-cyborg-lava,diffuse,128,128,128,8,COMPRESSED(DXT1/PVRTC/ETC1),2,False,10170
pet-cyborg-lava_diffuse_256.atf,pet-cyborg-lava,diffuse,256,256,256,9,COMPRESSED(DXT1/PVRTC/ETC1),2,False,33044
pet-cyborg-lava_diffuse_512.atf,pet-cyborg-lava,diffuse,512,512,512,10,COMPRESSED(DXT1/PVRTC/ETC1),2,False,115875
pet-cyborg_argon_diffuse_128.atf,pet-cyborg_argon,diffuse,128,128,128,8,COMPRESSED(DXT1/PVRTC/ETC1),2,False,11617
pet-cyborg_argon_diffuse_256.atf,pet-cyborg_argon,diffuse,256,256,256,9,COMPRESSED(DXT1/PVRTC/ETC1),2,False,36892
pet-cyborg_argon_diffuse_512.atf,pet-cyborg_argon,diffuse,512,512,512,10,COMPRESSED(DXT1/PVRTC/ETC1),2,False,126991
pet-cyborg_diffuse_128.atf,pet-cyborg,diffuse,128,128,128,8,COMPRESSED(DXT1/PVRTC/ETC1),2,False,9875
pet-cyborg_diffuse_256.atf,pet-cyborg,diffuse,256,256,256,9,COMPRESSED(DXT1/PVRTC/ETC1),2,False,31854
pet-cyborg_diffuse_512.atf,pet-cyborg,diffuse,512,512,512,10,COMPRESSED(DXT1/PVRTC/ETC1),2,False,109945
pet-cyborg_glow_128.atf,pet-cyborg,glow,128,128,128,8,COMPRESSED(DXT1/PVRTC/ETC1),2,False,3965
pet-cyborg_glow_256.atf,pet-cyborg,glow,256,256,256,9,COMPRESSED(DXT1/PVRTC/ETC1),2,False,7160
pet-cyborg_glow_512.atf,pet-cyborg,glow,512,512,512,10,COMPRESSED(DXT1/PVRTC/ETC1),2,False,14884
pet-cyborg_lava_diffuse_128.atf,pet-cyborg_lava,diffuse,128,128,128,8,COMPRESSED(DXT1/PVRTC/ETC1),2,False,10170
pet-cyborg_lava_diffuse_256.atf,pet-cyborg_lava,diffuse,256,256,256,9,COMPRESSED(DXT1/PVRTC/ETC1),2,False,33044
pet-cyborg_lava_diffuse_512.atf,pet-cyborg_lava,diffuse,512,512,512,10,COMPRESSED(DXT1/PVRTC/ETC1),2,False,115875
pet-cyborg_normal_128.atf,pet-cyborg,normal,128,128,128,8,COMPRESSED(DXT1/PVRTC/ETC1),2,False,11507
pet-cyborg_normal_256.atf,pet-cyborg,normal,256,256,256,9,COMPRESSED(DXT1/PVRTC/ETC1),2,False,38315
pet-cyborg_normal_512.atf,pet-cyborg,normal,512,512,512,10,COMPRESSED(DXT1/PVRTC/ETC1),2,False,134773
pet-cyborg_specular_128.atf,pet-cyborg,specular,128,128,128,8,COMPRESSED(DXT1/PVRTC/ETC1),2,False,9201
pet-cyborg_specular_256.atf,pet-cyborg,specular,256,256,256,9,COMPRESSED(DXT1/PVRTC/ETC1),2,False,29364
pet-cyborg_specular_512.atf,pet-cyborg,specular,512,512,512,10,COMPRESSED(DXT1/PVRTC/ETC1),2,False,101702
pet-goliath-x-borealis_diffuse_128.atf,pet-goliath-x-borealis,diffuse,128,128,128,8,COMPRESSED(DXT1/PVRTC/ETC1),2,False,11607
pet-goliath-x-borealis_diffuse_256.atf,pet-goliath-x-borealis,diffuse,256,256,256,9,COMPRESSED(DXT1/PVRTC/ETC1),2,False,36855
pet-goliath-x-borealis_diffuse_512.atf,pet-goliath-x-borealis,diffuse,512,512,512,10,COMPRESSED(DXT1/PVRTC/ETC1),2,False,126824
pet-goliath-x-ocean_diffuse_128.atf,pet-goliath-x-ocean,diffuse,128,128,128,8,COMPRESSED(DXT1/PVRTC/ETC1),2,False,11308
pet-goliath-x-ocean_diffuse_256.atf,pet-goliath-x-ocean,diffuse,256,256,256,9,COMPRESSED(DXT1/PVRTC/ETC1),2,False,36022
pet-goliath-x-ocean_diffuse_512.atf,pet-goliath-x-ocean,diffuse,512,512,512,10,COMPRESSED(DXT1/PVRTC/ETC1),2,False,124959
pet-goliath-x-sandstorm_diffuse_128.atf,pet-goliath-x-sandstorm,diffuse,128,128,128,8,COMPRESSED(DXT1/PVRTC/ETC1),2,False,11073
pet-goliath-x-sandstorm_diffuse_256.atf,pet-goliath-x-sandstorm,diffuse,256,256,256,9,COMPRESSED(DXT1/PVRTC/ETC1),2,False,35244
pet-goliath-x-sandstorm_diffuse_512.atf,pet-goliath-x-sandstorm,diffuse,512,512,512,10,COMPRESSED(DXT1/PVRTC/ETC1),2,False,123313
pet-goliath-x_diffuse_128.atf,pet-goliath-x,diffuse,128,128,128,8,COMPRESSED(DXT1/PVRTC/ETC1),2,False,9968
pet-goliath-x_diffuse_256.atf,pet-goliath-x,diffuse,256,256,256,9,COMPRESSED(DXT1/PVRTC/ETC1),2,False,31409
pet-goliath-x_diffuse_512.atf,pet-goliath-x,diffuse,512,512,512,10,COMPRESSED(DXT1/PVRTC/ETC1),2,False,109281
pet-goliath-x_glow_128.atf,pet-goliath-x,glow,128,128,128,8,COMPRESSED(DXT1/PVRTC/ETC1),2,False,3705
pet-goliath-x_glow_256.atf,pet-goliath-x,glow,256,256,256,9,COMPRESSED(DXT1/PVRTC/ETC1),2,False,6557
pet-goliath-x_glow_512.atf,pet-goliath-x,glow,512,512,512,10,COMPRESSED(DXT1/PVRTC/ETC1),2,False,13073
pet-goliath-x_normal_128.atf,pet-goliath-x,normal,128,128,128,8,COMPRESSED(DXT1/PVRTC/ETC1),2,False,9788
pet-goliath-x_normal_256.atf,pet-goliath-x,normal,256,256,256,9,COMPRESSED(DXT1/PVRTC/ETC1),2,False,31370
pet-goliath-x_normal_512.atf,pet-goliath-x,normal,512,512,512,10,COMPRESSED(DXT1/PVRTC/ETC1),2,False,109061
pet-goliath-x_specular_128.atf,pet-goliath-x,specular,128,128,128,8,COMPRESSED(DXT1/PVRTC/ETC1),2,False,11122
pet-goliath-x_specular_256.atf,pet-goliath-x,specular,256,256,256,9,COMPRESSED(DXT1/PVRTC/ETC1),2,False,35673
pet-goliath-x_specular_512.atf,pet-goliath-x,specular,512,512,512,10,COMPRESSED(DXT1/PVRTC/ETC1),2,False,123887
pet-green_diffuse_128.atf,pet-green,diffuse,128,128,128,8,COMPRESSED(DXT1/PVRTC/ETC1),2,False,12183
pet-green_diffuse_256.atf,pet-green,diffuse,256,256,256,9,COMPRESSED(DXT1/PVRTC/ETC1),2,False,39682
pet-green_diffuse_512.atf,pet-green,diffuse,512,512,512,10,COMPRESSED(DXT1/PVRTC/ETC1),2,False,136306
pet-hammerclaw-argon_diffuse_128.atf,pet-hammerclaw-argon,diffuse,128,128,128,8,COMPRESSED(DXT1/PVRTC/ETC1),2,False,12763
pet-hammerclaw-argon_diffuse_256.atf,pet-hammerclaw-argon,diffuse,256,256,256,9,COMPRESSED(DXT1/PVRTC/ETC1),2,False,40730
pet-hammerclaw-argon_diffuse_512.atf,pet-hammerclaw-argon,diffuse,512,512,512,10,COMPRESSED(DXT1/PVRTC/ETC1),2,False,136568
pet-hammerclaw-argon_glow_128.atf,pet-hammerclaw-argon,glow,128,128,128,8,COMPRESSED(DXT1/PVRTC/ETC1),2,False,4159
pet-hammerclaw-argon_glow_256.atf,pet-hammerclaw-argon,glow,256,256,256,9,COMPRESSED(DXT1/PVRTC/ETC1),2,False,7492
pet-hammerclaw-argon_glow_512.atf,pet-hammerclaw-argon,glow,512,512,512,10,COMPRESSED(DXT1/PVRTC/ETC1),2,False,16075
pet-hammerclaw-lava_diffuse_128.atf,pet-hammerclaw-lava,diffuse,128,128,128,8,COMPRESSED(DXT1/PVRTC/ETC1),2,False,10165
pet-hammerclaw-lava_diffuse_256.atf,pet-hammerclaw-lava,diffuse,256,256,256,9,COMPRESSED(DXT1/PVRTC/ETC1),2,False,32084
pet-hammerclaw-lava_diffuse_512.atf,pet-hammerclaw-lava,diffuse,512,512,512,10,COMPRESSED(DXT1/PVRTC/ETC1),2,False,109255
pet-hammerclaw-lava_glow_128.atf,pet-hammerclaw-lava,glow,128,128,128,8,COMPRESSED(DXT1/PVRTC/ETC1),2,False,4354
pet-hammerclaw-lava_glow_256.atf,pet-hammerclaw-lava,glow,256,256,256,9,COMPRESSED(DXT1/PVRTC/ETC1),2,False,7858
pet-hammerclaw-lava_glow_512.atf,pet-hammerclaw-lava,glow,512,512,512,10,COMPRESSED(DXT1/PVRTC/ETC1),2,False,16586
pet-hammerclaw_diffuse_128.atf,pet-hammerclaw,diffuse,128,128,128,8,COMPRESSED(DXT1/PVRTC/ETC1),2,False,11810
pet-hammerclaw_diffuse_256.atf,pet-hammerclaw,diffuse,256,256,256,9,COMPRESSED(DXT1/PVRTC/ETC1),2,False,36978
pet-hammerclaw_diffuse_512.atf,pet-hammerclaw,diffuse,512,512,512,10,COMPRESSED(DXT1/PVRTC/ETC1),2,False,123692
pet-hammerclaw_glow_128.atf,pet-hammerclaw,glow,128,128,128,8,COMPRESSED(DXT1/PVRTC/ETC1),2,False,4556
pet-hammerclaw_glow_256.atf,pet-hammerclaw,glow,256,256,256,9,COMPRESSED(DXT1/PVRTC/ETC1),2,False,8197
pet-hammerclaw_glow_512.atf,pet-hammerclaw,glow,512,512,512,10,COMPRESSED(DXT1/PVRTC/ETC1),2,False,17404
pet-hammerclaw_normal_128.atf,pet-hammerclaw,normal,128,128,128,8,COMPRESSED(DXT1/PVRTC/ETC1),2,False,8919
pet-hammerclaw_normal_256.atf,pet-hammerclaw,normal,256,256,256,9,COMPRESSED(DXT1/PVRTC/ETC1),2,False,25988
pet-hammerclaw_normal_512.atf,pet-hammerclaw,normal,512,512,512,10,COMPRESSED(DXT1/PVRTC/ETC1),2,False,81670
pet-hammerclaw_specular_128.atf,pet-hammerclaw,specular,128,128,128,8,COMPRESSED(DXT1/PVRTC/ETC1),2,False,9747
pet-hammerclaw_specular_256.atf,pet-hammerclaw,specular,256,256,256,9,COMPRESSED(DXT1/PVRTC/ETC1),2,False,29577
pet-hammerclaw_specular_512.atf,pet-hammerclaw,specular,512,512,512,10,COMPRESSED(DXT1/PVRTC/ETC1),2,False,93791
pet-mirage-argon_diffuse_128.atf,pet-mirage-argon,diffuse,128,128,128,8,COMPRESSED(DXT1/PVRTC/ETC1),2,False,12160
pet-mirage-argon_diffuse_256.atf,pet-mirage-argon,diffuse,256,256,256,9,COMPRESSED(DXT1/PVRTC/ETC1),2,False,37461
pet-mirage-argon_diffuse_512.atf,pet-mirage-argon,diffuse,512,512,512,10,COMPRESSED(DXT1/PVRTC/ETC1),2,False,122567
pet-mirage-argon_glow_128.atf,pet-mirage-argon,glow,128,128,128,8,COMPRESSED(DXT1/PVRTC/ETC1),2,False,8087
pet-mirage-argon_glow_256.atf,pet-mirage-argon,glow,256,256,256,9,COMPRESSED(DXT1/PVRTC/ETC1),2,False,19817
pet-mirage-argon_glow_512.atf,pet-mirage-argon,glow,512,512,512,10,COMPRESSED(DXT1/PVRTC/ETC1),2,False,50572
pet-mirage-green-glow_128.atf,pet-mirage-green-glow,?,128,128,128,8,COMPRESSED(DXT1/PVRTC/ETC1),2,False,9390
pet-mirage-green-glow_256.atf,pet-mirage-green-glow,?,256,256,256,9,COMPRESSED(DXT1/PVRTC/ETC1),2,False,23437
pet-mirage-green-glow_512.atf,pet-mirage-green-glow,?,512,512,512,10,COMPRESSED(DXT1/PVRTC/ETC1),2,False,61439
pet-mirage-green_diffuse_128.atf,pet-mirage-green,diffuse,128,128,128,8,COMPRESSED(DXT1/PVRTC/ETC1),2,False,11487
pet-mirage-green_diffuse_256.atf,pet-mirage-green,diffuse,256,256,256,9,COMPRESSED(DXT1/PVRTC/ETC1),2,False,36598
pet-mirage-green_diffuse_512.atf,pet-mirage-green,diffuse,512,512,512,10,COMPRESSED(DXT1/PVRTC/ETC1),2,False,124851
pet-mirage-green_glow_128.atf,pet-mirage-green,glow,128,128,128,8,COMPRESSED(DXT1/PVRTC/ETC1),2,False,9390
pet-mirage-green_glow_256.atf,pet-mirage-green,glow,256,256,256,9,COMPRESSED(DXT1/PVRTC/ETC1),2,False,23437
pet-mirage-green_glow_512.atf,pet-mirage-green,glow,512,512,512,10,COMPRESSED(DXT1/PVRTC/ETC1),2,False,61439
pet-mirage-legend_diffuse_128.atf,pet-mirage-legend,diffuse,128,128,128,8,COMPRESSED(DXT1/PVRTC/ETC1),2,False,11300
pet-mirage-legend_diffuse_256.atf,pet-mirage-legend,diffuse,256,256,256,9,COMPRESSED(DXT1/PVRTC/ETC1),2,False,35559
pet-mirage-legend_diffuse_512.atf,pet-mirage-legend,diffuse,512,512,512,10,COMPRESSED(DXT1/PVRTC/ETC1),2,False,117092
pet-mirage-legend_glow_128.atf,pet-mirage-legend,glow,128,128,128,8,COMPRESSED(DXT1/PVRTC/ETC1),2,False,11161
pet-mirage-legend_glow_256.atf,pet-mirage-legend,glow,256,256,256,9,COMPRESSED(DXT1/PVRTC/ETC1),2,False,34971
pet-mirage-legend_glow_512.atf,pet-mirage-legend,glow,512,512,512,10,COMPRESSED(DXT1/PVRTC/ETC1),2,False,114083
pet-mirage-orange_diffuse_128.atf,pet-mirage-orange,diffuse,128,128,128,8,COMPRESSED(DXT1/PVRTC/ETC1),2,False,11613
pet-mirage-orange_diffuse_256.atf,pet-mirage-orange,diffuse,256,256,256,9,COMPRESSED(DXT1/PVRTC/ETC1),2,False,36798
pet-mirage-orange_diffuse_512.atf,pet-mirage-orange,diffuse,512,512,512,10,COMPRESSED(DXT1/PVRTC/ETC1),2,False,125899
pet-mirage-orange_glow_128.atf,pet-mirage-orange,glow,128,128,128,8,COMPRESSED(DXT1/PVRTC/ETC1),2,False,8706
pet-mirage-orange_glow_256.atf,pet-mirage-orange,glow,256,256,256,9,COMPRESSED(DXT1/PVRTC/ETC1),2,False,21779
pet-mirage-orange_glow_512.atf,pet-mirage-orange,glow,512,512,512,10,COMPRESSED(DXT1/PVRTC/ETC1),2,False,56133
pet-mirage-red_diffuse_128.atf,pet-mirage-red,diffuse,128,128,128,8,COMPRESSED(DXT1/PVRTC/ETC1),2,False,11415
pet-mirage-red_diffuse_256.atf,pet-mirage-red,diffuse,256,256,256,9,COMPRESSED(DXT1/PVRTC/ETC1),2,False,36465
pet-mirage-red_diffuse_512.atf,pet-mirage-red,diffuse,512,512,512,10,COMPRESSED(DXT1/PVRTC/ETC1),2,False,125070
pet-mirage-red_glow_128.atf,pet-mirage-red,glow,128,128,128,8,COMPRESSED(DXT1/PVRTC/ETC1),2,False,8867
pet-mirage-red_glow_256.atf,pet-mirage-red,glow,256,256,256,9,COMPRESSED(DXT1/PVRTC/ETC1),2,False,22536
pet-mirage-red_glow_512.atf,pet-mirage-red,glow,512,512,512,10,COMPRESSED(DXT1/PVRTC/ETC1),2,False,57942
pet-mirage_normal_128.atf,pet-mirage,normal,128,128,128,8,COMPRESSED(DXT1/PVRTC/ETC1),2,False,11582
pet-mirage_normal_256.atf,pet-mirage,normal,256,256,256,9,COMPRESSED(DXT1/PVRTC/ETC1),2,False,37672
pet-mirage_normal_512.atf,pet-mirage,normal,512,512,512,10,COMPRESSED(DXT1/PVRTC/ETC1),2,False,128065
pet-mirage_specular_128.atf,pet-mirage,specular,128,128,128,8,COMPRESSED(DXT1/PVRTC/ETC1),2,False,12482
pet-mirage_specular_256.atf,pet-mirage,specular,256,256,256,9,COMPRESSED(DXT1/PVRTC/ETC1),2,False,40495
pet-mirage_specular_512.atf,pet-mirage,specular,512,512,512,10,COMPRESSED(DXT1/PVRTC/ETC1),2,False,140538
pet-pusat-blaze_diffuse_128.atf,pet-pusat-blaze,diffuse,128,128,128,8,COMPRESSED(DXT1/PVRTC/ETC1),2,False,12495
pet-pusat-blaze_diffuse_256.atf,pet-pusat-blaze,diffuse,256,256,256,9,COMPRESSED(DXT1/PVRTC/ETC1),2,False,39634
pet-pusat-blaze_diffuse_512.atf,pet-pusat-blaze,diffuse,512,512,512,10,COMPRESSED(DXT1/PVRTC/ETC1),2,False,129578
pet-pusat-ocean_diffuse_128.atf,pet-pusat-ocean,diffuse,128,128,128,8,COMPRESSED(DXT1/PVRTC/ETC1),2,False,13011
pet-pusat-ocean_diffuse_256.atf,pet-pusat-ocean,diffuse,256,256,256,9,COMPRESSED(DXT1/PVRTC/ETC1),2,False,40359
pet-pusat-ocean_diffuse_512.atf,pet-pusat-ocean,diffuse,512,512,512,10,COMPRESSED(DXT1/PVRTC/ETC1),2,False,132471
pet-pusat_glow_128.atf,pet-pusat,glow,128,128,128,8,COMPRESSED(DXT1/PVRTC/ETC1),2,False,4123
pet-pusat_glow_256.atf,pet-pusat,glow,256,256,256,9,COMPRESSED(DXT1/PVRTC/ETC1),2,False,7486
pet-pusat_glow_512.atf,pet-pusat,glow,512,512,512,10,COMPRESSED(DXT1/PVRTC/ETC1),2,False,15494
pet-pusat_normal_128.atf,pet-pusat,normal,128,128,128,8,COMPRESSED(DXT1/PVRTC/ETC1),2,False,11254
pet-pusat_normal_256.atf,pet-pusat,normal,256,256,256,9,COMPRESSED(DXT1/PVRTC/ETC1),2,False,35115
pet-pusat_normal_512.atf,pet-pusat,normal,512,512,512,10,COMPRESSED(DXT1/PVRTC/ETC1),2,False,116935
pet-pusat_specular_128.atf,pet-pusat,specular,128,128,128,8,COMPRESSED(DXT1/PVRTC/ETC1),2,False,11227
pet-pusat_specular_256.atf,pet-pusat,specular,256,256,256,9,COMPRESSED(DXT1/PVRTC/ETC1),2,False,35346
pet-pusat_specular_512.atf,pet-pusat,specular,512,512,512,10,COMPRESSED(DXT1/PVRTC/ETC1),2,False,117504
pet-red_diffuse_128.atf,pet-red,diffuse,128,128,128,8,COMPRESSED(DXT1/PVRTC/ETC1),2,False,12487
pet-red_diffuse_256.atf,pet-red,diffuse,256,256,256,9,COMPRESSED(DXT1/PVRTC/ETC1),2,False,40693
pet-red_diffuse_512.atf,pet-red,diffuse,512,512,512,10,COMPRESSED(DXT1/PVRTC/ETC1),2,False,139788
pet-spectrum-blaze_diffuse_128.atf,pet-spectrum-blaze,diffuse,128,128,128,8,COMPRESSED(DXT1/PVRTC/ETC1),2,False,10345
pet-spectrum-blaze_diffuse_256.atf,pet-spectrum-blaze,diffuse,256,256,256,9,COMPRESSED(DXT1/PVRTC/ETC1),2,False,28022
pet-spectrum-blaze_diffuse_512.atf,pet-spectrum-blaze,diffuse,512,512,512,10,COMPRESSED(DXT1/PVRTC/ETC1),2,False,78469
pet-spectrum-ocean_diffuse_128.atf,pet-spectrum-ocean,diffuse,128,128,128,8,COMPRESSED(DXT1/PVRTC/ETC1),2,False,10324
pet-spectrum-ocean_diffuse_256.atf,pet-spectrum-ocean,diffuse,256,256,256,9,COMPRESSED(DXT1/PVRTC/ETC1),2,False,27961
pet-spectrum-ocean_diffuse_512.atf,pet-spectrum-ocean,diffuse,512,512,512,10,COMPRESSED(DXT1/PVRTC/ETC1),2,False,78872
pet-spectrum_glow_128.atf,pet-spectrum,glow,128,128,128,8,COMPRESSED(DXT1/PVRTC/ETC1),2,False,10042
pet-spectrum_glow_256.atf,pet-spectrum,glow,256,256,256,9,COMPRESSED(DXT1/PVRTC/ETC1),2,False,27394
pet-spectrum_glow_512.atf,pet-spectrum,glow,512,512,512,10,COMPRESSED(DXT1/PVRTC/ETC1),2,False,78731
pet-spectrum_normal_128.atf,pet-spectrum,normal,128,128,128,8,COMPRESSED(DXT1/PVRTC/ETC1),2,False,11104
pet-spectrum_normal_256.atf,pet-spectrum,normal,256,256,256,9,COMPRESSED(DXT1/PVRTC/ETC1),2,False,32655
pet-spectrum_normal_512.atf,pet-spectrum,normal,512,512,512,10,COMPRESSED(DXT1/PVRTC/ETC1),2,False,99896
pet-spectrum_specular_128.atf,pet-spectrum,specular,128,128,128,8,COMPRESSED(DXT1/PVRTC/ETC1),2,False,1774
pet-spectrum_specular_256.atf,pet-spectrum,specular,256,256,256,9,COMPRESSED(DXT1/PVRTC/ETC1),2,False,2332
pet-spectrum_specular_512.atf,pet-spectrum,specular,512,512,512,10,COMPRESSED(DXT1/PVRTC/ETC1),2,False,3293
pet_designs_pet-a-elite-blaze_diffuse_128.atf,pet_designs_pet-a-elite-blaze,diffuse,128,128,128,8,COMPRESSED(DXT1/PVRTC/ETC1),2,False,12057
pet_designs_pet-a-elite-blaze_diffuse_256.atf,pet_designs_pet-a-elite-blaze,diffuse,256,256,256,9,COMPRESSED(DXT1/PVRTC/ETC1),2,False,37646
pet_designs_pet-a-elite-blaze_diffuse_512.atf,pet_designs_pet-a-elite-blaze,diffuse,512,512,512,10,COMPRESSED(DXT1/PVRTC/ETC1),2,False,124235
pet_designs_pet-a-elite-blaze_glow_128.atf,pet_designs_pet-a-elite-blaze,glow,128,128,128,8,COMPRESSED(DXT1/PVRTC/ETC1),2,False,7286
pet_designs_pet-a-elite-blaze_glow_256.atf,pet_designs_pet-a-elite-blaze,glow,256,256,256,9,COMPRESSED(DXT1/PVRTC/ETC1),2,False,15090
pet_designs_pet-a-elite-blaze_glow_512.atf,pet_designs_pet-a-elite-blaze,glow,512,512,512,10,COMPRESSED(DXT1/PVRTC/ETC1),2,False,36076
pet_designs_pet-a-elite-lava_diffuse_128.atf,pet_designs_pet-a-elite-lava,diffuse,128,128,128,8,COMPRESSED(DXT1/PVRTC/ETC1),2,False,9965
pet_designs_pet-a-elite-lava_diffuse_256.atf,pet_designs_pet-a-elite-lava,diffuse,256,256,256,9,COMPRESSED(DXT1/PVRTC/ETC1),2,False,31168
pet_designs_pet-a-elite-lava_diffuse_512.atf,pet_designs_pet-a-elite-lava,diffuse,512,512,512,10,COMPRESSED(DXT1/PVRTC/ETC1),2,False,104596
pet_designs_pet-a-elite-ocean_diffuse_128.atf,pet_designs_pet-a-elite-ocean,diffuse,128,128,128,8,COMPRESSED(DXT1/PVRTC/ETC1),2,False,12098
pet_designs_pet-a-elite-ocean_diffuse_256.atf,pet_designs_pet-a-elite-ocean,diffuse,256,256,256,9,COMPRESSED(DXT1/PVRTC/ETC1),2,False,37051
pet_designs_pet-a-elite-ocean_diffuse_512.atf,pet_designs_pet-a-elite-ocean,diffuse,512,512,512,10,COMPRESSED(DXT1/PVRTC/ETC1),2,False,122293
pet_designs_pet-a-elite-poison_diffuse_128.atf,pet_designs_pet-a-elite-poison,diffuse,128,128,128,8,COMPRESSED(DXT1/PVRTC/ETC1),2,False,12184
pet_designs_pet-a-elite-poison_diffuse_256.atf,pet_designs_pet-a-elite-poison,diffuse,256,256,256,9,COMPRESSED(DXT1/PVRTC/ETC1),2,False,37401
pet_designs_pet-a-elite-poison_diffuse_512.atf,pet_designs_pet-a-elite-poison,diffuse,512,512,512,10,COMPRESSED(DXT1/PVRTC/ETC1),2,False,123178
pet_designs_pet-a-elite-sandstorm_diffuse_128.atf,pet_designs_pet-a-elite-sandstorm,diffuse,128,128,128,8,COMPRESSED(DXT1/PVRTC/ETC1),2,False,10908
pet_designs_pet-a-elite-sandstorm_diffuse_256.atf,pet_designs_pet-a-elite-sandstorm,diffuse,256,256,256,9,COMPRESSED(DXT1/PVRTC/ETC1),2,False,34398
pet_designs_pet-a-elite-sandstorm_diffuse_512.atf,pet_designs_pet-a-elite-sandstorm,diffuse,512,512,512,10,COMPRESSED(DXT1/PVRTC/ETC1),2,False,114502
pet_designs_pet-a-elite-sandstorm_glow_128.atf,pet_designs_pet-a-elite-sandstorm,glow,128,128,128,8,COMPRESSED(DXT1/PVRTC/ETC1),2,False,7681
pet_designs_pet-a-elite-sandstorm_glow_256.atf,pet_designs_pet-a-elite-sandstorm,glow,256,256,256,9,COMPRESSED(DXT1/PVRTC/ETC1),2,False,16739
pet_designs_pet-a-elite-sandstorm_glow_512.atf,pet_designs_pet-a-elite-sandstorm,glow,512,512,512,10,COMPRESSED(DXT1/PVRTC/ETC1),2,False,40902
pet_designs_pet-a-elite_diffuse_128.atf,pet_designs_pet-a-elite,diffuse,128,128,128,8,COMPRESSED(DXT1/PVRTC/ETC1),2,False,10908
pet_designs_pet-a-elite_diffuse_256.atf,pet_designs_pet-a-elite,diffuse,256,256,256,9,COMPRESSED(DXT1/PVRTC/ETC1),2,False,34398
pet_designs_pet-a-elite_diffuse_512.atf,pet_designs_pet-a-elite,diffuse,512,512,512,10,COMPRESSED(DXT1/PVRTC/ETC1),2,False,114502
pet_designs_pet-a-elite_glow_128.atf,pet_designs_pet-a-elite,glow,128,128,128,8,COMPRESSED(DXT1/PVRTC/ETC1),2,False,7286
pet_designs_pet-a-elite_glow_256.atf,pet_designs_pet-a-elite,glow,256,256,256,9,COMPRESSED(DXT1/PVRTC/ETC1),2,False,15090
pet_designs_pet-a-elite_glow_512.atf,pet_designs_pet-a-elite,glow,512,512,512,10,COMPRESSED(DXT1/PVRTC/ETC1),2,False,36076
pet_designs_pet-a-elite_normal_128.atf,pet_designs_pet-a-elite,normal,128,128,128,8,COMPRESSED(DXT1/PVRTC/ETC1),2,False,11845
pet_designs_pet-a-elite_normal_256.atf,pet_designs_pet-a-elite,normal,256,256,256,9,COMPRESSED(DXT1/PVRTC/ETC1),2,False,39017
pet_designs_pet-a-elite_normal_512.atf,pet_designs_pet-a-elite,normal,512,512,512,10,COMPRESSED(DXT1/PVRTC/ETC1),2,False,135197
pet_designs_pet-a-elite_specular_128.atf,pet_designs_pet-a-elite,specular,128,128,128,8,COMPRESSED(DXT1/PVRTC/ETC1),2,False,11992
pet_designs_pet-a-elite_specular_256.atf,pet_designs_pet-a-elite,specular,256,256,256,9,COMPRESSED(DXT1/PVRTC/ETC1),2,False,39308
pet_designs_pet-a-elite_specular_512.atf,pet_designs_pet-a-elite,specular,512,512,512,10,COMPRESSED(DXT1/PVRTC/ETC1),2,False,138199
pet_designs_pet-pusat-poison_diffuse_128.atf,pet_designs_pet-pusat-poison,diffuse,128,128,128,8,COMPRESSED(DXT1/PVRTC/ETC1),2,False,11934
pet_designs_pet-pusat-poison_diffuse_256.atf,pet_designs_pet-pusat-poison,diffuse,256,256,256,9,COMPRESSED(DXT1/PVRTC/ETC1),2,False,37168
pet_designs_pet-pusat-poison_diffuse_512.atf,pet_designs_pet-pusat-poison,diffuse,512,512,512,10,COMPRESSED(DXT1/PVRTC/ETC1),2,False,122502
pet_designs_pet-spectrum-poison_diffuse_128.atf,pet_designs_pet-spectrum-poison,diffuse,128,128,128,8,COMPRESSED(DXT1/PVRTC/ETC1),2,False,10349
pet_designs_pet-spectrum-poison_diffuse_256.atf,pet_designs_pet-spectrum-poison,diffuse,256,256,256,9,COMPRESSED(DXT1/PVRTC/ETC1),2,False,27945
pet_designs_pet-spectrum-poison_diffuse_512.atf,pet_designs_pet-spectrum-poison,diffuse,512,512,512,10,COMPRESSED(DXT1/PVRTC/ETC1),2,False,78960
pet_diffuse_128.atf,pet,diffuse,128,128,128,8,COMPRESSED(DXT1/PVRTC/ETC1),2,False,11723
pet_diffuse_256.atf,pet,diffuse,256,256,256,9,COMPRESSED(DXT1/PVRTC/ETC1),2,False,38175
pet_diffuse_512.atf,pet,diffuse,512,512,512,10,COMPRESSED(DXT1/PVRTC/ETC1),2,False,131272
pet_diminisher_deisign_argon_diffuse_128.atf,pet_diminisher_deisign_argon,diffuse,128,128,128,8,COMPRESSED(DXT1/PVRTC/ETC1),2,False,13683
pet_diminisher_deisign_argon_diffuse_256.atf,pet_diminisher_deisign_argon,diffuse,256,256,256,9,COMPRESSED(DXT1/PVRTC/ETC1),2,False,42916
pet_diminisher_deisign_argon_diffuse_512.atf,pet_diminisher_deisign_argon,diffuse,512,512,512,10,COMPRESSED(DXT1/PVRTC/ETC1),2,False,140282
pet_diminisher_design_argon_diffuse_128.atf,pet_diminisher_design_argon,diffuse,128,128,128,8,COMPRESSED(DXT1/PVRTC/ETC1),2,False,12665
pet_diminisher_design_argon_diffuse_256.atf,pet_diminisher_design_argon,diffuse,256,256,256,9,COMPRESSED(DXT1/PVRTC/ETC1),2,False,38781
pet_diminisher_design_argon_diffuse_512.atf,pet_diminisher_design_argon,diffuse,512,512,512,10,COMPRESSED(DXT1/PVRTC/ETC1),2,False,128915
pet_diminisher_design_lava_diffuse_128.atf,pet_diminisher_design_lava,diffuse,128,128,128,8,COMPRESSED(DXT1/PVRTC/ETC1),2,False,10267
pet_diminisher_design_lava_diffuse_256.atf,pet_diminisher_design_lava,diffuse,256,256,256,9,COMPRESSED(DXT1/PVRTC/ETC1),2,False,31908
pet_diminisher_design_lava_diffuse_512.atf,pet_diminisher_design_lava,diffuse,512,512,512,10,COMPRESSED(DXT1/PVRTC/ETC1),2,False,105452
pet_diminisher_design_legend_diffuse_128.atf,pet_diminisher_design_legend,diffuse,128,128,128,8,COMPRESSED(DXT1/PVRTC/ETC1),2,False,13138
pet_diminisher_design_legend_diffuse_256.atf,pet_diminisher_design_legend,diffuse,256,256,256,9,COMPRESSED(DXT1/PVRTC/ETC1),2,False,43607
pet_diminisher_design_legend_diffuse_512.atf,pet_diminisher_design_legend,diffuse,512,512,512,10,COMPRESSED(DXT1/PVRTC/ETC1),2,False,149578
pet_diminisher_design_legend_glow_128.atf,pet_diminisher_design_legend,glow,128,128,128,8,COMPRESSED(DXT1/PVRTC/ETC1),2,False,10419
pet_diminisher_design_legend_glow_256.atf,pet_diminisher_design_legend,glow,256,256,256,9,COMPRESSED(DXT1/PVRTC/ETC1),2,False,34291
pet_diminisher_design_legend_glow_512.atf,pet_diminisher_design_legend,glow,512,512,512,10,COMPRESSED(DXT1/PVRTC/ETC1),2,False,119221
pet_g-champion_legend_diffuse_128.atf,pet_g-champion_legend,diffuse,128,128,128,8,COMPRESSED(DXT1/PVRTC/ETC1),2,False,12079
pet_g-champion_legend_diffuse_256.atf,pet_g-champion_legend,diffuse,256,256,256,9,COMPRESSED(DXT1/PVRTC/ETC1),2,False,40037
pet_g-champion_legend_diffuse_512.atf,pet_g-champion_legend,diffuse,512,512,512,10,COMPRESSED(DXT1/PVRTC/ETC1),2,False,136678
pet_g-champion_legend_glow_128.atf,pet_g-champion_legend,glow,128,128,128,8,COMPRESSED(DXT1/PVRTC/ETC1),2,False,10790
pet_g-champion_legend_glow_256.atf,pet_g-champion_legend,glow,256,256,256,9,COMPRESSED(DXT1/PVRTC/ETC1),2,False,32018
pet_g-champion_legend_glow_512.atf,pet_g-champion_legend,glow,512,512,512,10,COMPRESSED(DXT1/PVRTC/ETC1),2,False,98139
pet_g-champion_silver_diffuse_128.atf,pet_g-champion_silver,diffuse,128,128,128,8,COMPRESSED(DXT1/PVRTC/ETC1),2,False,10819
pet_g-champion_silver_diffuse_256.atf,pet_g-champion_silver,diffuse,256,256,256,9,COMPRESSED(DXT1/PVRTC/ETC1),2,False,34215
pet_g-champion_silver_diffuse_512.atf,pet_g-champion_silver,diffuse,512,512,512,10,COMPRESSED(DXT1/PVRTC/ETC1),2,False,115154
pet_g-champion_silver_glow_128.atf,pet_g-champion_silver,glow,128,128,128,8,COMPRESSED(DXT1/PVRTC/ETC1),2,False,8240
pet_g-champion_silver_glow_256.atf,pet_g-champion_silver,glow,256,256,256,9,COMPRESSED(DXT1/PVRTC/ETC1),2,False,19227
pet_g-champion_silver_glow_512.atf,pet_g-champion_silver,glow,512,512,512,10,COMPRESSED(DXT1/PVRTC/ETC1),2,False,47937
pet_glow_128.atf,pet,glow,128,128,128,8,COMPRESSED(DXT1/PVRTC/ETC1),2,False,7033
pet_glow_256.atf,pet,glow,256,256,256,9,COMPRESSED(DXT1/PVRTC/ETC1),2,False,14326
pet_glow_512.atf,pet,glow,512,512,512,10,COMPRESSED(DXT1/PVRTC/ETC1),2,False,32502
pet_normal_128.atf,pet,normal,128,128,128,8,COMPRESSED(DXT1/PVRTC/ETC1),2,False,12112
pet_normal_256.atf,pet,normal,256,256,256,9,COMPRESSED(DXT1/PVRTC/ETC1),2,False,40179
pet_normal_512.atf,pet,normal,512,512,512,10,COMPRESSED(DXT1/PVRTC/ETC1),2,False,139597
pet_specular_128.atf,pet,specular,128,128,128,8,COMPRESSED(DXT1/PVRTC/ETC1),2,False,10016
pet_specular_256.atf,pet,specular,256,256,256,9,COMPRESSED(DXT1/PVRTC/ETC1),2,False,33468
pet_specular_512.atf,pet,specular,512,512,512,10,COMPRESSED(DXT1/PVRTC/ETC1),2,False,122290
phoenix_diffuse_128.atf,phoenix,diffuse,128,128,128,8,COMPRESSED(DXT1/PVRTC/ETC1),2,False,11744
phoenix_diffuse_256.atf,phoenix,diffuse,256,256,256,9,COMPRESSED(DXT1/PVRTC/ETC1),2,False,38287
phoenix_diffuse_512.atf,phoenix,diffuse,512,512,512,10,COMPRESSED(DXT1/PVRTC/ETC1),2,False,135564
phoenix_glow_128.atf,phoenix,glow,128,128,128,8,COMPRESSED(DXT1/PVRTC/ETC1),2,False,2575
phoenix_glow_256.atf,phoenix,glow,256,256,256,9,COMPRESSED(DXT1/PVRTC/ETC1),2,False,4150
phoenix_glow_512.atf,phoenix,glow,512,512,512,10,COMPRESSED(DXT1/PVRTC/ETC1),2,False,7678
phoenix_normal_128.atf,phoenix,normal,128,128,128,8,COMPRESSED(DXT1/PVRTC/ETC1),2,False,12250
phoenix_normal_256.atf,phoenix,normal,256,256,256,9,COMPRESSED(DXT1/PVRTC/ETC1),2,False,40470
phoenix_normal_512.atf,phoenix,normal,512,512,512,10,COMPRESSED(DXT1/PVRTC/ETC1),2,False,138732
phoenix_pet_diffuse_128.atf,phoenix_pet,diffuse,128,128,128,8,COMPRESSED(DXT1/PVRTC/ETC1),2,False,10983
phoenix_pet_diffuse_256.atf,phoenix_pet,diffuse,256,256,256,9,COMPRESSED(DXT1/PVRTC/ETC1),2,False,36169
phoenix_pet_diffuse_512.atf,phoenix_pet,diffuse,512,512,512,10,COMPRESSED(DXT1/PVRTC/ETC1),2,False,128722
phoenix_specular_128.atf,phoenix,specular,128,128,128,8,COMPRESSED(DXT1/PVRTC/ETC1),2,False,9106
phoenix_specular_256.atf,phoenix,specular,256,256,256,9,COMPRESSED(DXT1/PVRTC/ETC1),2,False,29771
phoenix_specular_512.atf,phoenix,specular,512,512,512,10,COMPRESSED(DXT1/PVRTC/ETC1),2,False,108001
piranha_diffuse_128.atf,piranha,diffuse,128,128,128,8,COMPRESSED(DXT1/PVRTC/ETC1),2,False,10051
piranha_diffuse_256.atf,piranha,diffuse,256,256,256,9,COMPRESSED(DXT1/PVRTC/ETC1),2,False,32267
piranha_diffuse_512.atf,piranha,diffuse,512,512,512,10,COMPRESSED(DXT1/PVRTC/ETC1),2,False,114211
piranha_glow_128.atf,piranha,glow,128,128,128,8,COMPRESSED(DXT1/PVRTC/ETC1),2,False,3042
piranha_glow_256.atf,piranha,glow,256,256,256,9,COMPRESSED(DXT1/PVRTC/ETC1),2,False,5083
piranha_glow_512.atf,piranha,glow,512,512,512,10,COMPRESSED(DXT1/PVRTC/ETC1),2,False,10463
piranha_normal_128.atf,piranha,normal,128,128,128,8,COMPRESSED(DXT1/PVRTC/ETC1),2,False,11406
piranha_normal_256.atf,piranha,normal,256,256,256,9,COMPRESSED(DXT1/PVRTC/ETC1),2,False,36518
piranha_normal_512.atf,piranha,normal,512,512,512,10,COMPRESSED(DXT1/PVRTC/ETC1),2,False,124989
piranha_specular_128.atf,piranha,specular,128,128,128,8,COMPRESSED(DXT1/PVRTC/ETC1),2,False,9021
piranha_specular_256.atf,piranha,specular,256,256,256,9,COMPRESSED(DXT1/PVRTC/ETC1),2,False,28713
piranha_specular_512.atf,piranha,specular,512,512,512,10,COMPRESSED(DXT1/PVRTC/ETC1),2,False,101107
pirate-base-billboards_alpha_1024.atf,pirate-base-billboards,alpha,1024,1024,1024,11,COMPRESSED(DXT1/PVRTC/ETC1),2,False,154170
pirate-base-billboards_alpha_128.atf,pirate-base-billboards,alpha,128,128,128,8,COMPRESSED(DXT1/PVRTC/ETC1),2,False,8539
pirate-base-billboards_alpha_256.atf,pirate-base-billboards,alpha,256,256,256,9,COMPRESSED(DXT1/PVRTC/ETC1),2,False,22168
pirate-base-billboards_alpha_512.atf,pirate-base-billboards,alpha,512,512,512,10,COMPRESSED(DXT1/PVRTC/ETC1),2,False,57616
pirate-base-billboards_diffuse_1024.atf,pirate-base-billboards,diffuse,1024,1024,1024,11,COMPRESSED(DXT1/PVRTC/ETC1),2,False,331894
pirate-base-billboards_diffuse_128.atf,pirate-base-billboards,diffuse,128,128,128,8,COMPRESSED(DXT1/PVRTC/ETC1),2,False,11870
pirate-base-billboards_diffuse_256.atf,pirate-base-billboards,diffuse,256,256,256,9,COMPRESSED(DXT1/PVRTC/ETC1),2,False,34003
pirate-base-billboards_diffuse_512.atf,pirate-base-billboards,diffuse,512,512,512,10,COMPRESSED(DXT1/PVRTC/ETC1),2,False,104618
pirate-base-billboards_glow_1024.atf,pirate-base-billboards,glow,1024,1024,1024,11,COMPRESSED(DXT1/PVRTC/ETC1),2,False,331894
pirate-base-billboards_glow_128.atf,pirate-base-billboards,glow,128,128,128,8,COMPRESSED(DXT1/PVRTC/ETC1),2,False,11870
pirate-base-billboards_glow_256.atf,pirate-base-billboards,glow,256,256,256,9,COMPRESSED(DXT1/PVRTC/ETC1),2,False,34003
pirate-base-billboards_glow_512.atf,pirate-base-billboards,glow,512,512,512,10,COMPRESSED(DXT1/PVRTC/ETC1),2,False,104618
pirate-base-main-asteroid_diffuse_1024.atf,pirate-base-main-asteroid,diffuse,1024,1024,1024,11,COMPRESSED(DXT1/PVRTC/ETC1),2,False,377979
pirate-base-main-asteroid_diffuse_128.atf,pirate-base-main-asteroid,diffuse,128,128,128,8,COMPRESSED(DXT1/PVRTC/ETC1),2,False,9643
pirate-base-main-asteroid_diffuse_256.atf,pirate-base-main-asteroid,diffuse,256,256,256,9,COMPRESSED(DXT1/PVRTC/ETC1),2,False,30199
pirate-base-main-asteroid_diffuse_512.atf,pirate-base-main-asteroid,diffuse,512,512,512,10,COMPRESSED(DXT1/PVRTC/ETC1),2,False,105267
pirate-base-main-asteroid_normal_1024.atf,pirate-base-main-asteroid,normal,1024,1024,1024,11,COMPRESSED(DXT1/PVRTC/ETC1),2,False,589330
pirate-base-main-asteroid_normal_128.atf,pirate-base-main-asteroid,normal,128,128,128,8,COMPRESSED(DXT1/PVRTC/ETC1),2,False,12739
pirate-base-main-asteroid_normal_256.atf,pirate-base-main-asteroid,normal,256,256,256,9,COMPRESSED(DXT1/PVRTC/ETC1),2,False,43226
pirate-base-main-asteroid_normal_512.atf,pirate-base-main-asteroid,normal,512,512,512,10,COMPRESSED(DXT1/PVRTC/ETC1),2,False,157110
pirate-base-main-asteroid_specular_1024.atf,pirate-base-main-asteroid,specular,1024,1024,1024,11,COMPRESSED(DXT1/PVRTC/ETC1),2,False,276863
pirate-base-main-asteroid_specular_128.atf,pirate-base-main-asteroid,specular,128,128,128,8,COMPRESSED(DXT1/PVRTC/ETC1),2,False,7614
pirate-base-main-asteroid_specular_256.atf,pirate-base-main-asteroid,specular,256,256,256,9,COMPRESSED(DXT1/PVRTC/ETC1),2,False,22636
pirate-base-main-asteroid_specular_512.atf,pirate-base-main-asteroid,specular,512,512,512,10,COMPRESSED(DXT1/PVRTC/ETC1),2,False,76568
pirate-base-technical-elements_diffuse_1024.atf,pirate-base-technical-elements,diffuse,1024,1024,1024,11,COMPRESSED(DXT1/PVRTC/ETC1),2,False,439568
pirate-base-technical-elements_diffuse_128.atf,pirate-base-technical-elements,diffuse,128,128,128,8,COMPRESSED(DXT1/PVRTC/ETC1),2,False,10521
pirate-base-technical-elements_diffuse_256.atf,pirate-base-technical-elements,diffuse,256,256,256,9,COMPRESSED(DXT1/PVRTC/ETC1),2,False,34617
pirate-base-technical-elements_diffuse_512.atf,pirate-base-technical-elements,diffuse,512,512,512,10,COMPRESSED(DXT1/PVRTC/ETC1),2,False,121667
pirate-base-technical-elements_glow_1024.atf,pirate-base-technical-elements,glow,1024,1024,1024,11,COMPRESSED(DXT1/PVRTC/ETC1),2,False,65031
pirate-base-technical-elements_glow_128.atf,pirate-base-technical-elements,glow,128,128,128,8,COMPRESSED(DXT1/PVRTC/ETC1),2,False,5204
pirate-base-technical-elements_glow_256.atf,pirate-base-technical-elements,glow,256,256,256,9,COMPRESSED(DXT1/PVRTC/ETC1),2,False,11235
pirate-base-technical-elements_glow_512.atf,pirate-base-technical-elements,glow,512,512,512,10,COMPRESSED(DXT1/PVRTC/ETC1),2,False,26282
pirate-base-technical-elements_normal_1024.atf,pirate-base-technical-elements,normal,1024,1024,1024,11,COMPRESSED(DXT1/PVRTC/ETC1),2,False,387159
pirate-base-technical-elements_normal_128.atf,pirate-base-technical-elements,normal,128,128,128,8,COMPRESSED(DXT1/PVRTC/ETC1),2,False,10843
pirate-base-technical-elements_normal_256.atf,pirate-base-technical-elements,normal,256,256,256,9,COMPRESSED(DXT1/PVRTC/ETC1),2,False,34867
pirate-base-technical-elements_normal_512.atf,pirate-base-technical-elements,normal,512,512,512,10,COMPRESSED(DXT1/PVRTC/ETC1),2,False,115088
pirate-base-technical-elements_specular_1024.atf,pirate-base-technical-elements,specular,1024,1024,1024,11,COMPRESSED(DXT1/PVRTC/ETC1),2,False,295876
pirate-base-technical-elements_specular_128.atf,pirate-base-technical-elements,specular,128,128,128,8,COMPRESSED(DXT1/PVRTC/ETC1),2,False,8437
pirate-base-technical-elements_specular_256.atf,pirate-base-technical-elements,specular,256,256,256,9,COMPRESSED(DXT1/PVRTC/ETC1),2,False,26000
pirate-base-technical-elements_specular_512.atf,pirate-base-technical-elements,specular,512,512,512,10,COMPRESSED(DXT1/PVRTC/ETC1),2,False,86489
pl-rocket-module_diffuse_128.atf,pl-rocket-module,diffuse,128,128,128,8,COMPRESSED_ALPHA(DXT5),4,False,12152
pl-rocket-module_diffuse_256.atf,pl-rocket-module,diffuse,256,256,256,9,COMPRESSED_ALPHA(DXT5),4,False,35400
pl-rocket-module_diffuse_512.atf,pl-rocket-module,diffuse,512,512,512,10,COMPRESSED_ALPHA(DXT5),4,False,116678
pl-rocket-module_glow_128.atf,pl-rocket-module,glow,128,128,128,8,COMPRESSED_ALPHA(DXT5),4,False,6092
pl-rocket-module_glow_256.atf,pl-rocket-module,glow,256,256,256,9,COMPRESSED_ALPHA(DXT5),4,False,11567
pl-rocket-module_glow_512.atf,pl-rocket-module,glow,512,512,512,10,COMPRESSED_ALPHA(DXT5),4,False,26130
pl-rocket-module_normal_128.atf,pl-rocket-module,normal,128,128,128,8,COMPRESSED_ALPHA(DXT5),4,False,12443
pl-rocket-module_normal_256.atf,pl-rocket-module,normal,256,256,256,9,COMPRESSED_ALPHA(DXT5),4,False,34282
pl-rocket-module_normal_512.atf,pl-rocket-module,normal,512,512,512,10,COMPRESSED_ALPHA(DXT5),4,False,103711
pl-rocket-module_specular_128.atf,pl-rocket-module,specular,128,128,128,8,COMPRESSED_ALPHA(DXT5),4,False,11360
pl-rocket-module_specular_256.atf,pl-rocket-module,specular,256,256,256,9,COMPRESSED_ALPHA(DXT5),4,False,32176
pl-rocket-module_specular_512.atf,pl-rocket-module,specular,512,512,512,10,COMPRESSED_ALPHA(DXT5),4,False,103078
plague-npc-blacklight_glow_128.atf,plague-npc-blacklight,glow,128,128,128,8,COMPRESSED(DXT1/PVRTC/ETC1),2,False,4464
plague-npc-blacklight_glow_256.atf,plague-npc-blacklight,glow,256,256,256,9,COMPRESSED(DXT1/PVRTC/ETC1),2,False,9318
plague-npc-blacklight_glow_512.atf,plague-npc-blacklight,glow,512,512,512,10,COMPRESSED(DXT1/PVRTC/ETC1),2,False,21700
plague-npc_diffuse_128.atf,plague-npc,diffuse,128,128,128,8,COMPRESSED(DXT1/PVRTC/ETC1),2,False,11782
plague-npc_diffuse_256.atf,plague-npc,diffuse,256,256,256,9,COMPRESSED(DXT1/PVRTC/ETC1),2,False,37709
plague-npc_diffuse_512.atf,plague-npc,diffuse,512,512,512,10,COMPRESSED(DXT1/PVRTC/ETC1),2,False,129323
plague-npc_glow_128.atf,plague-npc,glow,128,128,128,8,COMPRESSED(DXT1/PVRTC/ETC1),2,False,4926
plague-npc_glow_256.atf,plague-npc,glow,256,256,256,9,COMPRESSED(DXT1/PVRTC/ETC1),2,False,10487
plague-npc_glow_512.atf,plague-npc,glow,512,512,512,10,COMPRESSED(DXT1/PVRTC/ETC1),2,False,24437
plague-npc_normal_128.atf,plague-npc,normal,128,128,128,8,COMPRESSED(DXT1/PVRTC/ETC1),2,False,12658
plague-npc_normal_256.atf,plague-npc,normal,256,256,256,9,COMPRESSED(DXT1/PVRTC/ETC1),2,False,42458
plague-npc_normal_512.atf,plague-npc,normal,512,512,512,10,COMPRESSED(DXT1/PVRTC/ETC1),2,False,148859
plague-npc_specular_128.atf,plague-npc,specular,128,128,128,8,COMPRESSED(DXT1/PVRTC/ETC1),2,False,9750
plague-npc_specular_256.atf,plague-npc,specular,256,256,256,9,COMPRESSED(DXT1/PVRTC/ETC1),2,False,31255
plague-npc_specular_512.atf,plague-npc,specular,512,512,512,10,COMPRESSED(DXT1/PVRTC/ETC1),2,False,106471
police_diffuse_128.atf,police,diffuse,128,128,128,8,COMPRESSED(DXT1/PVRTC/ETC1),2,False,10659
police_diffuse_256.atf,police,diffuse,256,256,256,9,COMPRESSED(DXT1/PVRTC/ETC1),2,False,34028
police_diffuse_512.atf,police,diffuse,512,512,512,10,COMPRESSED(DXT1/PVRTC/ETC1),2,False,118022
police_glow_128.atf,police,glow,128,128,128,8,COMPRESSED(DXT1/PVRTC/ETC1),2,False,5055
police_glow_256.atf,police,glow,256,256,256,9,COMPRESSED(DXT1/PVRTC/ETC1),2,False,10302
police_glow_512.atf,police,glow,512,512,512,10,COMPRESSED(DXT1/PVRTC/ETC1),2,False,23843
police_normal_128.atf,police,normal,128,128,128,8,COMPRESSED_ALPHA(DXT5),4,False,12365
police_normal_256.atf,police,normal,256,256,256,9,COMPRESSED_ALPHA(DXT5),4,False,35249
police_normal_512.atf,police,normal,512,512,512,10,COMPRESSED_ALPHA(DXT5),4,False,110405
police_specular_128.atf,police,specular,128,128,128,8,COMPRESSED_ALPHA(DXT5),4,False,10754
police_specular_256.atf,police,specular,256,256,256,9,COMPRESSED_ALPHA(DXT5),4,False,32124
police_specular_512.atf,police,specular,512,512,512,10,COMPRESSED_ALPHA(DXT5),4,False,111830
protegit_diffuse_128.atf,protegit,diffuse,128,128,128,8,COMPRESSED(DXT1/PVRTC/ETC1),2,False,11895
protegit_diffuse_256.atf,protegit,diffuse,256,256,256,9,COMPRESSED(DXT1/PVRTC/ETC1),2,False,37599
protegit_diffuse_512.atf,protegit,diffuse,512,512,512,10,COMPRESSED(DXT1/PVRTC/ETC1),2,False,127210
protegit_glow_128.atf,protegit,glow,128,128,128,8,COMPRESSED(DXT1/PVRTC/ETC1),2,False,8423
protegit_glow_256.atf,protegit,glow,256,256,256,9,COMPRESSED(DXT1/PVRTC/ETC1),2,False,20095
protegit_glow_512.atf,protegit,glow,512,512,512,10,COMPRESSED(DXT1/PVRTC/ETC1),2,False,51727
protegit_normal_128.atf,protegit,normal,128,128,128,8,COMPRESSED(DXT1/PVRTC/ETC1),2,False,12244
protegit_normal_256.atf,protegit,normal,256,256,256,9,COMPRESSED(DXT1/PVRTC/ETC1),2,False,39575
protegit_normal_512.atf,protegit,normal,512,512,512,10,COMPRESSED(DXT1/PVRTC/ETC1),2,False,131487
protegit_specular_128.atf,protegit,specular,128,128,128,8,COMPRESSED(DXT1/PVRTC/ETC1),2,False,9137
protegit_specular_256.atf,protegit,specular,256,256,256,9,COMPRESSED(DXT1/PVRTC/ETC1),2,False,29829
protegit_specular_512.atf,protegit,specular,512,512,512,10,COMPRESSED(DXT1/PVRTC/ETC1),2,False,108076
pusat-design-blaze_diffuse_128.atf,pusat-design-blaze,diffuse,128,128,128,8,COMPRESSED(DXT1/PVRTC/ETC1),2,False,11562
pusat-design-blaze_diffuse_256.atf,pusat-design-blaze,diffuse,256,256,256,9,COMPRESSED(DXT1/PVRTC/ETC1),2,False,35663
pusat-design-blaze_diffuse_512.atf,pusat-design-blaze,diffuse,512,512,512,10,COMPRESSED(DXT1/PVRTC/ETC1),2,False,119833
pusat-design-blaze_glow_128.atf,pusat-design-blaze,glow,128,128,128,8,COMPRESSED(DXT1/PVRTC/ETC1),2,False,3015
pusat-design-blaze_glow_256.atf,pusat-design-blaze,glow,256,256,256,9,COMPRESSED(DXT1/PVRTC/ETC1),2,False,4880
pusat-design-blaze_glow_512.atf,pusat-design-blaze,glow,512,512,512,10,COMPRESSED(DXT1/PVRTC/ETC1),2,False,8641
pusat-design-lava_diffuse_128.atf,pusat-design-lava,diffuse,128,128,128,8,COMPRESSED(DXT1/PVRTC/ETC1),2,False,9779
pusat-design-lava_diffuse_256.atf,pusat-design-lava,diffuse,256,256,256,9,COMPRESSED(DXT1/PVRTC/ETC1),2,False,29485
pusat-design-lava_diffuse_512.atf,pusat-design-lava,diffuse,512,512,512,10,COMPRESSED(DXT1/PVRTC/ETC1),2,False,95615
pusat-design-lava_glow_128.atf,pusat-design-lava,glow,128,128,128,8,COMPRESSED(DXT1/PVRTC/ETC1),2,False,3264
pusat-design-lava_glow_256.atf,pusat-design-lava,glow,256,256,256,9,COMPRESSED(DXT1/PVRTC/ETC1),2,False,5549
pusat-design-lava_glow_512.atf,pusat-design-lava,glow,512,512,512,10,COMPRESSED(DXT1/PVRTC/ETC1),2,False,11031
pusat-design-legend_diffuse_128.atf,pusat-design-legend,diffuse,128,128,128,8,COMPRESSED(DXT1/PVRTC/ETC1),2,False,11469
pusat-design-legend_diffuse_256.atf,pusat-design-legend,diffuse,256,256,256,9,COMPRESSED(DXT1/PVRTC/ETC1),2,False,36656
pusat-design-legend_diffuse_512.atf,pusat-design-legend,diffuse,512,512,512,10,COMPRESSED(DXT1/PVRTC/ETC1),2,False,122791
pusat-design-legend_glow_128.atf,pusat-design-legend,glow,128,128,128,8,COMPRESSED(DXT1/PVRTC/ETC1),2,False,11113
pusat-design-legend_glow_256.atf,pusat-design-legend,glow,256,256,256,9,COMPRESSED(DXT1/PVRTC/ETC1),2,False,33092
pusat-design-legend_glow_512.atf,pusat-design-legend,glow,512,512,512,10,COMPRESSED(DXT1/PVRTC/ETC1),2,False,102941
pusat-design-ocean_diffuse_128.atf,pusat-design-ocean,diffuse,128,128,128,8,COMPRESSED(DXT1/PVRTC/ETC1),2,False,11380
pusat-design-ocean_diffuse_256.atf,pusat-design-ocean,diffuse,256,256,256,9,COMPRESSED(DXT1/PVRTC/ETC1),2,False,35160
pusat-design-ocean_diffuse_512.atf,pusat-design-ocean,diffuse,512,512,512,10,COMPRESSED(DXT1/PVRTC/ETC1),2,False,118096
pusat-design-ocean_glow_128.atf,pusat-design-ocean,glow,128,128,128,8,COMPRESSED(DXT1/PVRTC/ETC1),2,False,3015
pusat-design-ocean_glow_256.atf,pusat-design-ocean,glow,256,256,256,9,COMPRESSED(DXT1/PVRTC/ETC1),2,False,4880
pusat-design-ocean_glow_512.atf,pusat-design-ocean,glow,512,512,512,10,COMPRESSED(DXT1/PVRTC/ETC1),2,False,8641
pusat-design-poison_diffuse_128.atf,pusat-design-poison,diffuse,128,128,128,8,COMPRESSED(DXT1/PVRTC/ETC1),2,False,11751
pusat-design-poison_diffuse_256.atf,pusat-design-poison,diffuse,256,256,256,9,COMPRESSED(DXT1/PVRTC/ETC1),2,False,36311
pusat-design-poison_diffuse_512.atf,pusat-design-poison,diffuse,512,512,512,10,COMPRESSED(DXT1/PVRTC/ETC1),2,False,121600
pusat-design-sandstorm_diffuse_128.atf,pusat-design-sandstorm,diffuse,128,128,128,8,COMPRESSED(DXT1/PVRTC/ETC1),2,False,11064
pusat-design-sandstorm_diffuse_256.atf,pusat-design-sandstorm,diffuse,256,256,256,9,COMPRESSED(DXT1/PVRTC/ETC1),2,False,34806
pusat-design-sandstorm_diffuse_512.atf,pusat-design-sandstorm,diffuse,512,512,512,10,COMPRESSED(DXT1/PVRTC/ETC1),2,False,117231
pusat-drone-lava_diffuse_128.atf,pusat-drone-lava,diffuse,128,128,128,8,COMPRESSED(DXT1/PVRTC/ETC1),2,False,8952
pusat-drone-lava_diffuse_256.atf,pusat-drone-lava,diffuse,256,256,256,9,COMPRESSED(DXT1/PVRTC/ETC1),2,False,24861
pusat-drone-lava_diffuse_512.atf,pusat-drone-lava,diffuse,512,512,512,10,COMPRESSED(DXT1/PVRTC/ETC1),2,False,73273
pusat-drone-lava_glow_128.atf,pusat-drone-lava,glow,128,128,128,8,COMPRESSED(DXT1/PVRTC/ETC1),2,False,3513
pusat-drone-lava_glow_256.atf,pusat-drone-lava,glow,256,256,256,9,COMPRESSED(DXT1/PVRTC/ETC1),2,False,6105
pusat-drone-lava_glow_512.atf,pusat-drone-lava,glow,512,512,512,10,COMPRESSED(DXT1/PVRTC/ETC1),2,False,12076
pusat-drone-poison_diffuse_128.atf,pusat-drone-poison,diffuse,128,128,128,8,COMPRESSED(DXT1/PVRTC/ETC1),2,False,10334
pusat-drone-poison_diffuse_256.atf,pusat-drone-poison,diffuse,256,256,256,9,COMPRESSED(DXT1/PVRTC/ETC1),2,False,28498
pusat-drone-poison_diffuse_512.atf,pusat-drone-poison,diffuse,512,512,512,10,COMPRESSED(DXT1/PVRTC/ETC1),2,False,82436
pusat-drone-sandstorm_diffuse_128.atf,pusat-drone-sandstorm,diffuse,128,128,128,8,COMPRESSED(DXT1/PVRTC/ETC1),2,False,10276
pusat-drone-sandstorm_diffuse_256.atf,pusat-drone-sandstorm,diffuse,256,256,256,9,COMPRESSED(DXT1/PVRTC/ETC1),2,False,28323
pusat-drone-sandstorm_diffuse_512.atf,pusat-drone-sandstorm,diffuse,512,512,512,10,COMPRESSED(DXT1/PVRTC/ETC1),2,False,81520
pusat-drone-sandstorm_glow_128.atf,pusat-drone-sandstorm,glow,128,128,128,8,COMPRESSED(DXT1/PVRTC/ETC1),2,False,3266
pusat-drone-sandstorm_glow_256.atf,pusat-drone-sandstorm,glow,256,256,256,9,COMPRESSED(DXT1/PVRTC/ETC1),2,False,5547
pusat-drone-sandstorm_glow_512.atf,pusat-drone-sandstorm,glow,512,512,512,10,COMPRESSED(DXT1/PVRTC/ETC1),2,False,11020
pusat-drone_normal_128.atf,pusat-drone,normal,128,128,128,8,COMPRESSED(DXT1/PVRTC/ETC1),2,False,10754
pusat-drone_normal_256.atf,pusat-drone,normal,256,256,256,9,COMPRESSED(DXT1/PVRTC/ETC1),2,False,32763
pusat-drone_normal_512.atf,pusat-drone,normal,512,512,512,10,COMPRESSED(DXT1/PVRTC/ETC1),2,False,102379
pusat-drone_specular_128.atf,pusat-drone,specular,128,128,128,8,COMPRESSED(DXT1/PVRTC/ETC1),2,False,9626
pusat-drone_specular_256.atf,pusat-drone,specular,256,256,256,9,COMPRESSED(DXT1/PVRTC/ETC1),2,False,28322
pusat-drone_specular_512.atf,pusat-drone,specular,512,512,512,10,COMPRESSED(DXT1/PVRTC/ETC1),2,False,86343
pusat-violet_diffuse_128.atf,pusat-violet,diffuse,128,128,128,8,COMPRESSED(DXT1/PVRTC/ETC1),2,False,11655
pusat-violet_diffuse_256.atf,pusat-violet,diffuse,256,256,256,9,COMPRESSED(DXT1/PVRTC/ETC1),2,False,37384
pusat-violet_diffuse_512.atf,pusat-violet,diffuse,512,512,512,10,COMPRESSED(DXT1/PVRTC/ETC1),2,False,128624
ravager_diffuse_128.atf,ravager,diffuse,128,128,128,8,COMPRESSED(DXT1/PVRTC/ETC1),2,False,11889
ravager_diffuse_256.atf,ravager,diffuse,256,256,256,9,COMPRESSED(DXT1/PVRTC/ETC1),2,False,39314
ravager_diffuse_512.atf,ravager,diffuse,512,512,512,10,COMPRESSED(DXT1/PVRTC/ETC1),2,False,139869
ravager_glow_128.atf,ravager,glow,128,128,128,8,COMPRESSED(DXT1/PVRTC/ETC1),2,False,3048
ravager_glow_256.atf,ravager,glow,256,256,256,9,COMPRESSED(DXT1/PVRTC/ETC1),2,False,4952
ravager_glow_512.atf,ravager,glow,512,512,512,10,COMPRESSED(DXT1/PVRTC/ETC1),2,False,9211
ravager_normal_128.atf,ravager,normal,128,128,128,8,COMPRESSED(DXT1/PVRTC/ETC1),2,False,12333
ravager_normal_256.atf,ravager,normal,256,256,256,9,COMPRESSED(DXT1/PVRTC/ETC1),2,False,40783
ravager_normal_512.atf,ravager,normal,512,512,512,10,COMPRESSED(DXT1/PVRTC/ETC1),2,False,140669
ravager_specular_128.atf,ravager,specular,128,128,128,8,COMPRESSED(DXT1/PVRTC/ETC1),2,False,10292
ravager_specular_256.atf,ravager,specular,256,256,256,9,COMPRESSED(DXT1/PVRTC/ETC1),2,False,34779
ravager_specular_512.atf,ravager,specular,512,512,512,10,COMPRESSED(DXT1/PVRTC/ETC1),2,False,129443
referee_diffuse_128.atf,referee,diffuse,128,128,128,8,COMPRESSED(DXT1/PVRTC/ETC1),2,False,10686
referee_diffuse_256.atf,referee,diffuse,256,256,256,9,COMPRESSED(DXT1/PVRTC/ETC1),2,False,33773
referee_diffuse_512.atf,referee,diffuse,512,512,512,10,COMPRESSED(DXT1/PVRTC/ETC1),2,False,111350
referee_glow_128.atf,referee,glow,128,128,128,8,COMPRESSED(DXT1/PVRTC/ETC1),2,False,6746
referee_glow_256.atf,referee,glow,256,256,256,9,COMPRESSED(DXT1/PVRTC/ETC1),2,False,15494
referee_glow_512.atf,referee,glow,512,512,512,10,COMPRESSED(DXT1/PVRTC/ETC1),2,False,37969
referee_normal_128.atf,referee,normal,128,128,128,8,COMPRESSED(DXT1/PVRTC/ETC1),2,False,10414
referee_normal_256.atf,referee,normal,256,256,256,9,COMPRESSED(DXT1/PVRTC/ETC1),2,False,31796
referee_normal_512.atf,referee,normal,512,512,512,10,COMPRESSED(DXT1/PVRTC/ETC1),2,False,100911
referee_specular_128.atf,referee,specular,128,128,128,8,COMPRESSED(DXT1/PVRTC/ETC1),2,False,8799
referee_specular_256.atf,referee,specular,256,256,256,9,COMPRESSED(DXT1/PVRTC/ETC1),2,False,26380
referee_specular_512.atf,referee,specular,512,512,512,10,COMPRESSED(DXT1/PVRTC/ETC1),2,False,86727
repair-robot-lvl01_diffuse_128.atf,repair-robot-lvl01,diffuse,128,128,128,8,COMPRESSED(DXT1/PVRTC/ETC1),2,False,9611
repair-robot-lvl01_diffuse_256.atf,repair-robot-lvl01,diffuse,256,256,256,9,COMPRESSED(DXT1/PVRTC/ETC1),2,False,30003
repair-robot-lvl01_diffuse_512.atf,repair-robot-lvl01,diffuse,512,512,512,10,COMPRESSED(DXT1/PVRTC/ETC1),2,False,105973
repair-robot-lvl01_glow_128.atf,repair-robot-lvl01,glow,128,128,128,8,COMPRESSED(DXT1/PVRTC/ETC1),2,False,3839
repair-robot-lvl01_glow_256.atf,repair-robot-lvl01,glow,256,256,256,9,COMPRESSED(DXT1/PVRTC/ETC1),2,False,7268
repair-robot-lvl01_glow_512.atf,repair-robot-lvl01,glow,512,512,512,10,COMPRESSED(DXT1/PVRTC/ETC1),2,False,17001
repair-robot-lvl02_diffuse_128.atf,repair-robot-lvl02,diffuse,128,128,128,8,COMPRESSED(DXT1/PVRTC/ETC1),2,False,9917
repair-robot-lvl02_diffuse_256.atf,repair-robot-lvl02,diffuse,256,256,256,9,COMPRESSED(DXT1/PVRTC/ETC1),2,False,30781
repair-robot-lvl02_diffuse_512.atf,repair-robot-lvl02,diffuse,512,512,512,10,COMPRESSED(DXT1/PVRTC/ETC1),2,False,108061
repair-robot-lvl02_glow_128.atf,repair-robot-lvl02,glow,128,128,128,8,COMPRESSED(DXT1/PVRTC/ETC1),2,False,3824
repair-robot-lvl02_glow_256.atf,repair-robot-lvl02,glow,256,256,256,9,COMPRESSED(DXT1/PVRTC/ETC1),2,False,7342
repair-robot-lvl02_glow_512.atf,repair-robot-lvl02,glow,512,512,512,10,COMPRESSED(DXT1/PVRTC/ETC1),2,False,17261
repair-robot-lvl03_diffuse_128.atf,repair-robot-lvl03,diffuse,128,128,128,8,COMPRESSED(DXT1/PVRTC/ETC1),2,False,10143
repair-robot-lvl03_diffuse_256.atf,repair-robot-lvl03,diffuse,256,256,256,9,COMPRESSED(DXT1/PVRTC/ETC1),2,False,31847
repair-robot-lvl03_diffuse_512.atf,repair-robot-lvl03,diffuse,512,512,512,10,COMPRESSED(DXT1/PVRTC/ETC1),2,False,113184
repair-robot-lvl03_glow_128.atf,repair-robot-lvl03,glow,128,128,128,8,COMPRESSED(DXT1/PVRTC/ETC1),2,False,3600
repair-robot-lvl03_glow_256.atf,repair-robot-lvl03,glow,256,256,256,9,COMPRESSED(DXT1/PVRTC/ETC1),2,False,6954
repair-robot-lvl03_glow_512.atf,repair-robot-lvl03,glow,512,512,512,10,COMPRESSED(DXT1/PVRTC/ETC1),2,False,16364
repair-robot-lvl04_diffuse_128.atf,repair-robot-lvl04,diffuse,128,128,128,8,COMPRESSED(DXT1/PVRTC/ETC1),2,False,9919
repair-robot-lvl04_diffuse_256.atf,repair-robot-lvl04,diffuse,256,256,256,9,COMPRESSED(DXT1/PVRTC/ETC1),2,False,31216
repair-robot-lvl04_diffuse_512.atf,repair-robot-lvl04,diffuse,512,512,512,10,COMPRESSED(DXT1/PVRTC/ETC1),2,False,111087
repair-robot-lvl04_glow_128.atf,repair-robot-lvl04,glow,128,128,128,8,COMPRESSED(DXT1/PVRTC/ETC1),2,False,3380
repair-robot-lvl04_glow_256.atf,repair-robot-lvl04,glow,256,256,256,9,COMPRESSED(DXT1/PVRTC/ETC1),2,False,6461
repair-robot-lvl04_glow_512.atf,repair-robot-lvl04,glow,512,512,512,10,COMPRESSED(DXT1/PVRTC/ETC1),2,False,14786
repair-robot-lvl05_diffuse_128.atf,repair-robot-lvl05,diffuse,128,128,128,8,COMPRESSED(DXT1/PVRTC/ETC1),2,False,10041
repair-robot-lvl05_diffuse_256.atf,repair-robot-lvl05,diffuse,256,256,256,9,COMPRESSED(DXT1/PVRTC/ETC1),2,False,31540
repair-robot-lvl05_diffuse_512.atf,repair-robot-lvl05,diffuse,512,512,512,10,COMPRESSED(DXT1/PVRTC/ETC1),2,False,111971
repair-robot-lvl05_glow_128.atf,repair-robot-lvl05,glow,128,128,128,8,COMPRESSED(DXT1/PVRTC/ETC1),2,False,3759
repair-robot-lvl05_glow_256.atf,repair-robot-lvl05,glow,256,256,256,9,COMPRESSED(DXT1/PVRTC/ETC1),2,False,7293
repair-robot-lvl05_glow_512.atf,repair-robot-lvl05,glow,512,512,512,10,COMPRESSED(DXT1/PVRTC/ETC1),2,False,17683
repair-robot_specular_128.atf,repair-robot,specular,128,128,128,8,COMPRESSED(DXT1/PVRTC/ETC1),2,False,9516
repair-robot_specular_256.atf,repair-robot,specular,256,256,256,9,COMPRESSED(DXT1/PVRTC/ETC1),2,False,30227
repair-robot_specular_512.atf,repair-robot,specular,512,512,512,10,COMPRESSED(DXT1/PVRTC/ETC1),2,False,106051
saboteur_diffuse_128.atf,saboteur,diffuse,128,128,128,8,COMPRESSED(DXT1/PVRTC/ETC1),2,False,12006
saboteur_diffuse_256.atf,saboteur,diffuse,256,256,256,9,COMPRESSED(DXT1/PVRTC/ETC1),2,False,39803
saboteur_diffuse_512.atf,saboteur,diffuse,512,512,512,10,COMPRESSED(DXT1/PVRTC/ETC1),2,False,145286
saboteur_glow_128.atf,saboteur,glow,128,128,128,8,COMPRESSED(DXT1/PVRTC/ETC1),2,False,3882
saboteur_glow_256.atf,saboteur,glow,256,256,256,9,COMPRESSED(DXT1/PVRTC/ETC1),2,False,6710
saboteur_glow_512.atf,saboteur,glow,512,512,512,10,COMPRESSED(DXT1/PVRTC/ETC1),2,False,12335
saboteur_normal_128.atf,saboteur,normal,128,128,128,8,COMPRESSED(DXT1/PVRTC/ETC1),2,False,11428
saboteur_normal_256.atf,saboteur,normal,256,256,256,9,COMPRESSED(DXT1/PVRTC/ETC1),2,False,37572
saboteur_normal_512.atf,saboteur,normal,512,512,512,10,COMPRESSED(DXT1/PVRTC/ETC1),2,False,128033
saboteur_specular_128.atf,saboteur,specular,128,128,128,8,COMPRESSED(DXT1/PVRTC/ETC1),2,False,9470
saboteur_specular_256.atf,saboteur,specular,256,256,256,9,COMPRESSED(DXT1/PVRTC/ETC1),2,False,31079
saboteur_specular_512.atf,saboteur,specular,512,512,512,10,COMPRESSED(DXT1/PVRTC/ETC1),2,False,111982
saimon-boss_diffuse_128.atf,saimon-boss,diffuse,128,128,128,8,COMPRESSED(DXT1/PVRTC/ETC1),2,False,11965
saimon-boss_diffuse_256.atf,saimon-boss,diffuse,256,256,256,9,COMPRESSED(DXT1/PVRTC/ETC1),2,False,40992
saimon-boss_diffuse_512.atf,saimon-boss,diffuse,512,512,512,10,COMPRESSED(DXT1/PVRTC/ETC1),2,False,146773
saimon-boss_glow_128.atf,saimon-boss,glow,128,128,128,8,COMPRESSED(DXT1/PVRTC/ETC1),2,False,9740
saimon-boss_glow_256.atf,saimon-boss,glow,256,256,256,9,COMPRESSED(DXT1/PVRTC/ETC1),2,False,26779
saimon-boss_glow_512.atf,saimon-boss,glow,512,512,512,10,COMPRESSED(DXT1/PVRTC/ETC1),2,False,83277
saimon-boss_normal_128.atf,saimon-boss,normal,128,128,128,8,COMPRESSED(DXT1/PVRTC/ETC1),2,False,11841
saimon-boss_normal_256.atf,saimon-boss,normal,256,256,256,9,COMPRESSED(DXT1/PVRTC/ETC1),2,False,39829
saimon-boss_normal_512.atf,saimon-boss,normal,512,512,512,10,COMPRESSED(DXT1/PVRTC/ETC1),2,False,137656
saimon-boss_specular_128.atf,saimon-boss,specular,128,128,128,8,COMPRESSED(DXT1/PVRTC/ETC1),2,False,10006
saimon-boss_specular_256.atf,saimon-boss,specular,256,256,256,9,COMPRESSED(DXT1/PVRTC/ETC1),2,False,33315
saimon-boss_specular_512.atf,saimon-boss,specular,512,512,512,10,COMPRESSED(DXT1/PVRTC/ETC1),2,False,119214
saimon_diffuse_128.atf,saimon,diffuse,128,128,128,8,COMPRESSED(DXT1/PVRTC/ETC1),2,False,10264
saimon_diffuse_256.atf,saimon,diffuse,256,256,256,9,COMPRESSED(DXT1/PVRTC/ETC1),2,False,32792
saimon_diffuse_512.atf,saimon,diffuse,512,512,512,10,COMPRESSED(DXT1/PVRTC/ETC1),2,False,114294
saimon_glow_128.atf,saimon,glow,128,128,128,8,COMPRESSED(DXT1/PVRTC/ETC1),2,False,7784
saimon_glow_256.atf,saimon,glow,256,256,256,9,COMPRESSED(DXT1/PVRTC/ETC1),2,False,19840
saimon_glow_512.atf,saimon,glow,512,512,512,10,COMPRESSED(DXT1/PVRTC/ETC1),2,False,58842
saimon_normal_128.atf,saimon,normal,128,128,128,8,COMPRESSED(DXT1/PVRTC/ETC1),2,False,11277
saimon_normal_256.atf,saimon,normal,256,256,256,9,COMPRESSED(DXT1/PVRTC/ETC1),2,False,36748
saimon_normal_512.atf,saimon,normal,512,512,512,10,COMPRESSED(DXT1/PVRTC/ETC1),2,False,123972
saimon_specular_128.atf,saimon,specular,128,128,128,8,COMPRESSED(DXT1/PVRTC/ETC1),2,False,9224
saimon_specular_256.atf,saimon,specular,256,256,256,9,COMPRESSED(DXT1/PVRTC/ETC1),2,False,29250
saimon_specular_512.atf,saimon,specular,512,512,512,10,COMPRESSED(DXT1/PVRTC/ETC1),2,False,100842
santa-1100101_diffuse_128.atf,santa-1100101,diffuse,128,128,128,8,COMPRESSED(DXT1/PVRTC/ETC1),2,False,12371
santa-1100101_diffuse_256.atf,santa-1100101,diffuse,256,256,256,9,COMPRESSED(DXT1/PVRTC/ETC1),2,False,39334
santa-1100101_diffuse_512.atf,santa-1100101,diffuse,512,512,512,10,COMPRESSED(DXT1/PVRTC/ETC1),2,False,133359
santa-1100101_glow_128.atf,santa-1100101,glow,128,128,128,8,COMPRESSED(DXT1/PVRTC/ETC1),2,False,8082
santa-1100101_glow_256.atf,santa-1100101,glow,256,256,256,9,COMPRESSED(DXT1/PVRTC/ETC1),2,False,19386
santa-1100101_glow_512.atf,santa-1100101,glow,512,512,512,10,COMPRESSED(DXT1/PVRTC/ETC1),2,False,47533
santa-1100101_normal_128.atf,santa-1100101,normal,128,128,128,8,COMPRESSED(DXT1/PVRTC/ETC1),2,False,11309
santa-1100101_normal_256.atf,santa-1100101,normal,256,256,256,9,COMPRESSED(DXT1/PVRTC/ETC1),2,False,36258
santa-1100101_normal_512.atf,santa-1100101,normal,512,512,512,10,COMPRESSED(DXT1/PVRTC/ETC1),2,False,121382
santa-1100101_specular_128.atf,santa-1100101,specular,128,128,128,8,COMPRESSED(DXT1/PVRTC/ETC1),2,False,9369
santa-1100101_specular_256.atf,santa-1100101,specular,256,256,256,9,COMPRESSED(DXT1/PVRTC/ETC1),2,False,28929
santa-1100101_specular_512.atf,santa-1100101,specular,512,512,512,10,COMPRESSED(DXT1/PVRTC/ETC1),2,False,97199
scorcher_diffuse_128.atf,scorcher,diffuse,128,128,128,8,COMPRESSED(DXT1/PVRTC/ETC1),2,False,12318
scorcher_diffuse_256.atf,scorcher,diffuse,256,256,256,9,COMPRESSED(DXT1/PVRTC/ETC1),2,False,39634
scorcher_diffuse_512.atf,scorcher,diffuse,512,512,512,10,COMPRESSED(DXT1/PVRTC/ETC1),2,False,138113
scorcher_glow_128.atf,scorcher,glow,128,128,128,8,COMPRESSED(DXT1/PVRTC/ETC1),2,False,8373
scorcher_glow_256.atf,scorcher,glow,256,256,256,9,COMPRESSED(DXT1/PVRTC/ETC1),2,False,19904
scorcher_glow_512.atf,scorcher,glow,512,512,512,10,COMPRESSED(DXT1/PVRTC/ETC1),2,False,53093
scorcher_normal_128.atf,scorcher,normal,128,128,128,8,COMPRESSED(DXT1/PVRTC/ETC1),2,False,11479
scorcher_normal_256.atf,scorcher,normal,256,256,256,9,COMPRESSED(DXT1/PVRTC/ETC1),2,False,37478
scorcher_normal_512.atf,scorcher,normal,512,512,512,10,COMPRESSED(DXT1/PVRTC/ETC1),2,False,123987
scorcher_specular_128.atf,scorcher,specular,128,128,128,8,COMPRESSED(DXT1/PVRTC/ETC1),2,False,9357
scorcher_specular_256.atf,scorcher,specular,256,256,256,9,COMPRESSED(DXT1/PVRTC/ETC1),2,False,30123
scorcher_specular_512.atf,scorcher,specular,512,512,512,10,COMPRESSED(DXT1/PVRTC/ETC1),2,False,107165
scrap_pirates_01.atf,scrap_pirates,?,1,512,512,10,RGBA_JPEGXR,1,False,104284
scrap_pirates_02.atf,scrap_pirates,?,2,512,512,10,RGBA_JPEGXR,1,False,98350
scrap_pirates_03.atf,scrap_pirates,?,3,512,512,10,RGBA_JPEGXR,1,False,120548
scrap_pirates_04.atf,scrap_pirates,?,4,512,512,10,RGBA_JPEGXR,1,False,94680
scrap_pirates_05.atf,scrap_pirates,?,5,512,512,10,RGBA_JPEGXR,1,False,121320
scrap_pirates_06.atf,scrap_pirates,?,6,512,512,10,RGBA_JPEGXR,1,False,130732
scrap_pirates_07.atf,scrap_pirates,?,7,512,512,10,RGBA_JPEGXR,1,False,113976
scrap_pirates_diffuse_128.atf,scrap_pirates,diffuse,128,128,128,8,COMPRESSED_ALPHA(DXT5),4,False,10839
scrap_pirates_diffuse_256.atf,scrap_pirates,diffuse,256,256,256,9,COMPRESSED_ALPHA(DXT5),4,False,27956
scrap_pirates_diffuse_512.atf,scrap_pirates,diffuse,512,512,512,10,COMPRESSED_ALPHA(DXT5),4,False,78015
scrap_pirates_simple_diffuse_128.atf,scrap_pirates_simple,diffuse,128,128,128,8,COMPRESSED_ALPHA(DXT5),4,False,10904
scrap_pirates_simple_diffuse_256.atf,scrap_pirates_simple,diffuse,256,256,256,9,COMPRESSED_ALPHA(DXT5),4,False,28225
scrap_pirates_simple_diffuse_512.atf,scrap_pirates_simple,diffuse,512,512,512,10,COMPRESSED_ALPHA(DXT5),4,False,77586
sentinel_drone_argon_diffuse_128.atf,sentinel_drone_argon,diffuse,128,128,128,8,COMPRESSED(DXT1/PVRTC/ETC1),2,False,13099
sentinel_drone_argon_diffuse_256.atf,sentinel_drone_argon,diffuse,256,256,256,9,COMPRESSED(DXT1/PVRTC/ETC1),2,False,39243
sentinel_drone_argon_diffuse_512.atf,sentinel_drone_argon,diffuse,512,512,512,10,COMPRESSED(DXT1/PVRTC/ETC1),2,False,123430
sentinel_drone_argon_glow_128.atf,sentinel_drone_argon,glow,128,128,128,8,COMPRESSED(DXT1/PVRTC/ETC1),2,False,5531
sentinel_drone_argon_glow_256.atf,sentinel_drone_argon,glow,256,256,256,9,COMPRESSED(DXT1/PVRTC/ETC1),2,False,11323
sentinel_drone_argon_glow_512.atf,sentinel_drone_argon,glow,512,512,512,10,COMPRESSED(DXT1/PVRTC/ETC1),2,False,26765
sentinel_drone_lava_diffuse_128.atf,sentinel_drone_lava,diffuse,128,128,128,8,COMPRESSED(DXT1/PVRTC/ETC1),2,False,9704
sentinel_drone_lava_diffuse_256.atf,sentinel_drone_lava,diffuse,256,256,256,9,COMPRESSED(DXT1/PVRTC/ETC1),2,False,28331
sentinel_drone_lava_diffuse_512.atf,sentinel_drone_lava,diffuse,512,512,512,10,COMPRESSED(DXT1/PVRTC/ETC1),2,False,87016
sentinel_drone_lava_glow_128.atf,sentinel_drone_lava,glow,128,128,128,8,COMPRESSED(DXT1/PVRTC/ETC1),2,False,5531
sentinel_drone_lava_glow_256.atf,sentinel_drone_lava,glow,256,256,256,9,COMPRESSED(DXT1/PVRTC/ETC1),2,False,11323
sentinel_drone_lava_glow_512.atf,sentinel_drone_lava,glow,512,512,512,10,COMPRESSED(DXT1/PVRTC/ETC1),2,False,26765
sentinel_drone_legend_glow_128.atf,sentinel_drone_legend,glow,128,128,128,8,COMPRESSED(DXT1/PVRTC/ETC1),2,False,10783
sentinel_drone_legend_glow_256.atf,sentinel_drone_legend,glow,256,256,256,9,COMPRESSED(DXT1/PVRTC/ETC1),2,False,34851
sentinel_drone_legend_glow_512.atf,sentinel_drone_legend,glow,512,512,512,10,COMPRESSED(DXT1/PVRTC/ETC1),2,False,115998
sentinel_pet_design_argon_diffuse_128.atf,sentinel_pet_design_argon,diffuse,128,128,128,8,COMPRESSED(DXT1/PVRTC/ETC1),2,False,13157
sentinel_pet_design_argon_diffuse_256.atf,sentinel_pet_design_argon,diffuse,256,256,256,9,COMPRESSED(DXT1/PVRTC/ETC1),2,False,41972
sentinel_pet_design_argon_diffuse_512.atf,sentinel_pet_design_argon,diffuse,512,512,512,10,COMPRESSED(DXT1/PVRTC/ETC1),2,False,140380
sentinel_pet_design_argon_glow_128.atf,sentinel_pet_design_argon,glow,128,128,128,8,COMPRESSED(DXT1/PVRTC/ETC1),2,False,5969
sentinel_pet_design_argon_glow_256.atf,sentinel_pet_design_argon,glow,256,256,256,9,COMPRESSED(DXT1/PVRTC/ETC1),2,False,12363
sentinel_pet_design_argon_glow_512.atf,sentinel_pet_design_argon,glow,512,512,512,10,COMPRESSED(DXT1/PVRTC/ETC1),2,False,29955
sentinel_pet_design_lava_diffuse_128.atf,sentinel_pet_design_lava,diffuse,128,128,128,8,COMPRESSED(DXT1/PVRTC/ETC1),2,False,10304
sentinel_pet_design_lava_diffuse_256.atf,sentinel_pet_design_lava,diffuse,256,256,256,9,COMPRESSED(DXT1/PVRTC/ETC1),2,False,32932
sentinel_pet_design_lava_diffuse_512.atf,sentinel_pet_design_lava,diffuse,512,512,512,10,COMPRESSED(DXT1/PVRTC/ETC1),2,False,111216
sentinel_pet_design_lava_glow_128.atf,sentinel_pet_design_lava,glow,128,128,128,8,COMPRESSED(DXT1/PVRTC/ETC1),2,False,5969
sentinel_pet_design_lava_glow_256.atf,sentinel_pet_design_lava,glow,256,256,256,9,COMPRESSED(DXT1/PVRTC/ETC1),2,False,12363
sentinel_pet_design_lava_glow_512.atf,sentinel_pet_design_lava,glow,512,512,512,10,COMPRESSED(DXT1/PVRTC/ETC1),2,False,29955
sentinel_pet_design_legend_diffuse_128.atf,sentinel_pet_design_legend,diffuse,128,128,128,8,COMPRESSED(DXT1/PVRTC/ETC1),2,False,13157
sentinel_pet_design_legend_diffuse_256.atf,sentinel_pet_design_legend,diffuse,256,256,256,9,COMPRESSED(DXT1/PVRTC/ETC1),2,False,44169
sentinel_pet_design_legend_diffuse_512.atf,sentinel_pet_design_legend,diffuse,512,512,512,10,COMPRESSED(DXT1/PVRTC/ETC1),2,False,153496
sentinel_pet_design_legend_glow_128.atf,sentinel_pet_design_legend,glow,128,128,128,8,COMPRESSED(DXT1/PVRTC/ETC1),2,False,11572
sentinel_pet_design_legend_glow_256.atf,sentinel_pet_design_legend,glow,256,256,256,9,COMPRESSED(DXT1/PVRTC/ETC1),2,False,38006
sentinel_pet_design_legend_glow_512.atf,sentinel_pet_design_legend,glow,512,512,512,10,COMPRESSED(DXT1/PVRTC/ETC1),2,False,129745
ship-venom-design-venom-blaze_diffuse_128.atf,ship-venom-design-venom-blaze,diffuse,128,128,128,8,COMPRESSED(DXT1/PVRTC/ETC1),2,False,12824
ship-venom-design-venom-blaze_diffuse_256.atf,ship-venom-design-venom-blaze,diffuse,256,256,256,9,COMPRESSED(DXT1/PVRTC/ETC1),2,False,42542
ship-venom-design-venom-blaze_diffuse_512.atf,ship-venom-design-venom-blaze,diffuse,512,512,512,10,COMPRESSED(DXT1/PVRTC/ETC1),2,False,147892
ship_diminisher_design_argon_diffuse_128.atf,ship_diminisher_design_argon,diffuse,128,128,128,8,COMPRESSED(DXT1/PVRTC/ETC1),2,False,12665
ship_diminisher_design_argon_diffuse_256.atf,ship_diminisher_design_argon,diffuse,256,256,256,9,COMPRESSED(DXT1/PVRTC/ETC1),2,False,38781
ship_diminisher_design_argon_diffuse_512.atf,ship_diminisher_design_argon,diffuse,512,512,512,10,COMPRESSED(DXT1/PVRTC/ETC1),2,False,128915
ship_diminisher_design_lava_diffuse_128.atf,ship_diminisher_design_lava,diffuse,128,128,128,8,COMPRESSED(DXT1/PVRTC/ETC1),2,False,10036
ship_diminisher_design_lava_diffuse_256.atf,ship_diminisher_design_lava,diffuse,256,256,256,9,COMPRESSED(DXT1/PVRTC/ETC1),2,False,31173
ship_diminisher_design_lava_diffuse_512.atf,ship_diminisher_design_lava,diffuse,512,512,512,10,COMPRESSED(DXT1/PVRTC/ETC1),2,False,105266
ship_diminisher_design_lava_glow_128.atf,ship_diminisher_design_lava,glow,128,128,128,8,COMPRESSED(DXT1/PVRTC/ETC1),2,False,8981
ship_diminisher_design_lava_glow_256.atf,ship_diminisher_design_lava,glow,256,256,256,9,COMPRESSED(DXT1/PVRTC/ETC1),2,False,23368
ship_diminisher_design_lava_glow_512.atf,ship_diminisher_design_lava,glow,512,512,512,10,COMPRESSED(DXT1/PVRTC/ETC1),2,False,61669
ship_diminisher_design_lava_normal_128.atf,ship_diminisher_design_lava,normal,128,128,128,8,COMPRESSED(DXT1/PVRTC/ETC1),2,False,9930
ship_diminisher_design_lava_normal_256.atf,ship_diminisher_design_lava,normal,256,256,256,9,COMPRESSED(DXT1/PVRTC/ETC1),2,False,33473
ship_diminisher_design_lava_normal_512.atf,ship_diminisher_design_lava,normal,512,512,512,10,COMPRESSED(DXT1/PVRTC/ETC1),2,False,117857
ship_diminisher_design_lava_specular_128.atf,ship_diminisher_design_lava,specular,128,128,128,8,COMPRESSED(DXT1/PVRTC/ETC1),2,False,9747
ship_diminisher_design_lava_specular_256.atf,ship_diminisher_design_lava,specular,256,256,256,9,COMPRESSED(DXT1/PVRTC/ETC1),2,False,32238
ship_diminisher_design_lava_specular_512.atf,ship_diminisher_design_lava,specular,512,512,512,10,COMPRESSED(DXT1/PVRTC/ETC1),2,False,110949
ship_diminisher_design_legend_diffuse_128.atf,ship_diminisher_design_legend,diffuse,128,128,128,8,COMPRESSED(DXT1/PVRTC/ETC1),2,False,12212
ship_diminisher_design_legend_diffuse_256.atf,ship_diminisher_design_legend,diffuse,256,256,256,9,COMPRESSED(DXT1/PVRTC/ETC1),2,False,40120
ship_diminisher_design_legend_diffuse_512.atf,ship_diminisher_design_legend,diffuse,512,512,512,10,COMPRESSED(DXT1/PVRTC/ETC1),2,False,140336
ship_diminisher_design_legend_glow_128.atf,ship_diminisher_design_legend,glow,128,128,128,8,COMPRESSED(DXT1/PVRTC/ETC1),2,False,8122
ship_diminisher_design_legend_glow_256.atf,ship_diminisher_design_legend,glow,256,256,256,9,COMPRESSED(DXT1/PVRTC/ETC1),2,False,22348
ship_diminisher_design_legend_glow_512.atf,ship_diminisher_design_legend,glow,512,512,512,10,COMPRESSED(DXT1/PVRTC/ETC1),2,False,65284
ship_solace_design_solace-argon_diffuse_128.atf,ship_solace_design_solace-argon,diffuse,128,128,128,8,COMPRESSED(DXT1/PVRTC/ETC1),2,False,11608
ship_solace_design_solace-argon_diffuse_256.atf,ship_solace_design_solace-argon,diffuse,256,256,256,9,COMPRESSED(DXT1/PVRTC/ETC1),2,False,38060
ship_solace_design_solace-argon_diffuse_512.atf,ship_solace_design_solace-argon,diffuse,512,512,512,10,COMPRESSED(DXT1/PVRTC/ETC1),2,False,133426
ship_solace_design_solace-borealis_diffuse_128.atf,ship_solace_design_solace-borealis,diffuse,128,128,128,8,COMPRESSED(DXT1/PVRTC/ETC1),2,False,12325
ship_solace_design_solace-borealis_diffuse_256.atf,ship_solace_design_solace-borealis,diffuse,256,256,256,9,COMPRESSED(DXT1/PVRTC/ETC1),2,False,40345
ship_solace_design_solace-borealis_diffuse_512.atf,ship_solace_design_solace-borealis,diffuse,512,512,512,10,COMPRESSED(DXT1/PVRTC/ETC1),2,False,141378
ship_solace_design_solace-poison_diffuse_128.atf,ship_solace_design_solace-poison,diffuse,128,128,128,8,COMPRESSED(DXT1/PVRTC/ETC1),2,False,11546
ship_solace_design_solace-poison_diffuse_256.atf,ship_solace_design_solace-poison,diffuse,256,256,256,9,COMPRESSED(DXT1/PVRTC/ETC1),2,False,37207
ship_solace_design_solace-poison_diffuse_512.atf,ship_solace_design_solace-poison,diffuse,512,512,512,10,COMPRESSED(DXT1/PVRTC/ETC1),2,False,130236
ship_venom_design_venom-argon_diffuse_128.atf,ship_venom_design_venom-argon,diffuse,128,128,128,8,COMPRESSED(DXT1/PVRTC/ETC1),2,False,11861
ship_venom_design_venom-argon_diffuse_256.atf,ship_venom_design_venom-argon,diffuse,256,256,256,9,COMPRESSED(DXT1/PVRTC/ETC1),2,False,39330
ship_venom_design_venom-argon_diffuse_512.atf,ship_venom_design_venom-argon,diffuse,512,512,512,10,COMPRESSED(DXT1/PVRTC/ETC1),2,False,136898
ship_venom_design_venom-borealis_diffuse_128.atf,ship_venom_design_venom-borealis,diffuse,128,128,128,8,COMPRESSED(DXT1/PVRTC/ETC1),2,False,13538
ship_venom_design_venom-borealis_diffuse_256.atf,ship_venom_design_venom-borealis,diffuse,256,256,256,9,COMPRESSED(DXT1/PVRTC/ETC1),2,False,44814
ship_venom_design_venom-borealis_diffuse_512.atf,ship_venom_design_venom-borealis,diffuse,512,512,512,10,COMPRESSED(DXT1/PVRTC/ETC1),2,False,155491
ship_venom_design_venom-poison_diffuse_128.atf,ship_venom_design_venom-poison,diffuse,128,128,128,8,COMPRESSED(DXT1/PVRTC/ETC1),2,False,12951
ship_venom_design_venom-poison_diffuse_256.atf,ship_venom_design_venom-poison,diffuse,256,256,256,9,COMPRESSED(DXT1/PVRTC/ETC1),2,False,42274
ship_venom_design_venom-poison_diffuse_512.atf,ship_venom_design_venom-poison,diffuse,512,512,512,10,COMPRESSED(DXT1/PVRTC/ETC1),2,False,148298
sibelon-boss_glow_128.atf,sibelon-boss,glow,128,128,128,8,COMPRESSED(DXT1/PVRTC/ETC1),2,False,4252
sibelon-boss_glow_256.atf,sibelon-boss,glow,256,256,256,9,COMPRESSED(DXT1/PVRTC/ETC1),2,False,8489
sibelon-boss_glow_512.atf,sibelon-boss,glow,512,512,512,10,COMPRESSED(DXT1/PVRTC/ETC1),2,False,19546
sibelon-emperor_diffuse_128.atf,sibelon-emperor,diffuse,128,128,128,8,COMPRESSED(DXT1/PVRTC/ETC1),2,False,10951
sibelon-emperor_diffuse_256.atf,sibelon-emperor,diffuse,256,256,256,9,COMPRESSED(DXT1/PVRTC/ETC1),2,False,36148
sibelon-emperor_diffuse_512.atf,sibelon-emperor,diffuse,512,512,512,10,COMPRESSED(DXT1/PVRTC/ETC1),2,False,128271
sibelon-emperor_glow_128.atf,sibelon-emperor,glow,128,128,128,8,COMPRESSED(DXT1/PVRTC/ETC1),2,False,5831
sibelon-emperor_glow_256.atf,sibelon-emperor,glow,256,256,256,9,COMPRESSED(DXT1/PVRTC/ETC1),2,False,13453
sibelon-emperor_glow_512.atf,sibelon-emperor,glow,512,512,512,10,COMPRESSED(DXT1/PVRTC/ETC1),2,False,33335
sibelon-emperor_normal_128.atf,sibelon-emperor,normal,128,128,128,8,COMPRESSED(DXT1/PVRTC/ETC1),2,False,12636
sibelon-emperor_normal_256.atf,sibelon-emperor,normal,256,256,256,9,COMPRESSED(DXT1/PVRTC/ETC1),2,False,43948
sibelon-emperor_normal_512.atf,sibelon-emperor,normal,512,512,512,10,COMPRESSED(DXT1/PVRTC/ETC1),2,False,162311
sibelon-emperor_specular_128.atf,sibelon-emperor,specular,128,128,128,8,COMPRESSED(DXT1/PVRTC/ETC1),2,False,9115
sibelon-emperor_specular_256.atf,sibelon-emperor,specular,256,256,256,9,COMPRESSED(DXT1/PVRTC/ETC1),2,False,29041
sibelon-emperor_specular_512.atf,sibelon-emperor,specular,512,512,512,10,COMPRESSED(DXT1/PVRTC/ETC1),2,False,100430
sibelon_diffuse_128.atf,sibelon,diffuse,128,128,128,8,COMPRESSED(DXT1/PVRTC/ETC1),2,False,10369
sibelon_diffuse_256.atf,sibelon,diffuse,256,256,256,9,COMPRESSED(DXT1/PVRTC/ETC1),2,False,33255
sibelon_diffuse_512.atf,sibelon,diffuse,512,512,512,10,COMPRESSED(DXT1/PVRTC/ETC1),2,False,113641
sibelon_glow_128.atf,sibelon,glow,128,128,128,8,COMPRESSED(DXT1/PVRTC/ETC1),2,False,3859
sibelon_glow_256.atf,sibelon,glow,256,256,256,9,COMPRESSED(DXT1/PVRTC/ETC1),2,False,7662
sibelon_glow_512.atf,sibelon,glow,512,512,512,10,COMPRESSED(DXT1/PVRTC/ETC1),2,False,16751
sibelon_normal_128.atf,sibelon,normal,128,128,128,8,COMPRESSED(DXT1/PVRTC/ETC1),2,False,12388
sibelon_normal_256.atf,sibelon,normal,256,256,256,9,COMPRESSED(DXT1/PVRTC/ETC1),2,False,43009
sibelon_normal_512.atf,sibelon,normal,512,512,512,10,COMPRESSED(DXT1/PVRTC/ETC1),2,False,154858
sibelon_specular_128.atf,sibelon,specular,128,128,128,8,COMPRESSED(DXT1/PVRTC/ETC1),2,False,9406
sibelon_specular_256.atf,sibelon,specular,256,256,256,9,COMPRESSED(DXT1/PVRTC/ETC1),2,False,30252
sibelon_specular_512.atf,sibelon,specular,512,512,512,10,COMPRESSED(DXT1/PVRTC/ETC1),2,False,106172
sibelonit-boss_diffuse_128.atf,sibelonit-boss,diffuse,128,128,128,8,COMPRESSED(DXT1/PVRTC/ETC1),2,False,11398
sibelonit-boss_diffuse_256.atf,sibelonit-boss,diffuse,256,256,256,9,COMPRESSED(DXT1/PVRTC/ETC1),2,False,37428
sibelonit-boss_diffuse_512.atf,sibelonit-boss,diffuse,512,512,512,10,COMPRESSED(DXT1/PVRTC/ETC1),2,False,134155
sibelonit_diffuse_128.atf,sibelonit,diffuse,128,128,128,8,COMPRESSED(DXT1/PVRTC/ETC1),2,False,11525
sibelonit_diffuse_256.atf,sibelonit,diffuse,256,256,256,9,COMPRESSED(DXT1/PVRTC/ETC1),2,False,37360
sibelonit_diffuse_512.atf,sibelonit,diffuse,512,512,512,10,COMPRESSED(DXT1/PVRTC/ETC1),2,False,134029
sibelonit_glow_128.atf,sibelonit,glow,128,128,128,8,COMPRESSED(DXT1/PVRTC/ETC1),2,False,10228
sibelonit_glow_256.atf,sibelonit,glow,256,256,256,9,COMPRESSED(DXT1/PVRTC/ETC1),2,False,31866
sibelonit_glow_512.atf,sibelonit,glow,512,512,512,10,COMPRESSED(DXT1/PVRTC/ETC1),2,False,106003
sibelonit_normal_128.atf,sibelonit,normal,128,128,128,8,COMPRESSED(DXT1/PVRTC/ETC1),2,False,11698
sibelonit_normal_256.atf,sibelonit,normal,256,256,256,9,COMPRESSED(DXT1/PVRTC/ETC1),2,False,37473
sibelonit_normal_512.atf,sibelonit,normal,512,512,512,10,COMPRESSED(DXT1/PVRTC/ETC1),2,False,127990
sibelonit_specular_128.atf,sibelonit,specular,128,128,128,8,COMPRESSED(DXT1/PVRTC/ETC1),2,False,9382
sibelonit_specular_256.atf,sibelonit,specular,256,256,256,9,COMPRESSED(DXT1/PVRTC/ETC1),2,False,29228
sibelonit_specular_512.atf,sibelonit,specular,512,512,512,10,COMPRESSED(DXT1/PVRTC/ETC1),2,False,98667
singleDamage.atf,singleDamage,?,,64,64,7,RAW_COMPRESSED_ALPHA,5,False,13865
skybox_mask.atf,skybox,mask,,64,64,7,RGBA888,0,False,5467
skybox_nebula.atf,skybox_nebula,?,,128,128,8,RGBA888,0,False,2334
skybox_stars.atf,skybox_stars,?,,1024,1024,11,RGBA888,0,False,84999
skybox_stars_dark_turquoise.atf,skybox_stars_dark_turquoise,?,,1024,1024,11,RGBA888,0,False,80093
slender_diffuse_128.atf,slender,diffuse,128,128,128,8,COMPRESSED(DXT1/PVRTC/ETC1),2,False,10944
slender_diffuse_256.atf,slender,diffuse,256,256,256,9,COMPRESSED(DXT1/PVRTC/ETC1),2,False,35161
slender_diffuse_512.atf,slender,diffuse,512,512,512,10,COMPRESSED(DXT1/PVRTC/ETC1),2,False,120713
slender_glow_128.atf,slender,glow,128,128,128,8,COMPRESSED(DXT1/PVRTC/ETC1),2,False,8514
slender_glow_256.atf,slender,glow,256,256,256,9,COMPRESSED(DXT1/PVRTC/ETC1),2,False,20892
slender_glow_512.atf,slender,glow,512,512,512,10,COMPRESSED(DXT1/PVRTC/ETC1),2,False,55381
slender_normal_128.atf,slender,normal,128,128,128,8,COMPRESSED(DXT1/PVRTC/ETC1),2,False,12137
slender_normal_256.atf,slender,normal,256,256,256,9,COMPRESSED(DXT1/PVRTC/ETC1),2,False,40437
slender_normal_512.atf,slender,normal,512,512,512,10,COMPRESSED(DXT1/PVRTC/ETC1),2,False,144471
slender_specular_128.atf,slender,specular,128,128,128,8,COMPRESSED(DXT1/PVRTC/ETC1),2,False,10753
slender_specular_256.atf,slender,specular,256,256,256,9,COMPRESSED(DXT1/PVRTC/ETC1),2,False,34259
slender_specular_512.atf,slender,specular,512,512,512,10,COMPRESSED(DXT1/PVRTC/ETC1),2,False,117035
snowman_diffuse_128.atf,snowman,diffuse,128,128,128,8,COMPRESSED(DXT1/PVRTC/ETC1),2,False,10891
snowman_diffuse_256.atf,snowman,diffuse,256,256,256,9,COMPRESSED(DXT1/PVRTC/ETC1),2,False,32448
snowman_diffuse_512.atf,snowman,diffuse,512,512,512,10,COMPRESSED(DXT1/PVRTC/ETC1),2,False,105278
snowman_glow_128.atf,snowman,glow,128,128,128,8,COMPRESSED(DXT1/PVRTC/ETC1),2,False,5958
snowman_glow_256.atf,snowman,glow,256,256,256,9,COMPRESSED(DXT1/PVRTC/ETC1),2,False,12579
snowman_glow_512.atf,snowman,glow,512,512,512,10,COMPRESSED(DXT1/PVRTC/ETC1),2,False,28333
snowman_normal_128.atf,snowman,normal,128,128,128,8,COMPRESSED(DXT1/PVRTC/ETC1),2,False,9223
snowman_normal_256.atf,snowman,normal,256,256,256,9,COMPRESSED(DXT1/PVRTC/ETC1),2,False,27067
snowman_normal_512.atf,snowman,normal,512,512,512,10,COMPRESSED(DXT1/PVRTC/ETC1),2,False,85428
snowman_specular_128.atf,snowman,specular,128,128,128,8,COMPRESSED(DXT1/PVRTC/ETC1),2,False,7292
snowman_specular_256.atf,snowman,specular,256,256,256,9,COMPRESSED(DXT1/PVRTC/ETC1),2,False,19222
snowman_specular_512.atf,snowman,specular,512,512,512,10,COMPRESSED(DXT1/PVRTC/ETC1),2,False,58837
solace_design_solace-ocean_diffuse_128.atf,solace_design_solace-ocean,diffuse,128,128,128,8,COMPRESSED(DXT1/PVRTC/ETC1),2,False,12139
solace_design_solace-ocean_diffuse_256.atf,solace_design_solace-ocean,diffuse,256,256,256,9,COMPRESSED(DXT1/PVRTC/ETC1),2,False,39426
solace_design_solace-ocean_diffuse_512.atf,solace_design_solace-ocean,diffuse,512,512,512,10,COMPRESSED(DXT1/PVRTC/ETC1),2,False,138332
spaceball-summer_diffuse_128.atf,spaceball-summer,diffuse,128,128,128,8,COMPRESSED_ALPHA(DXT5),4,False,11928
spaceball-summer_diffuse_256.atf,spaceball-summer,diffuse,256,256,256,9,COMPRESSED_ALPHA(DXT5),4,False,32653
spaceball-summer_diffuse_512.atf,spaceball-summer,diffuse,512,512,512,10,COMPRESSED_ALPHA(DXT5),4,False,104044
spaceball-summer_glow_128.atf,spaceball-summer,glow,128,128,128,8,COMPRESSED_ALPHA(DXT5),4,False,7187
spaceball-summer_glow_256.atf,spaceball-summer,glow,256,256,256,9,COMPRESSED_ALPHA(DXT5),4,False,14432
spaceball-summer_glow_512.atf,spaceball-summer,glow,512,512,512,10,COMPRESSED_ALPHA(DXT5),4,False,31767
spaceball-summer_normal_128.atf,spaceball-summer,normal,128,128,128,8,COMPRESSED_ALPHA(DXT5),4,False,10959
spaceball-summer_normal_256.atf,spaceball-summer,normal,256,256,256,9,COMPRESSED_ALPHA(DXT5),4,False,31338
spaceball-summer_normal_512.atf,spaceball-summer,normal,512,512,512,10,COMPRESSED_ALPHA(DXT5),4,False,99524
spaceball-summer_specular_128.atf,spaceball-summer,specular,128,128,128,8,COMPRESSED_ALPHA(DXT5),4,False,8786
spaceball-summer_specular_256.atf,spaceball-summer,specular,256,256,256,9,COMPRESSED_ALPHA(DXT5),4,False,22652
spaceball-summer_specular_512.atf,spaceball-summer,specular,512,512,512,10,COMPRESSED_ALPHA(DXT5),4,False,71015
spaceball-winter_diffuse_128.atf,spaceball-winter,diffuse,128,128,128,8,COMPRESSED_ALPHA(DXT5),4,False,12192
spaceball-winter_diffuse_256.atf,spaceball-winter,diffuse,256,256,256,9,COMPRESSED_ALPHA(DXT5),4,False,36523
spaceball-winter_diffuse_512.atf,spaceball-winter,diffuse,512,512,512,10,COMPRESSED_ALPHA(DXT5),4,False,124684
spaceball-winter_glow_128.atf,spaceball-winter,glow,128,128,128,8,COMPRESSED_ALPHA(DXT5),4,False,6275
spaceball-winter_glow_256.atf,spaceball-winter,glow,256,256,256,9,COMPRESSED_ALPHA(DXT5),4,False,12503
spaceball-winter_glow_512.atf,spaceball-winter,glow,512,512,512,10,COMPRESSED_ALPHA(DXT5),4,False,28554
spaceball-winter_normal_128.atf,spaceball-winter,normal,128,128,128,8,COMPRESSED_ALPHA(DXT5),4,False,11989
spaceball-winter_normal_256.atf,spaceball-winter,normal,256,256,256,9,COMPRESSED_ALPHA(DXT5),4,False,35621
spaceball-winter_normal_512.atf,spaceball-winter,normal,512,512,512,10,COMPRESSED_ALPHA(DXT5),4,False,119236
spaceball-winter_specular_128.atf,spaceball-winter,specular,128,128,128,8,COMPRESSED_ALPHA(DXT5),4,False,10598
spaceball-winter_specular_256.atf,spaceball-winter,specular,256,256,256,9,COMPRESSED_ALPHA(DXT5),4,False,30628
spaceball-winter_specular_512.atf,spaceball-winter,specular,512,512,512,10,COMPRESSED_ALPHA(DXT5),4,False,103850
spaceball_diffuse_128.atf,spaceball,diffuse,128,128,128,8,COMPRESSED(DXT1/PVRTC/ETC1),2,False,10554
spaceball_diffuse_256.atf,spaceball,diffuse,256,256,256,9,COMPRESSED(DXT1/PVRTC/ETC1),2,False,31534
spaceball_diffuse_512.atf,spaceball,diffuse,512,512,512,10,COMPRESSED_ALPHA(DXT5),4,False,102834
spaceball_glow_128.atf,spaceball,glow,128,128,128,8,COMPRESSED_ALPHA(DXT5),4,False,8373
spaceball_glow_256.atf,spaceball,glow,256,256,256,9,COMPRESSED_ALPHA(DXT5),4,False,18249
spaceball_glow_512.atf,spaceball,glow,512,512,512,10,COMPRESSED_ALPHA(DXT5),4,False,44845
spaceball_normal_128.atf,spaceball,normal,128,128,128,8,COMPRESSED_ALPHA(DXT5),4,False,10709
spaceball_normal_256.atf,spaceball,normal,256,256,256,9,COMPRESSED_ALPHA(DXT5),4,False,30468
spaceball_normal_512.atf,spaceball,normal,512,512,512,10,COMPRESSED_ALPHA(DXT5),4,False,90996
spaceball_specular_128.atf,spaceball,specular,128,128,128,8,COMPRESSED(DXT1/PVRTC/ETC1),2,False,7191
spaceball_specular_256.atf,spaceball,specular,256,256,256,9,COMPRESSED(DXT1/PVRTC/ETC1),2,False,19649
spaceball_specular_512.atf,spaceball,specular,512,512,512,10,COMPRESSED(DXT1/PVRTC/ETC1),2,False,61423
spartan_drone_diffuse_128.atf,spartan_drone,diffuse,128,128,128,8,COMPRESSED(DXT1/PVRTC/ETC1),2,False,13383
spartan_drone_diffuse_256.atf,spartan_drone,diffuse,256,256,256,9,COMPRESSED(DXT1/PVRTC/ETC1),2,False,42561
spartan_drone_diffuse_512.atf,spartan_drone,diffuse,512,512,512,10,COMPRESSED(DXT1/PVRTC/ETC1),2,False,145176
spartan_drone_glow_128.atf,spartan_drone,glow,128,128,128,8,COMPRESSED(DXT1/PVRTC/ETC1),2,False,6911
spartan_drone_glow_256.atf,spartan_drone,glow,256,256,256,9,COMPRESSED(DXT1/PVRTC/ETC1),2,False,16028
spartan_drone_glow_512.atf,spartan_drone,glow,512,512,512,10,COMPRESSED(DXT1/PVRTC/ETC1),2,False,39411
spartan_drone_normal_128.atf,spartan_drone,normal,128,128,128,8,COMPRESSED(DXT1/PVRTC/ETC1),2,False,9912
spartan_drone_normal_256.atf,spartan_drone,normal,256,256,256,9,COMPRESSED(DXT1/PVRTC/ETC1),2,False,27978
spartan_drone_normal_512.atf,spartan_drone,normal,512,512,512,10,COMPRESSED(DXT1/PVRTC/ETC1),2,False,80407
spartan_drone_specular_128.atf,spartan_drone,specular,128,128,128,8,COMPRESSED(DXT1/PVRTC/ETC1),2,False,9001
spartan_drone_specular_256.atf,spartan_drone,specular,256,256,256,9,COMPRESSED(DXT1/PVRTC/ETC1),2,False,28440
spartan_drone_specular_512.atf,spartan_drone,specular,512,512,512,10,COMPRESSED(DXT1/PVRTC/ETC1),2,False,96371
spearhead-eic-elite_diffuse_128.atf,spearhead-eic-elite,diffuse,128,128,128,8,COMPRESSED(DXT1/PVRTC/ETC1),2,False,10412
spearhead-eic-elite_diffuse_256.atf,spearhead-eic-elite,diffuse,256,256,256,9,COMPRESSED(DXT1/PVRTC/ETC1),2,False,33077
spearhead-eic-elite_diffuse_512.atf,spearhead-eic-elite,diffuse,512,512,512,10,COMPRESSED(DXT1/PVRTC/ETC1),2,False,114490
spearhead-eic-elite_glow_128.atf,spearhead-eic-elite,glow,128,128,128,8,COMPRESSED(DXT1/PVRTC/ETC1),2,False,5623
spearhead-eic-elite_glow_256.atf,spearhead-eic-elite,glow,256,256,256,9,COMPRESSED(DXT1/PVRTC/ETC1),2,False,11740
spearhead-eic-elite_glow_512.atf,spearhead-eic-elite,glow,512,512,512,10,COMPRESSED(DXT1/PVRTC/ETC1),2,False,28270
spearhead-eic-veteran_diffuse_128.atf,spearhead-eic-veteran,diffuse,128,128,128,8,COMPRESSED(DXT1/PVRTC/ETC1),2,False,11851
spearhead-eic-veteran_diffuse_256.atf,spearhead-eic-veteran,diffuse,256,256,256,9,COMPRESSED(DXT1/PVRTC/ETC1),2,False,37200
spearhead-eic-veteran_diffuse_512.atf,spearhead-eic-veteran,diffuse,512,512,512,10,COMPRESSED(DXT1/PVRTC/ETC1),2,False,127467
spearhead-eic_diffuse_128.atf,spearhead-eic,diffuse,128,128,128,8,COMPRESSED(DXT1/PVRTC/ETC1),2,False,10927
spearhead-eic_diffuse_256.atf,spearhead-eic,diffuse,256,256,256,9,COMPRESSED(DXT1/PVRTC/ETC1),2,False,34643
spearhead-eic_diffuse_512.atf,spearhead-eic,diffuse,512,512,512,10,COMPRESSED(DXT1/PVRTC/ETC1),2,False,119868
spearhead-elite_specular_128.atf,spearhead-elite,specular,128,128,128,8,COMPRESSED(DXT1/PVRTC/ETC1),2,False,9659
spearhead-elite_specular_256.atf,spearhead-elite,specular,256,256,256,9,COMPRESSED(DXT1/PVRTC/ETC1),2,False,31826
spearhead-elite_specular_512.atf,spearhead-elite,specular,512,512,512,10,COMPRESSED(DXT1/PVRTC/ETC1),2,False,112922
spearhead-mmo-elite_diffuse_128.atf,spearhead-mmo-elite,diffuse,128,128,128,8,COMPRESSED(DXT1/PVRTC/ETC1),2,False,10663
spearhead-mmo-elite_diffuse_256.atf,spearhead-mmo-elite,diffuse,256,256,256,9,COMPRESSED(DXT1/PVRTC/ETC1),2,False,34267
spearhead-mmo-elite_diffuse_512.atf,spearhead-mmo-elite,diffuse,512,512,512,10,COMPRESSED(DXT1/PVRTC/ETC1),2,False,119286
spearhead-mmo-elite_glow_128.atf,spearhead-mmo-elite,glow,128,128,128,8,COMPRESSED(DXT1/PVRTC/ETC1),2,False,5658
spearhead-mmo-elite_glow_256.atf,spearhead-mmo-elite,glow,256,256,256,9,COMPRESSED(DXT1/PVRTC/ETC1),2,False,11805
spearhead-mmo-elite_glow_512.atf,spearhead-mmo-elite,glow,512,512,512,10,COMPRESSED(DXT1/PVRTC/ETC1),2,False,28569
spearhead-mmo-veteran_diffuse_128.atf,spearhead-mmo-veteran,diffuse,128,128,128,8,COMPRESSED(DXT1/PVRTC/ETC1),2,False,12612
spearhead-mmo-veteran_diffuse_256.atf,spearhead-mmo-veteran,diffuse,256,256,256,9,COMPRESSED(DXT1/PVRTC/ETC1),2,False,39525
spearhead-mmo-veteran_diffuse_512.atf,spearhead-mmo-veteran,diffuse,512,512,512,10,COMPRESSED(DXT1/PVRTC/ETC1),2,False,135276
spearhead-mmo_diffuse_128.atf,spearhead-mmo,diffuse,128,128,128,8,COMPRESSED(DXT1/PVRTC/ETC1),2,False,11578
spearhead-mmo_diffuse_256.atf,spearhead-mmo,diffuse,256,256,256,9,COMPRESSED(DXT1/PVRTC/ETC1),2,False,35922
spearhead-mmo_diffuse_512.atf,spearhead-mmo,diffuse,512,512,512,10,COMPRESSED(DXT1/PVRTC/ETC1),2,False,122701
spearhead-veteran_glow_128.atf,spearhead-veteran,glow,128,128,128,8,COMPRESSED(DXT1/PVRTC/ETC1),2,False,5025
spearhead-veteran_glow_256.atf,spearhead-veteran,glow,256,256,256,9,COMPRESSED(DXT1/PVRTC/ETC1),2,False,9513
spearhead-veteran_glow_512.atf,spearhead-veteran,glow,512,512,512,10,COMPRESSED(DXT1/PVRTC/ETC1),2,False,20805
spearhead-vru-elite_diffuse_128.atf,spearhead-vru-elite,diffuse,128,128,128,8,COMPRESSED(DXT1/PVRTC/ETC1),2,False,10570
spearhead-vru-elite_diffuse_256.atf,spearhead-vru-elite,diffuse,256,256,256,9,COMPRESSED(DXT1/PVRTC/ETC1),2,False,33252
spearhead-vru-elite_diffuse_512.atf,spearhead-vru-elite,diffuse,512,512,512,10,COMPRESSED(DXT1/PVRTC/ETC1),2,False,112814
spearhead-vru-elite_glow_128.atf,spearhead-vru-elite,glow,128,128,128,8,COMPRESSED(DXT1/PVRTC/ETC1),2,False,5704
spearhead-vru-elite_glow_256.atf,spearhead-vru-elite,glow,256,256,256,9,COMPRESSED(DXT1/PVRTC/ETC1),2,False,12783
spearhead-vru-elite_glow_512.atf,spearhead-vru-elite,glow,512,512,512,10,COMPRESSED(DXT1/PVRTC/ETC1),2,False,32051
spearhead-vru-veteran_diffuse_128.atf,spearhead-vru-veteran,diffuse,128,128,128,8,COMPRESSED(DXT1/PVRTC/ETC1),2,False,12269
spearhead-vru-veteran_diffuse_256.atf,spearhead-vru-veteran,diffuse,256,256,256,9,COMPRESSED(DXT1/PVRTC/ETC1),2,False,38888
spearhead-vru-veteran_diffuse_512.atf,spearhead-vru-veteran,diffuse,512,512,512,10,COMPRESSED(DXT1/PVRTC/ETC1),2,False,132962
spearhead-vru_diffuse_128.atf,spearhead-vru,diffuse,128,128,128,8,COMPRESSED(DXT1/PVRTC/ETC1),2,False,11290
spearhead-vru_diffuse_256.atf,spearhead-vru,diffuse,256,256,256,9,COMPRESSED(DXT1/PVRTC/ETC1),2,False,35168
spearhead-vru_diffuse_512.atf,spearhead-vru,diffuse,512,512,512,10,COMPRESSED(DXT1/PVRTC/ETC1),2,False,120013
spearhead-vru_glow_128.atf,spearhead-vru,glow,128,128,128,8,COMPRESSED(DXT1/PVRTC/ETC1),2,False,4675
spearhead-vru_glow_256.atf,spearhead-vru,glow,256,256,256,9,COMPRESSED(DXT1/PVRTC/ETC1),2,False,8713
spearhead-vru_glow_512.atf,spearhead-vru,glow,512,512,512,10,COMPRESSED(DXT1/PVRTC/ETC1),2,False,17486
spearhead_diffuse_128.atf,spearhead,diffuse,128,128,128,8,COMPRESSED(DXT1/PVRTC/ETC1),2,False,10412
spearhead_diffuse_256.atf,spearhead,diffuse,256,256,256,9,COMPRESSED(DXT1/PVRTC/ETC1),2,False,32479
spearhead_diffuse_512.atf,spearhead,diffuse,512,512,512,10,COMPRESSED(DXT1/PVRTC/ETC1),2,False,111162
spearhead_glow_128.atf,spearhead,glow,128,128,128,8,COMPRESSED(DXT1/PVRTC/ETC1),2,False,4935
spearhead_glow_256.atf,spearhead,glow,256,256,256,9,COMPRESSED(DXT1/PVRTC/ETC1),2,False,9350
spearhead_glow_512.atf,spearhead,glow,512,512,512,10,COMPRESSED(DXT1/PVRTC/ETC1),2,False,20462
spearhead_normal_128.atf,spearhead,normal,128,128,128,8,COMPRESSED(DXT1/PVRTC/ETC1),2,False,11228
spearhead_normal_256.atf,spearhead,normal,256,256,256,9,COMPRESSED(DXT1/PVRTC/ETC1),2,False,36300
spearhead_normal_512.atf,spearhead,normal,512,512,512,10,COMPRESSED(DXT1/PVRTC/ETC1),2,False,122638
spearhead_specular_128.atf,spearhead,specular,128,128,128,8,COMPRESSED(DXT1/PVRTC/ETC1),2,False,9807
spearhead_specular_256.atf,spearhead,specular,256,256,256,9,COMPRESSED(DXT1/PVRTC/ETC1),2,False,32569
spearhead_specular_512.atf,spearhead,specular,512,512,512,10,COMPRESSED(DXT1/PVRTC/ETC1),2,False,116515
spectrum-design-blaze_diffuse_128.atf,spectrum-design-blaze,diffuse,128,128,128,8,COMPRESSED(DXT1/PVRTC/ETC1),2,False,12535
spectrum-design-blaze_diffuse_256.atf,spectrum-design-blaze,diffuse,256,256,256,9,COMPRESSED(DXT1/PVRTC/ETC1),2,False,40452
spectrum-design-blaze_diffuse_512.atf,spectrum-design-blaze,diffuse,512,512,512,10,COMPRESSED(DXT1/PVRTC/ETC1),2,False,141249
spectrum-design-blaze_glow_128.atf,spectrum-design-blaze,glow,128,128,128,8,COMPRESSED(DXT1/PVRTC/ETC1),2,False,4364
spectrum-design-blaze_glow_256.atf,spectrum-design-blaze,glow,256,256,256,9,COMPRESSED(DXT1/PVRTC/ETC1),2,False,7754
spectrum-design-blaze_glow_512.atf,spectrum-design-blaze,glow,512,512,512,10,COMPRESSED(DXT1/PVRTC/ETC1),2,False,15680
spectrum-design-lava_diffuse_1024.atf,spectrum-design-lava,diffuse,1024,1024,1024,11,COMPRESSED_ALPHA(DXT5),4,False,390867
spectrum-design-lava_diffuse_128.atf,spectrum-design-lava,diffuse,128,128,128,8,COMPRESSED_ALPHA(DXT5),4,False,11854
spectrum-design-lava_diffuse_256.atf,spectrum-design-lava,diffuse,256,256,256,9,COMPRESSED_ALPHA(DXT5),4,False,34377
spectrum-design-lava_diffuse_512.atf,spectrum-design-lava,diffuse,512,512,512,10,COMPRESSED_ALPHA(DXT5),4,False,112637
spectrum-design-lava_glow_1024.atf,spectrum-design-lava,glow,1024,1024,1024,11,COMPRESSED(DXT1/PVRTC/ETC1),2,False,49793
spectrum-design-lava_glow_128.atf,spectrum-design-lava,glow,128,128,128,8,COMPRESSED(DXT1/PVRTC/ETC1),2,False,5092
spectrum-design-lava_glow_256.atf,spectrum-design-lava,glow,256,256,256,9,COMPRESSED(DXT1/PVRTC/ETC1),2,False,9764
spectrum-design-lava_glow_512.atf,spectrum-design-lava,glow,512,512,512,10,COMPRESSED(DXT1/PVRTC/ETC1),2,False,21784
spectrum-design-legend_diffuse_128.atf,spectrum-design-legend,diffuse,128,128,128,8,COMPRESSED(DXT1/PVRTC/ETC1),2,False,10646
spectrum-design-legend_diffuse_256.atf,spectrum-design-legend,diffuse,256,256,256,9,COMPRESSED(DXT1/PVRTC/ETC1),2,False,34475
spectrum-design-legend_diffuse_512.atf,spectrum-design-legend,diffuse,512,512,512,10,COMPRESSED(DXT1/PVRTC/ETC1),2,False,120039
spectrum-design-legend_glow_128.atf,spectrum-design-legend,glow,128,128,128,8,COMPRESSED(DXT1/PVRTC/ETC1),2,False,11206
spectrum-design-legend_glow_256.atf,spectrum-design-legend,glow,256,256,256,9,COMPRESSED(DXT1/PVRTC/ETC1),2,False,36257
spectrum-design-legend_glow_512.atf,spectrum-design-legend,glow,512,512,512,10,COMPRESSED(DXT1/PVRTC/ETC1),2,False,121999
spectrum-design-ocean-ocean_glow_1024.atf,spectrum-design-ocean-ocean,glow,1024,1024,1024,11,COMPRESSED(DXT1/PVRTC/ETC1),2,False,32697
spectrum-design-ocean-ocean_glow_128.atf,spectrum-design-ocean-ocean,glow,128,128,128,8,COMPRESSED(DXT1/PVRTC/ETC1),2,False,4345
spectrum-design-ocean-ocean_glow_256.atf,spectrum-design-ocean-ocean,glow,256,256,256,9,COMPRESSED(DXT1/PVRTC/ETC1),2,False,7724
spectrum-design-ocean-ocean_glow_512.atf,spectrum-design-ocean-ocean,glow,512,512,512,10,COMPRESSED(DXT1/PVRTC/ETC1),2,False,15589
spectrum-design-ocean_diffuse_128.atf,spectrum-design-ocean,diffuse,128,128,128,8,COMPRESSED_ALPHA(DXT5),4,False,13479
spectrum-design-ocean_diffuse_256.atf,spectrum-design-ocean,diffuse,256,256,256,9,COMPRESSED_ALPHA(DXT5),4,False,40825
spectrum-design-ocean_diffuse_512.atf,spectrum-design-ocean,diffuse,512,512,512,10,COMPRESSED_ALPHA(DXT5),4,False,137704
spectrum-design-poison_diffuse_1024.atf,spectrum-design-poison,diffuse,1024,1024,1024,11,COMPRESSED(DXT1/PVRTC/ETC1),2,False,510011
spectrum-design-poison_diffuse_128.atf,spectrum-design-poison,diffuse,128,128,128,8,COMPRESSED(DXT1/PVRTC/ETC1),2,False,11919
spectrum-design-poison_diffuse_256.atf,spectrum-design-poison,diffuse,256,256,256,9,COMPRESSED(DXT1/PVRTC/ETC1),2,False,39346
spectrum-design-poison_diffuse_512.atf,spectrum-design-poison,diffuse,512,512,512,10,COMPRESSED(DXT1/PVRTC/ETC1),2,False,139273
spectrum-design-poison_glow_1024.atf,spectrum-design-poison,glow,1024,1024,1024,11,COMPRESSED(DXT1/PVRTC/ETC1),2,False,28562
spectrum-design-poison_glow_128.atf,spectrum-design-poison,glow,128,128,128,8,COMPRESSED(DXT1/PVRTC/ETC1),2,False,4068
spectrum-design-poison_glow_256.atf,spectrum-design-poison,glow,256,256,256,9,COMPRESSED(DXT1/PVRTC/ETC1),2,False,7200
spectrum-design-poison_glow_512.atf,spectrum-design-poison,glow,512,512,512,10,COMPRESSED(DXT1/PVRTC/ETC1),2,False,14198
spectrum-design-sandstorm_diffuse_1024.atf,spectrum-design-sandstorm,diffuse,1024,1024,1024,11,COMPRESSED_ALPHA(DXT5),4,False,487819
spectrum-design-sandstorm_diffuse_128.atf,spectrum-design-sandstorm,diffuse,128,128,128,8,COMPRESSED_ALPHA(DXT5),4,False,13780
spectrum-design-sandstorm_diffuse_256.atf,spectrum-design-sandstorm,diffuse,256,256,256,9,COMPRESSED_ALPHA(DXT5),4,False,41224
spectrum-design-sandstorm_diffuse_512.atf,spectrum-design-sandstorm,diffuse,512,512,512,10,COMPRESSED_ALPHA(DXT5),4,False,138304
spectrum-design-sandstorm_glow_1024.atf,spectrum-design-sandstorm,glow,1024,1024,1024,11,COMPRESSED(DXT1/PVRTC/ETC1),2,False,46664
spectrum-design-sandstorm_glow_128.atf,spectrum-design-sandstorm,glow,128,128,128,8,COMPRESSED(DXT1/PVRTC/ETC1),2,False,4747
spectrum-design-sandstorm_glow_256.atf,spectrum-design-sandstorm,glow,256,256,256,9,COMPRESSED(DXT1/PVRTC/ETC1),2,False,9313
spectrum-design-sandstorm_glow_512.atf,spectrum-design-sandstorm,glow,512,512,512,10,COMPRESSED(DXT1/PVRTC/ETC1),2,False,20815
spectrum-drone-lava_diffuse_128.atf,spectrum-drone-lava,diffuse,128,128,128,8,COMPRESSED(DXT1/PVRTC/ETC1),2,False,11069
spectrum-drone-lava_diffuse_256.atf,spectrum-drone-lava,diffuse,256,256,256,9,COMPRESSED(DXT1/PVRTC/ETC1),2,False,32582
spectrum-drone-lava_diffuse_512.atf,spectrum-drone-lava,diffuse,512,512,512,10,COMPRESSED(DXT1/PVRTC/ETC1),2,False,104598
spectrum-drone-lava_glow_128.atf,spectrum-drone-lava,glow,128,128,128,8,COMPRESSED(DXT1/PVRTC/ETC1),2,False,9467
spectrum-drone-lava_glow_256.atf,spectrum-drone-lava,glow,256,256,256,9,COMPRESSED(DXT1/PVRTC/ETC1),2,False,24694
spectrum-drone-lava_glow_512.atf,spectrum-drone-lava,glow,512,512,512,10,COMPRESSED(DXT1/PVRTC/ETC1),2,False,65698
spectrum-drone-lava_normal_128.atf,spectrum-drone-lava,normal,128,128,128,8,COMPRESSED(DXT1/PVRTC/ETC1),2,False,11437
spectrum-drone-lava_normal_256.atf,spectrum-drone-lava,normal,256,256,256,9,COMPRESSED(DXT1/PVRTC/ETC1),2,False,37187
spectrum-drone-lava_normal_512.atf,spectrum-drone-lava,normal,512,512,512,10,COMPRESSED(DXT1/PVRTC/ETC1),2,False,125726
spectrum-drone-lava_specular_128.atf,spectrum-drone-lava,specular,128,128,128,8,COMPRESSED(DXT1/PVRTC/ETC1),2,False,12384
spectrum-drone-lava_specular_256.atf,spectrum-drone-lava,specular,256,256,256,9,COMPRESSED(DXT1/PVRTC/ETC1),2,False,40091
spectrum-drone-lava_specular_512.atf,spectrum-drone-lava,specular,512,512,512,10,COMPRESSED(DXT1/PVRTC/ETC1),2,False,137519
spectrum-drone-poison_diffuse_128.atf,spectrum-drone-poison,diffuse,128,128,128,8,COMPRESSED(DXT1/PVRTC/ETC1),2,False,12202
spectrum-drone-poison_diffuse_256.atf,spectrum-drone-poison,diffuse,256,256,256,9,COMPRESSED(DXT1/PVRTC/ETC1),2,False,37353
spectrum-drone-poison_diffuse_512.atf,spectrum-drone-poison,diffuse,512,512,512,10,COMPRESSED(DXT1/PVRTC/ETC1),2,False,122164
spectrum-drone-poison_glow_128.atf,spectrum-drone-poison,glow,128,128,128,8,COMPRESSED(DXT1/PVRTC/ETC1),2,False,9461
spectrum-drone-poison_glow_256.atf,spectrum-drone-poison,glow,256,256,256,9,COMPRESSED(DXT1/PVRTC/ETC1),2,False,24649
spectrum-drone-poison_glow_512.atf,spectrum-drone-poison,glow,512,512,512,10,COMPRESSED(DXT1/PVRTC/ETC1),2,False,65594
spectrum-drone-poison_normal_128.atf,spectrum-drone-poison,normal,128,128,128,8,COMPRESSED(DXT1/PVRTC/ETC1),2,False,11437
spectrum-drone-poison_normal_256.atf,spectrum-drone-poison,normal,256,256,256,9,COMPRESSED(DXT1/PVRTC/ETC1),2,False,37187
spectrum-drone-poison_normal_512.atf,spectrum-drone-poison,normal,512,512,512,10,COMPRESSED(DXT1/PVRTC/ETC1),2,False,125726
spectrum-drone-poison_specular_128.atf,spectrum-drone-poison,specular,128,128,128,8,COMPRESSED(DXT1/PVRTC/ETC1),2,False,12384
spectrum-drone-poison_specular_256.atf,spectrum-drone-poison,specular,256,256,256,9,COMPRESSED(DXT1/PVRTC/ETC1),2,False,40091
spectrum-drone-poison_specular_512.atf,spectrum-drone-poison,specular,512,512,512,10,COMPRESSED(DXT1/PVRTC/ETC1),2,False,137519
spectrum-drone-sandstorm_diffuse_128.atf,spectrum-drone-sandstorm,diffuse,128,128,128,8,COMPRESSED(DXT1/PVRTC/ETC1),2,False,11689
spectrum-drone-sandstorm_diffuse_256.atf,spectrum-drone-sandstorm,diffuse,256,256,256,9,COMPRESSED(DXT1/PVRTC/ETC1),2,False,35913
spectrum-drone-sandstorm_diffuse_512.atf,spectrum-drone-sandstorm,diffuse,512,512,512,10,COMPRESSED(DXT1/PVRTC/ETC1),2,False,118355
spectrum-drone-sandstorm_glow_128.atf,spectrum-drone-sandstorm,glow,128,128,128,8,COMPRESSED(DXT1/PVRTC/ETC1),2,False,8903
spectrum-drone-sandstorm_glow_256.atf,spectrum-drone-sandstorm,glow,256,256,256,9,COMPRESSED(DXT1/PVRTC/ETC1),2,False,22434
spectrum-drone-sandstorm_glow_512.atf,spectrum-drone-sandstorm,glow,512,512,512,10,COMPRESSED(DXT1/PVRTC/ETC1),2,False,58871
spectrum-drone-sandstorm_normal_128.atf,spectrum-drone-sandstorm,normal,128,128,128,8,COMPRESSED(DXT1/PVRTC/ETC1),2,False,11437
spectrum-drone-sandstorm_normal_256.atf,spectrum-drone-sandstorm,normal,256,256,256,9,COMPRESSED(DXT1/PVRTC/ETC1),2,False,37187
spectrum-drone-sandstorm_normal_512.atf,spectrum-drone-sandstorm,normal,512,512,512,10,COMPRESSED(DXT1/PVRTC/ETC1),2,False,125726
spectrum-drone-sandstorm_specular_128.atf,spectrum-drone-sandstorm,specular,128,128,128,8,COMPRESSED(DXT1/PVRTC/ETC1),2,False,12384
spectrum-drone-sandstorm_specular_256.atf,spectrum-drone-sandstorm,specular,256,256,256,9,COMPRESSED(DXT1/PVRTC/ETC1),2,False,40091
spectrum-drone-sandstorm_specular_512.atf,spectrum-drone-sandstorm,specular,512,512,512,10,COMPRESSED(DXT1/PVRTC/ETC1),2,False,137519
stickybomb-emperor_diffuse_128.atf,stickybomb-emperor,diffuse,128,128,128,8,COMPRESSED(DXT1/PVRTC/ETC1),2,False,11762
stickybomb-emperor_diffuse_256.atf,stickybomb-emperor,diffuse,256,256,256,9,COMPRESSED(DXT1/PVRTC/ETC1),2,False,33502
stickybomb-emperor_diffuse_512.atf,stickybomb-emperor,diffuse,512,512,512,10,COMPRESSED(DXT1/PVRTC/ETC1),2,False,102949
stickybomb_diffuse_128.atf,stickybomb,diffuse,128,128,128,8,COMPRESSED(DXT1/PVRTC/ETC1),2,False,10189
stickybomb_diffuse_256.atf,stickybomb,diffuse,256,256,256,9,COMPRESSED(DXT1/PVRTC/ETC1),2,False,31190
stickybomb_diffuse_512.atf,stickybomb,diffuse,512,512,512,10,COMPRESSED(DXT1/PVRTC/ETC1),2,False,104864
stickybomb_glow_128.atf,stickybomb,glow,128,128,128,8,COMPRESSED(DXT1/PVRTC/ETC1),2,False,3374
stickybomb_glow_256.atf,stickybomb,glow,256,256,256,9,COMPRESSED(DXT1/PVRTC/ETC1),2,False,6052
stickybomb_glow_512.atf,stickybomb,glow,512,512,512,10,COMPRESSED(DXT1/PVRTC/ETC1),2,False,12274
stickybomb_normal_128.atf,stickybomb,normal,128,128,128,8,COMPRESSED(DXT1/PVRTC/ETC1),2,False,10777
stickybomb_normal_256.atf,stickybomb,normal,256,256,256,9,COMPRESSED(DXT1/PVRTC/ETC1),2,False,31757
stickybomb_normal_512.atf,stickybomb,normal,512,512,512,10,COMPRESSED(DXT1/PVRTC/ETC1),2,False,99424
stickybomb_specular_128.atf,stickybomb,specular,128,128,128,8,COMPRESSED(DXT1/PVRTC/ETC1),2,False,8524
stickybomb_specular_256.atf,stickybomb,specular,256,256,256,9,COMPRESSED(DXT1/PVRTC/ETC1),2,False,24281
stickybomb_specular_512.atf,stickybomb,specular,512,512,512,10,COMPRESSED(DXT1/PVRTC/ETC1),2,False,76528
streuner-asteroid-gate_diffuse_128.atf,streuner-asteroid-gate,diffuse,128,128,128,8,COMPRESSED(DXT1/PVRTC/ETC1),2,False,10683
streuner-asteroid-gate_diffuse_256.atf,streuner-asteroid-gate,diffuse,256,256,256,9,COMPRESSED(DXT1/PVRTC/ETC1),2,False,34867
streuner-asteroid-gate_diffuse_512.atf,streuner-asteroid-gate,diffuse,512,512,512,10,COMPRESSED(DXT1/PVRTC/ETC1),2,False,121857
streuner-asteroid-gate_gal_128.atf,streuner-asteroid-gate_gal,?,128,128,128,8,COMPRESSED(DXT1/PVRTC/ETC1),2,False,11438
streuner-asteroid-gate_gal_256.atf,streuner-asteroid-gate_gal,?,256,256,256,9,COMPRESSED(DXT1/PVRTC/ETC1),2,False,35141
streuner-asteroid-gate_gal_512.atf,streuner-asteroid-gate_gal,?,512,512,512,10,COMPRESSED(DXT1/PVRTC/ETC1),2,False,107653
streuner-asteroid-gate_normal_128.atf,streuner-asteroid-gate,normal,128,128,128,8,COMPRESSED(DXT1/PVRTC/ETC1),2,False,11877
streuner-asteroid-gate_normal_256.atf,streuner-asteroid-gate,normal,256,256,256,9,COMPRESSED(DXT1/PVRTC/ETC1),2,False,40014
streuner-asteroid-gate_normal_512.atf,streuner-asteroid-gate,normal,512,512,512,10,COMPRESSED(DXT1/PVRTC/ETC1),2,False,139979
streuner-asteroid-gate_specular_128.atf,streuner-asteroid-gate,specular,128,128,128,8,COMPRESSED(DXT1/PVRTC/ETC1),2,False,8605
streuner-asteroid-gate_specular_256.atf,streuner-asteroid-gate,specular,256,256,256,9,COMPRESSED(DXT1/PVRTC/ETC1),2,False,26382
streuner-asteroid-gate_specular_512.atf,streuner-asteroid-gate,specular,512,512,512,10,COMPRESSED(DXT1/PVRTC/ETC1),2,False,89378
streuner-asteroid01_diffuse_128.atf,streuner-asteroid01,diffuse,128,128,128,8,COMPRESSED(DXT1/PVRTC/ETC1),2,False,10676
streuner-asteroid01_diffuse_256.atf,streuner-asteroid01,diffuse,256,256,256,9,COMPRESSED(DXT1/PVRTC/ETC1),2,False,34004
streuner-asteroid01_diffuse_512.atf,streuner-asteroid01,diffuse,512,512,512,10,COMPRESSED(DXT1/PVRTC/ETC1),2,False,115760
streuner-asteroid01_normal_128.atf,streuner-asteroid01,normal,128,128,128,8,COMPRESSED(DXT1/PVRTC/ETC1),2,False,11877
streuner-asteroid01_normal_256.atf,streuner-asteroid01,normal,256,256,256,9,COMPRESSED(DXT1/PVRTC/ETC1),2,False,40014
streuner-asteroid01_normal_512.atf,streuner-asteroid01,normal,512,512,512,10,COMPRESSED(DXT1/PVRTC/ETC1),2,False,139979
streuner-asteroid01_specular_128.atf,streuner-asteroid01,specular,128,128,128,8,COMPRESSED(DXT1/PVRTC/ETC1),2,False,8605
streuner-asteroid01_specular_256.atf,streuner-asteroid01,specular,256,256,256,9,COMPRESSED(DXT1/PVRTC/ETC1),2,False,26382
streuner-asteroid01_specular_512.atf,streuner-asteroid01,specular,512,512,512,10,COMPRESSED(DXT1/PVRTC/ETC1),2,False,89378
streuner-asteroid02_diffuse_128.atf,streuner-asteroid02,diffuse,128,128,128,8,COMPRESSED(DXT1/PVRTC/ETC1),2,False,10463
streuner-asteroid02_diffuse_256.atf,streuner-asteroid02,diffuse,256,256,256,9,COMPRESSED(DXT1/PVRTC/ETC1),2,False,33718
streuner-asteroid02_diffuse_512.atf,streuner-asteroid02,diffuse,512,512,512,10,COMPRESSED(DXT1/PVRTC/ETC1),2,False,118267
streuner-asteroid02_normal_128.atf,streuner-asteroid02,normal,128,128,128,8,COMPRESSED(DXT1/PVRTC/ETC1),2,False,11435
streuner-asteroid02_normal_256.atf,streuner-asteroid02,normal,256,256,256,9,COMPRESSED(DXT1/PVRTC/ETC1),2,False,38852
streuner-asteroid02_normal_512.atf,streuner-asteroid02,normal,512,512,512,10,COMPRESSED(DXT1/PVRTC/ETC1),2,False,137842
streuner-asteroid02_specular_128.atf,streuner-asteroid02,specular,128,128,128,8,COMPRESSED(DXT1/PVRTC/ETC1),2,False,8891
streuner-asteroid02_specular_256.atf,streuner-asteroid02,specular,256,256,256,9,COMPRESSED(DXT1/PVRTC/ETC1),2,False,28641
streuner-asteroid02_specular_512.atf,streuner-asteroid02,specular,512,512,512,10,COMPRESSED(DXT1/PVRTC/ETC1),2,False,101113
streuner-asteroid03_diffuse_128.atf,streuner-asteroid03,diffuse,128,128,128,8,COMPRESSED(DXT1/PVRTC/ETC1),2,False,10466
streuner-asteroid03_diffuse_256.atf,streuner-asteroid03,diffuse,256,256,256,9,COMPRESSED(DXT1/PVRTC/ETC1),2,False,32712
streuner-asteroid03_diffuse_512.atf,streuner-asteroid03,diffuse,512,512,512,10,COMPRESSED(DXT1/PVRTC/ETC1),2,False,110070
streuner-asteroid03_normal_128.atf,streuner-asteroid03,normal,128,128,128,8,COMPRESSED(DXT1/PVRTC/ETC1),2,False,11239
streuner-asteroid03_normal_256.atf,streuner-asteroid03,normal,256,256,256,9,COMPRESSED(DXT1/PVRTC/ETC1),2,False,37234
streuner-asteroid03_normal_512.atf,streuner-asteroid03,normal,512,512,512,10,COMPRESSED(DXT1/PVRTC/ETC1),2,False,130703
streuner-asteroid03_specular_128.atf,streuner-asteroid03,specular,128,128,128,8,COMPRESSED(DXT1/PVRTC/ETC1),2,False,8679
streuner-asteroid03_specular_256.atf,streuner-asteroid03,specular,256,256,256,9,COMPRESSED(DXT1/PVRTC/ETC1),2,False,26921
streuner-asteroid03_specular_512.atf,streuner-asteroid03,specular,512,512,512,10,COMPRESSED(DXT1/PVRTC/ETC1),2,False,90897
streuner-blockzone01_diffuse_128.atf,streuner-blockzone01,diffuse,128,128,128,8,COMPRESSED(DXT1/PVRTC/ETC1),2,False,11078
streuner-blockzone01_diffuse_256.atf,streuner-blockzone01,diffuse,256,256,256,9,COMPRESSED(DXT1/PVRTC/ETC1),2,False,36024
streuner-blockzone01_diffuse_512.atf,streuner-blockzone01,diffuse,512,512,512,10,COMPRESSED(DXT1/PVRTC/ETC1),2,False,125451
streuner-blockzone01_glow_128.atf,streuner-blockzone01,glow,128,128,128,8,COMPRESSED(DXT1/PVRTC/ETC1),2,False,4103
streuner-blockzone01_glow_256.atf,streuner-blockzone01,glow,256,256,256,9,COMPRESSED(DXT1/PVRTC/ETC1),2,False,8207
streuner-blockzone01_glow_512.atf,streuner-blockzone01,glow,512,512,512,10,COMPRESSED(DXT1/PVRTC/ETC1),2,False,19684
streuner-blockzone01_normal_128.atf,streuner-blockzone01,normal,128,128,128,8,COMPRESSED(DXT1/PVRTC/ETC1),2,False,11152
streuner-blockzone01_normal_256.atf,streuner-blockzone01,normal,256,256,256,9,COMPRESSED(DXT1/PVRTC/ETC1),2,False,37217
streuner-blockzone01_normal_512.atf,streuner-blockzone01,normal,512,512,512,10,COMPRESSED(DXT1/PVRTC/ETC1),2,False,129719
streuner-blockzone01_specular_128.atf,streuner-blockzone01,specular,128,128,128,8,COMPRESSED(DXT1/PVRTC/ETC1),2,False,8975
streuner-blockzone01_specular_256.atf,streuner-blockzone01,specular,256,256,256,9,COMPRESSED(DXT1/PVRTC/ETC1),2,False,28425
streuner-blockzone01_specular_512.atf,streuner-blockzone01,specular,512,512,512,10,COMPRESSED(DXT1/PVRTC/ETC1),2,False,98495
streuner-blockzone02_diffuse_128.atf,streuner-blockzone02,diffuse,128,128,128,8,COMPRESSED(DXT1/PVRTC/ETC1),2,False,10781
streuner-blockzone02_diffuse_256.atf,streuner-blockzone02,diffuse,256,256,256,9,COMPRESSED(DXT1/PVRTC/ETC1),2,False,34644
streuner-blockzone02_diffuse_512.atf,streuner-blockzone02,diffuse,512,512,512,10,COMPRESSED(DXT1/PVRTC/ETC1),2,False,117498
streuner-blockzone02_glow_128.atf,streuner-blockzone02,glow,128,128,128,8,COMPRESSED(DXT1/PVRTC/ETC1),2,False,3717
streuner-blockzone02_glow_256.atf,streuner-blockzone02,glow,256,256,256,9,COMPRESSED(DXT1/PVRTC/ETC1),2,False,6610
streuner-blockzone02_glow_512.atf,streuner-blockzone02,glow,512,512,512,10,COMPRESSED(DXT1/PVRTC/ETC1),2,False,14319
streuner-blockzone02_normal_128.atf,streuner-blockzone02,normal,128,128,128,8,COMPRESSED(DXT1/PVRTC/ETC1),2,False,10971
streuner-blockzone02_normal_256.atf,streuner-blockzone02,normal,256,256,256,9,COMPRESSED(DXT1/PVRTC/ETC1),2,False,35219
streuner-blockzone02_normal_512.atf,streuner-blockzone02,normal,512,512,512,10,COMPRESSED(DXT1/PVRTC/ETC1),2,False,121978
streuner-blockzone02_specular_128.atf,streuner-blockzone02,specular,128,128,128,8,COMPRESSED(DXT1/PVRTC/ETC1),2,False,9050
streuner-blockzone02_specular_256.atf,streuner-blockzone02,specular,256,256,256,9,COMPRESSED(DXT1/PVRTC/ETC1),2,False,28857
streuner-blockzone02_specular_512.atf,streuner-blockzone02,specular,512,512,512,10,COMPRESSED(DXT1/PVRTC/ETC1),2,False,99339
streuner-blockzone03_diffuse_128.atf,streuner-blockzone03,diffuse,128,128,128,8,COMPRESSED(DXT1/PVRTC/ETC1),2,False,10976
streuner-blockzone03_diffuse_256.atf,streuner-blockzone03,diffuse,256,256,256,9,COMPRESSED(DXT1/PVRTC/ETC1),2,False,35908
streuner-blockzone03_diffuse_512.atf,streuner-blockzone03,diffuse,512,512,512,10,COMPRESSED(DXT1/PVRTC/ETC1),2,False,122261
streuner-blockzone03_glow_128.atf,streuner-blockzone03,glow,128,128,128,8,COMPRESSED(DXT1/PVRTC/ETC1),2,False,4752
streuner-blockzone03_glow_256.atf,streuner-blockzone03,glow,256,256,256,9,COMPRESSED(DXT1/PVRTC/ETC1),2,False,10743
streuner-blockzone03_glow_512.atf,streuner-blockzone03,glow,512,512,512,10,COMPRESSED(DXT1/PVRTC/ETC1),2,False,26530
streuner-blockzone03_normal_128.atf,streuner-blockzone03,normal,128,128,128,8,COMPRESSED(DXT1/PVRTC/ETC1),2,False,11407
streuner-blockzone03_normal_256.atf,streuner-blockzone03,normal,256,256,256,9,COMPRESSED(DXT1/PVRTC/ETC1),2,False,37468
streuner-blockzone03_normal_512.atf,streuner-blockzone03,normal,512,512,512,10,COMPRESSED(DXT1/PVRTC/ETC1),2,False,130360
streuner-blockzone03_specular_128.atf,streuner-blockzone03,specular,128,128,128,8,COMPRESSED(DXT1/PVRTC/ETC1),2,False,9291
streuner-blockzone03_specular_256.atf,streuner-blockzone03,specular,256,256,256,9,COMPRESSED(DXT1/PVRTC/ETC1),2,False,29909
streuner-blockzone03_specular_512.atf,streuner-blockzone03,specular,512,512,512,10,COMPRESSED(DXT1/PVRTC/ETC1),2,False,102522
streuner-boss_diffuse_128.atf,streuner-boss,diffuse,128,128,128,8,COMPRESSED(DXT1/PVRTC/ETC1),2,False,10539
streuner-boss_diffuse_256.atf,streuner-boss,diffuse,256,256,256,9,COMPRESSED(DXT1/PVRTC/ETC1),2,False,34024
streuner-boss_diffuse_512.atf,streuner-boss,diffuse,512,512,512,10,COMPRESSED(DXT1/PVRTC/ETC1),2,False,119346
streuner-boss_glow_128.atf,streuner-boss,glow,128,128,128,8,COMPRESSED(DXT1/PVRTC/ETC1),2,False,5404
streuner-boss_glow_256.atf,streuner-boss,glow,256,256,256,9,COMPRESSED(DXT1/PVRTC/ETC1),2,False,10657
streuner-boss_glow_512.atf,streuner-boss,glow,512,512,512,10,COMPRESSED(DXT1/PVRTC/ETC1),2,False,23449
streuner-boss_normal_128.atf,streuner-boss,normal,128,128,128,8,COMPRESSED(DXT1/PVRTC/ETC1),2,False,12272
streuner-boss_normal_256.atf,streuner-boss,normal,256,256,256,9,COMPRESSED(DXT1/PVRTC/ETC1),2,False,41843
streuner-boss_normal_512.atf,streuner-boss,normal,512,512,512,10,COMPRESSED(DXT1/PVRTC/ETC1),2,False,147605
streuner-boss_specular_128.atf,streuner-boss,specular,128,128,128,8,COMPRESSED(DXT1/PVRTC/ETC1),2,False,9943
streuner-boss_specular_256.atf,streuner-boss,specular,256,256,256,9,COMPRESSED(DXT1/PVRTC/ETC1),2,False,32934
streuner-boss_specular_512.atf,streuner-boss,specular,512,512,512,10,COMPRESSED(DXT1/PVRTC/ETC1),2,False,116924
streuner-emperor-_normal_512.atf,streuner-emperor-,normal,512,512,512,10,COMPRESSED(DXT1/PVRTC/ETC1),2,False,114652
streuner-emperor_diffuse_128.atf,streuner-emperor,diffuse,128,128,128,8,COMPRESSED(DXT1/PVRTC/ETC1),2,False,11564
streuner-emperor_diffuse_256.atf,streuner-emperor,diffuse,256,256,256,9,COMPRESSED(DXT1/PVRTC/ETC1),2,False,36051
streuner-emperor_diffuse_512.atf,streuner-emperor,diffuse,512,512,512,10,COMPRESSED(DXT1/PVRTC/ETC1),2,False,122173
streuner-emperor_glow_128.atf,streuner-emperor,glow,128,128,128,8,COMPRESSED(DXT1/PVRTC/ETC1),2,False,3874
streuner-emperor_glow_256.atf,streuner-emperor,glow,256,256,256,9,COMPRESSED(DXT1/PVRTC/ETC1),2,False,6890
streuner-emperor_glow_512.atf,streuner-emperor,glow,512,512,512,10,COMPRESSED(DXT1/PVRTC/ETC1),2,False,14233
streuner-emperor_normal_128.atf,streuner-emperor,normal,128,128,128,8,COMPRESSED(DXT1/PVRTC/ETC1),2,False,9272
streuner-emperor_normal_256.atf,streuner-emperor,normal,256,256,256,9,COMPRESSED(DXT1/PVRTC/ETC1),2,False,31093
streuner-emperor_specular_128.atf,streuner-emperor,specular,128,128,128,8,COMPRESSED(DXT1/PVRTC/ETC1),2,False,9166
streuner-emperor_specular_256.atf,streuner-emperor,specular,256,256,256,9,COMPRESSED(DXT1/PVRTC/ETC1),2,False,28427
streuner-emperor_specular_512.atf,streuner-emperor,specular,512,512,512,10,COMPRESSED(DXT1/PVRTC/ETC1),2,False,94192
streuner-gate_alpha_128.atf,streuner-gate,alpha,128,128,128,8,RGBA888,0,False,10284
streuner-gate_alpha_256.atf,streuner-gate,alpha,256,256,256,9,RGBA888,0,False,28953
streuner-gate_alpha_512.atf,streuner-gate,alpha,512,512,512,10,RGBA888,0,False,83756
streuner-gate_diffuse_128.atf,streuner-gate,diffuse,128,128,128,8,RGBA888,0,False,8572
streuner-gate_diffuse_256.atf,streuner-gate,diffuse,256,256,256,9,RGBA888,0,False,26249
streuner-gate_diffuse_512.atf,streuner-gate,diffuse,512,512,512,10,RGBA888,0,False,84564
streuner-gate_glow_128.atf,streuner-gate,glow,128,128,128,8,RGBA888,0,False,3358
streuner-gate_glow_256.atf,streuner-gate,glow,256,256,256,9,RGBA888,0,False,7399
streuner-gate_glow_512.atf,streuner-gate,glow,512,512,512,10,RGBA888,0,False,17178
streuner-gate_normal_128.atf,streuner-gate,normal,128,128,128,8,RGBA888,0,False,5916
streuner-gate_normal_256.atf,streuner-gate,normal,256,256,256,9,RGBA888,0,False,23011
streuner-gate_normal_512.atf,streuner-gate,normal,512,512,512,10,RGBA888,0,False,89212
streuner-gate_specular_128.atf,streuner-gate,specular,128,128,128,8,RGBA888,0,False,9716
streuner-gate_specular_256.atf,streuner-gate,specular,256,256,256,9,RGBA888,0,False,28509
streuner-gate_specular_512.atf,streuner-gate,specular,512,512,512,10,RGBA888,0,False,94784
streuner-guard-turret_diffuse_128.atf,streuner-guard-turret,diffuse,128,128,128,8,COMPRESSED(DXT1/PVRTC/ETC1),2,False,10740
streuner-guard-turret_diffuse_256.atf,streuner-guard-turret,diffuse,256,256,256,9,COMPRESSED(DXT1/PVRTC/ETC1),2,False,33210
streuner-guard-turret_diffuse_512.atf,streuner-guard-turret,diffuse,512,512,512,10,COMPRESSED(DXT1/PVRTC/ETC1),2,False,110354
streuner-guard-turret_glow_128.atf,streuner-guard-turret,glow,128,128,128,8,COMPRESSED(DXT1/PVRTC/ETC1),2,False,2836
streuner-guard-turret_glow_256.atf,streuner-guard-turret,glow,256,256,256,9,COMPRESSED(DXT1/PVRTC/ETC1),2,False,4389
streuner-guard-turret_glow_512.atf,streuner-guard-turret,glow,512,512,512,10,COMPRESSED(DXT1/PVRTC/ETC1),2,False,7063
streuner-guard-turret_normal_128.atf,streuner-guard-turret,normal,128,128,128,8,COMPRESSED(DXT1/PVRTC/ETC1),2,False,8974
streuner-guard-turret_normal_256.atf,streuner-guard-turret,normal,256,256,256,9,COMPRESSED(DXT1/PVRTC/ETC1),2,False,29378
streuner-guard-turret_normal_512.atf,streuner-guard-turret,normal,512,512,512,10,COMPRESSED(DXT1/PVRTC/ETC1),2,False,107525
streuner-guard-turret_specular_128.atf,streuner-guard-turret,specular,128,128,128,8,COMPRESSED(DXT1/PVRTC/ETC1),2,False,9051
streuner-guard-turret_specular_256.atf,streuner-guard-turret,specular,256,256,256,9,COMPRESSED(DXT1/PVRTC/ETC1),2,False,27201
streuner-guard-turret_specular_512.atf,streuner-guard-turret,specular,512,512,512,10,COMPRESSED(DXT1/PVRTC/ETC1),2,False,88100
streuner-homebase_diffuse_1024.atf,streuner-homebase,diffuse,1024,1024,1024,11,COMPRESSED(DXT1/PVRTC/ETC1),2,False,385273
streuner-homebase_diffuse_128.atf,streuner-homebase,diffuse,128,128,128,8,COMPRESSED(DXT1/PVRTC/ETC1),2,False,10757
streuner-homebase_diffuse_256.atf,streuner-homebase,diffuse,256,256,256,9,COMPRESSED(DXT1/PVRTC/ETC1),2,False,33520
streuner-homebase_diffuse_512.atf,streuner-homebase,diffuse,512,512,512,10,COMPRESSED(DXT1/PVRTC/ETC1),2,False,111299
streuner-homebase_gal_1024.atf,streuner-homebase_gal,?,1024,1024,1024,11,COMPRESSED(DXT1/PVRTC/ETC1),2,False,489877
streuner-homebase_gal_128.atf,streuner-homebase_gal,?,128,128,128,8,COMPRESSED(DXT1/PVRTC/ETC1),2,False,12536
streuner-homebase_gal_256.atf,streuner-homebase_gal,?,256,256,256,9,COMPRESSED(DXT1/PVRTC/ETC1),2,False,41957
streuner-homebase_gal_512.atf,streuner-homebase_gal,?,512,512,512,10,COMPRESSED(DXT1/PVRTC/ETC1),2,False,142897
streuner-homebase_normal_1024.atf,streuner-homebase,normal,1024,1024,1024,11,COMPRESSED(DXT1/PVRTC/ETC1),2,False,431860
streuner-homebase_normal_128.atf,streuner-homebase,normal,128,128,128,8,COMPRESSED(DXT1/PVRTC/ETC1),2,False,11076
streuner-homebase_normal_256.atf,streuner-homebase,normal,256,256,256,9,COMPRESSED(DXT1/PVRTC/ETC1),2,False,34723
streuner-homebase_normal_512.atf,streuner-homebase,normal,512,512,512,10,COMPRESSED(DXT1/PVRTC/ETC1),2,False,117573
streuner-homebase_specular_1024.atf,streuner-homebase,specular,1024,1024,1024,11,COMPRESSED(DXT1/PVRTC/ETC1),2,False,334439
streuner-homebase_specular_128.atf,streuner-homebase,specular,128,128,128,8,COMPRESSED(DXT1/PVRTC/ETC1),2,False,9020
streuner-homebase_specular_256.atf,streuner-homebase,specular,256,256,256,9,COMPRESSED(DXT1/PVRTC/ETC1),2,False,27996
streuner-homebase_specular_512.atf,streuner-homebase,specular,512,512,512,10,COMPRESSED(DXT1/PVRTC/ETC1),2,False,94549
streuner-rocketeer_diffuse_128.atf,streuner-rocketeer,diffuse,128,128,128,8,COMPRESSED(DXT1/PVRTC/ETC1),2,False,12410
streuner-rocketeer_diffuse_256.atf,streuner-rocketeer,diffuse,256,256,256,9,COMPRESSED(DXT1/PVRTC/ETC1),2,False,39089
streuner-rocketeer_diffuse_512.atf,streuner-rocketeer,diffuse,512,512,512,10,COMPRESSED(DXT1/PVRTC/ETC1),2,False,131360
streuner-rocketeer_glow_128.atf,streuner-rocketeer,glow,128,128,128,8,COMPRESSED(DXT1/PVRTC/ETC1),2,False,4330
streuner-rocketeer_glow_256.atf,streuner-rocketeer,glow,256,256,256,9,COMPRESSED(DXT1/PVRTC/ETC1),2,False,8403
streuner-rocketeer_glow_512.atf,streuner-rocketeer,glow,512,512,512,10,COMPRESSED(DXT1/PVRTC/ETC1),2,False,19666
streuner-rocketeer_normal_128.atf,streuner-rocketeer,normal,128,128,128,8,COMPRESSED(DXT1/PVRTC/ETC1),2,False,8826
streuner-rocketeer_normal_256.atf,streuner-rocketeer,normal,256,256,256,9,COMPRESSED(DXT1/PVRTC/ETC1),2,False,28420
streuner-rocketeer_normal_512.atf,streuner-rocketeer,normal,512,512,512,10,COMPRESSED(DXT1/PVRTC/ETC1),2,False,100535
streuner-rocketeer_specular_128.atf,streuner-rocketeer,specular,128,128,128,8,COMPRESSED(DXT1/PVRTC/ETC1),2,False,9457
streuner-rocketeer_specular_256.atf,streuner-rocketeer,specular,256,256,256,9,COMPRESSED(DXT1/PVRTC/ETC1),2,False,29953
streuner-rocketeer_specular_512.atf,streuner-rocketeer,specular,512,512,512,10,COMPRESSED(DXT1/PVRTC/ETC1),2,False,100518
streuner-soldier_diffuse_128.atf,streuner-soldier,diffuse,128,128,128,8,COMPRESSED(DXT1/PVRTC/ETC1),2,False,12475
streuner-soldier_diffuse_256.atf,streuner-soldier,diffuse,256,256,256,9,COMPRESSED(DXT1/PVRTC/ETC1),2,False,39127
streuner-soldier_diffuse_512.atf,streuner-soldier,diffuse,512,512,512,10,COMPRESSED(DXT1/PVRTC/ETC1),2,False,131302
streuner-soldier_glow_128.atf,streuner-soldier,glow,128,128,128,8,COMPRESSED(DXT1/PVRTC/ETC1),2,False,4330
streuner-soldier_glow_256.atf,streuner-soldier,glow,256,256,256,9,COMPRESSED(DXT1/PVRTC/ETC1),2,False,8403
streuner-soldier_glow_512.atf,streuner-soldier,glow,512,512,512,10,COMPRESSED(DXT1/PVRTC/ETC1),2,False,19666
streuner-soldier_normal_128.atf,streuner-soldier,normal,128,128,128,8,COMPRESSED(DXT1/PVRTC/ETC1),2,False,8678
streuner-soldier_normal_256.atf,streuner-soldier,normal,256,256,256,9,COMPRESSED(DXT1/PVRTC/ETC1),2,False,28225
streuner-soldier_normal_512.atf,streuner-soldier,normal,512,512,512,10,COMPRESSED(DXT1/PVRTC/ETC1),2,False,100073
streuner-soldier_specular_128.atf,streuner-soldier,specular,128,128,128,8,COMPRESSED(DXT1/PVRTC/ETC1),2,False,9466
streuner-soldier_specular_256.atf,streuner-soldier,specular,256,256,256,9,COMPRESSED(DXT1/PVRTC/ETC1),2,False,29888
streuner-soldier_specular_512.atf,streuner-soldier,specular,512,512,512,10,COMPRESSED(DXT1/PVRTC/ETC1),2,False,100248
streuner-specialist_diffuse_128.atf,streuner-specialist,diffuse,128,128,128,8,COMPRESSED(DXT1/PVRTC/ETC1),2,False,10765
streuner-specialist_diffuse_256.atf,streuner-specialist,diffuse,256,256,256,9,COMPRESSED(DXT1/PVRTC/ETC1),2,False,34392
streuner-specialist_diffuse_512.atf,streuner-specialist,diffuse,512,512,512,10,COMPRESSED(DXT1/PVRTC/ETC1),2,False,117578
streuner-specialist_glow_128.atf,streuner-specialist,glow,128,128,128,8,COMPRESSED(DXT1/PVRTC/ETC1),2,False,3907
streuner-specialist_glow_256.atf,streuner-specialist,glow,256,256,256,9,COMPRESSED(DXT1/PVRTC/ETC1),2,False,7432
streuner-specialist_glow_512.atf,streuner-specialist,glow,512,512,512,10,COMPRESSED(DXT1/PVRTC/ETC1),2,False,16045
streuner-specialist_normal_128.atf,streuner-specialist,normal,128,128,128,8,COMPRESSED(DXT1/PVRTC/ETC1),2,False,8663
streuner-specialist_normal_256.atf,streuner-specialist,normal,256,256,256,9,COMPRESSED(DXT1/PVRTC/ETC1),2,False,28495
streuner-specialist_normal_512.atf,streuner-specialist,normal,512,512,512,10,COMPRESSED(DXT1/PVRTC/ETC1),2,False,101594
streuner-specialist_specular_128.atf,streuner-specialist,specular,128,128,128,8,COMPRESSED(DXT1/PVRTC/ETC1),2,False,9370
streuner-specialist_specular_256.atf,streuner-specialist,specular,256,256,256,9,COMPRESSED(DXT1/PVRTC/ETC1),2,False,29269
streuner-specialist_specular_512.atf,streuner-specialist,specular,512,512,512,10,COMPRESSED(DXT1/PVRTC/ETC1),2,False,98245
streuner_diffuse_128.atf,streuner,diffuse,128,128,128,8,COMPRESSED(DXT1/PVRTC/ETC1),2,False,12413
streuner_diffuse_256.atf,streuner,diffuse,256,256,256,9,COMPRESSED(DXT1/PVRTC/ETC1),2,False,39601
streuner_diffuse_512.atf,streuner,diffuse,512,512,512,10,COMPRESSED(DXT1/PVRTC/ETC1),2,False,137569
streuner_glow_128.atf,streuner,glow,128,128,128,8,COMPRESSED(DXT1/PVRTC/ETC1),2,False,5447
streuner_glow_256.atf,streuner,glow,256,256,256,9,COMPRESSED(DXT1/PVRTC/ETC1),2,False,11507
streuner_glow_512.atf,streuner,glow,512,512,512,10,COMPRESSED(DXT1/PVRTC/ETC1),2,False,25471
streuner_normal_128.atf,streuner,normal,128,128,128,8,COMPRESSED(DXT1/PVRTC/ETC1),2,False,11396
streuner_normal_256.atf,streuner,normal,256,256,256,9,COMPRESSED(DXT1/PVRTC/ETC1),2,False,36492
streuner_normal_512.atf,streuner,normal,512,512,512,10,COMPRESSED(DXT1/PVRTC/ETC1),2,False,124219
streuner_specular_128.atf,streuner,specular,128,128,128,8,COMPRESSED(DXT1/PVRTC/ETC1),2,False,10796
streuner_specular_256.atf,streuner,specular,256,256,256,9,COMPRESSED(DXT1/PVRTC/ETC1),2,False,33915
streuner_specular_512.atf,streuner,specular,512,512,512,10,COMPRESSED(DXT1/PVRTC/ETC1),2,False,117685
streunerr-boss_diffuse_128.atf,streunerr-boss,diffuse,128,128,128,8,COMPRESSED(DXT1/PVRTC/ETC1),2,False,11565
streunerr-boss_diffuse_256.atf,streunerr-boss,diffuse,256,256,256,9,COMPRESSED(DXT1/PVRTC/ETC1),2,False,36878
streunerr-boss_diffuse_512.atf,streunerr-boss,diffuse,512,512,512,10,COMPRESSED(DXT1/PVRTC/ETC1),2,False,126754
streunerr-boss_glow_128.atf,streunerr-boss,glow,128,128,128,8,COMPRESSED(DXT1/PVRTC/ETC1),2,False,7512
streunerr-boss_glow_256.atf,streunerr-boss,glow,256,256,256,9,COMPRESSED(DXT1/PVRTC/ETC1),2,False,17343
streunerr-boss_glow_512.atf,streunerr-boss,glow,512,512,512,10,COMPRESSED(DXT1/PVRTC/ETC1),2,False,43796
streunerr-boss_normal_128.atf,streunerr-boss,normal,128,128,128,8,COMPRESSED(DXT1/PVRTC/ETC1),2,False,12290
streunerr-boss_normal_256.atf,streunerr-boss,normal,256,256,256,9,COMPRESSED(DXT1/PVRTC/ETC1),2,False,41155
streunerr-boss_normal_512.atf,streunerr-boss,normal,512,512,512,10,COMPRESSED(DXT1/PVRTC/ETC1),2,False,144981
streunerr-boss_specular_128.atf,streunerr-boss,specular,128,128,128,8,COMPRESSED(DXT1/PVRTC/ETC1),2,False,9869
streunerr-boss_specular_256.atf,streunerr-boss,specular,256,256,256,9,COMPRESSED(DXT1/PVRTC/ETC1),2,False,32369
streunerr-boss_specular_512.atf,streunerr-boss,specular,512,512,512,10,COMPRESSED(DXT1/PVRTC/ETC1),2,False,115644
streunerr_diffuse_128.atf,streunerr,diffuse,128,128,128,8,COMPRESSED(DXT1/PVRTC/ETC1),2,False,11503
streunerr_diffuse_256.atf,streunerr,diffuse,256,256,256,9,COMPRESSED(DXT1/PVRTC/ETC1),2,False,37780
streunerr_diffuse_512.atf,streunerr,diffuse,512,512,512,10,COMPRESSED(DXT1/PVRTC/ETC1),2,False,136771
streunerr_glow_128.atf,streunerr,glow,128,128,128,8,COMPRESSED(DXT1/PVRTC/ETC1),2,False,4737
streunerr_glow_256.atf,streunerr,glow,256,256,256,9,COMPRESSED(DXT1/PVRTC/ETC1),2,False,9547
streunerr_glow_512.atf,streunerr,glow,512,512,512,10,COMPRESSED(DXT1/PVRTC/ETC1),2,False,20868
streunerr_normal_128.atf,streunerr,normal,128,128,128,8,COMPRESSED(DXT1/PVRTC/ETC1),2,False,12086
streunerr_normal_256.atf,streunerr,normal,256,256,256,9,COMPRESSED(DXT1/PVRTC/ETC1),2,False,40604
streunerr_normal_512.atf,streunerr,normal,512,512,512,10,COMPRESSED(DXT1/PVRTC/ETC1),2,False,142542
streunerr_specular_128.atf,streunerr,specular,128,128,128,8,COMPRESSED(DXT1/PVRTC/ETC1),2,False,10439
streunerr_specular_256.atf,streunerr,specular,256,256,256,9,COMPRESSED(DXT1/PVRTC/ETC1),2,False,34215
streunerr_specular_512.atf,streunerr,specular,512,512,512,10,COMPRESSED(DXT1/PVRTC/ETC1),2,False,121906
surgeon-cicada_diffuse_128.atf,surgeon-cicada,diffuse,128,128,128,8,COMPRESSED(DXT1/PVRTC/ETC1),2,False,12267
surgeon-cicada_diffuse_256.atf,surgeon-cicada,diffuse,256,256,256,9,COMPRESSED(DXT1/PVRTC/ETC1),2,False,37793
surgeon-cicada_diffuse_512.atf,surgeon-cicada,diffuse,512,512,512,10,COMPRESSED(DXT1/PVRTC/ETC1),2,False,124294
tartarus-argon_diffuse_128.atf,tartarus-argon,diffuse,128,128,128,8,COMPRESSED(DXT1/PVRTC/ETC1),2,False,12708
tartarus-argon_diffuse_256.atf,tartarus-argon,diffuse,256,256,256,9,COMPRESSED(DXT1/PVRTC/ETC1),2,False,40197
tartarus-argon_diffuse_512.atf,tartarus-argon,diffuse,512,512,512,10,COMPRESSED(DXT1/PVRTC/ETC1),2,False,134576
tartarus-argon_glow_128.atf,tartarus-argon,glow,128,128,128,8,COMPRESSED(DXT1/PVRTC/ETC1),2,False,4142
tartarus-argon_glow_256.atf,tartarus-argon,glow,256,256,256,9,COMPRESSED(DXT1/PVRTC/ETC1),2,False,8256
tartarus-argon_glow_512.atf,tartarus-argon,glow,512,512,512,10,COMPRESSED(DXT1/PVRTC/ETC1),2,False,19034
tartarus-black_diffuse_128.atf,tartarus-black,diffuse,128,128,128,8,COMPRESSED(DXT1/PVRTC/ETC1),2,False,10584
tartarus-black_diffuse_256.atf,tartarus-black,diffuse,256,256,256,9,COMPRESSED(DXT1/PVRTC/ETC1),2,False,33213
tartarus-black_diffuse_512.atf,tartarus-black,diffuse,512,512,512,10,COMPRESSED(DXT1/PVRTC/ETC1),2,False,112509
tartarus-green_diffuse_128.atf,tartarus-green,diffuse,128,128,128,8,COMPRESSED(DXT1/PVRTC/ETC1),2,False,12220
tartarus-green_diffuse_256.atf,tartarus-green,diffuse,256,256,256,9,COMPRESSED(DXT1/PVRTC/ETC1),2,False,38420
tartarus-green_diffuse_512.atf,tartarus-green,diffuse,512,512,512,10,COMPRESSED(DXT1/PVRTC/ETC1),2,False,129016
tartarus-lava_diffuse_128.atf,tartarus-lava,diffuse,128,128,128,8,COMPRESSED(DXT1/PVRTC/ETC1),2,False,9516
tartarus-lava_diffuse_256.atf,tartarus-lava,diffuse,256,256,256,9,COMPRESSED(DXT1/PVRTC/ETC1),2,False,29829
tartarus-lava_diffuse_512.atf,tartarus-lava,diffuse,512,512,512,10,COMPRESSED(DXT1/PVRTC/ETC1),2,False,101307
tartarus-lava_glow_128.atf,tartarus-lava,glow,128,128,128,8,COMPRESSED(DXT1/PVRTC/ETC1),2,False,3953
tartarus-lava_glow_256.atf,tartarus-lava,glow,256,256,256,9,COMPRESSED(DXT1/PVRTC/ETC1),2,False,7957
tartarus-lava_glow_512.atf,tartarus-lava,glow,512,512,512,10,COMPRESSED(DXT1/PVRTC/ETC1),2,False,18528
tartarus-legend_diffuse_128.atf,tartarus-legend,diffuse,128,128,128,8,COMPRESSED(DXT1/PVRTC/ETC1),2,False,11431
tartarus-legend_diffuse_256.atf,tartarus-legend,diffuse,256,256,256,9,COMPRESSED(DXT1/PVRTC/ETC1),2,False,37822
tartarus-legend_diffuse_512.atf,tartarus-legend,diffuse,512,512,512,10,COMPRESSED(DXT1/PVRTC/ETC1),2,False,132810
tartarus-legend_glow_128.atf,tartarus-legend,glow,128,128,128,8,COMPRESSED(DXT1/PVRTC/ETC1),2,False,11209
tartarus-legend_glow_256.atf,tartarus-legend,glow,256,256,256,9,COMPRESSED(DXT1/PVRTC/ETC1),2,False,35559
tartarus-legend_glow_512.atf,tartarus-legend,glow,512,512,512,10,COMPRESSED(DXT1/PVRTC/ETC1),2,False,121980
tartarus-ocean_diffuse_128.atf,tartarus-ocean,diffuse,128,128,128,8,COMPRESSED(DXT1/PVRTC/ETC1),2,False,11669
tartarus-ocean_diffuse_256.atf,tartarus-ocean,diffuse,256,256,256,9,COMPRESSED(DXT1/PVRTC/ETC1),2,False,36639
tartarus-ocean_diffuse_512.atf,tartarus-ocean,diffuse,512,512,512,10,COMPRESSED(DXT1/PVRTC/ETC1),2,False,123465
tartarus-ocean_glow_128.atf,tartarus-ocean,glow,128,128,128,8,COMPRESSED(DXT1/PVRTC/ETC1),2,False,4058
tartarus-ocean_glow_256.atf,tartarus-ocean,glow,256,256,256,9,COMPRESSED(DXT1/PVRTC/ETC1),2,False,8130
tartarus-ocean_glow_512.atf,tartarus-ocean,glow,512,512,512,10,COMPRESSED(DXT1/PVRTC/ETC1),2,False,18604
tartarus-orange_diffuse_128.atf,tartarus-orange,diffuse,128,128,128,8,COMPRESSED(DXT1/PVRTC/ETC1),2,False,11754
tartarus-orange_diffuse_256.atf,tartarus-orange,diffuse,256,256,256,9,COMPRESSED(DXT1/PVRTC/ETC1),2,False,36963
tartarus-orange_diffuse_512.atf,tartarus-orange,diffuse,512,512,512,10,COMPRESSED(DXT1/PVRTC/ETC1),2,False,124489
tartarus-poison_diffuse_128.atf,tartarus-poison,diffuse,128,128,128,8,COMPRESSED(DXT1/PVRTC/ETC1),2,False,12231
tartarus-poison_diffuse_256.atf,tartarus-poison,diffuse,256,256,256,9,COMPRESSED(DXT1/PVRTC/ETC1),2,False,38576
tartarus-poison_diffuse_512.atf,tartarus-poison,diffuse,512,512,512,10,COMPRESSED(DXT1/PVRTC/ETC1),2,False,129963
tartarus-poison_glow_128.atf,tartarus-poison,glow,128,128,128,8,COMPRESSED(DXT1/PVRTC/ETC1),2,False,4058
tartarus-poison_glow_256.atf,tartarus-poison,glow,256,256,256,9,COMPRESSED(DXT1/PVRTC/ETC1),2,False,8130
tartarus-poison_glow_512.atf,tartarus-poison,glow,512,512,512,10,COMPRESSED(DXT1/PVRTC/ETC1),2,False,18604
tartarus-red_diffuse_128.atf,tartarus-red,diffuse,128,128,128,8,COMPRESSED(DXT1/PVRTC/ETC1),2,False,12608
tartarus-red_diffuse_256.atf,tartarus-red,diffuse,256,256,256,9,COMPRESSED(DXT1/PVRTC/ETC1),2,False,39533
tartarus-red_diffuse_512.atf,tartarus-red,diffuse,512,512,512,10,COMPRESSED(DXT1/PVRTC/ETC1),2,False,132433
tartarus_glow_1024.atf,tartarus,glow,1024,1024,1024,11,COMPRESSED(DXT1/PVRTC/ETC1),2,False,49106
tartarus_glow_128.atf,tartarus,glow,128,128,128,8,COMPRESSED(DXT1/PVRTC/ETC1),2,False,4306
tartarus_glow_256.atf,tartarus,glow,256,256,256,9,COMPRESSED(DXT1/PVRTC/ETC1),2,False,8582
tartarus_glow_512.atf,tartarus,glow,512,512,512,10,COMPRESSED(DXT1/PVRTC/ETC1),2,False,19348
tartarus_normal_128.atf,tartarus,normal,128,128,128,8,COMPRESSED(DXT1/PVRTC/ETC1),2,False,11984
tartarus_normal_256.atf,tartarus,normal,256,256,256,9,COMPRESSED(DXT1/PVRTC/ETC1),2,False,39531
tartarus_normal_512.atf,tartarus,normal,512,512,512,10,COMPRESSED(DXT1/PVRTC/ETC1),2,False,137985
tartarus_specular_128.atf,tartarus,specular,128,128,128,8,COMPRESSED(DXT1/PVRTC/ETC1),2,False,8916
tartarus_specular_256.atf,tartarus,specular,256,256,256,9,COMPRESSED(DXT1/PVRTC/ETC1),2,False,28109
tartarus_specular_512.atf,tartarus,specular,512,512,512,10,COMPRESSED(DXT1/PVRTC/ETC1),2,False,94639
turkey_diffuse_128.atf,turkey,diffuse,128,128,128,8,COMPRESSED(DXT1/PVRTC/ETC1),2,False,11849
turkey_diffuse_256.atf,turkey,diffuse,256,256,256,9,COMPRESSED(DXT1/PVRTC/ETC1),2,False,39576
turkey_diffuse_512.atf,turkey,diffuse,512,512,512,10,COMPRESSED(DXT1/PVRTC/ETC1),2,False,144170
turkey_glow_128.atf,turkey,glow,128,128,128,8,COMPRESSED(DXT1/PVRTC/ETC1),2,False,4316
turkey_glow_256.atf,turkey,glow,256,256,256,9,COMPRESSED(DXT1/PVRTC/ETC1),2,False,9184
turkey_glow_512.atf,turkey,glow,512,512,512,10,COMPRESSED(DXT1/PVRTC/ETC1),2,False,23280
turkey_normal_128.atf,turkey,normal,128,128,128,8,COMPRESSED(DXT1/PVRTC/ETC1),2,False,10219
turkey_normal_256.atf,turkey,normal,256,256,256,9,COMPRESSED(DXT1/PVRTC/ETC1),2,False,32078
turkey_normal_512.atf,turkey,normal,512,512,512,10,COMPRESSED(DXT1/PVRTC/ETC1),2,False,114927
turkey_specular_128.atf,turkey,specular,128,128,128,8,COMPRESSED(DXT1/PVRTC/ETC1),2,False,9153
turkey_specular_256.atf,turkey,specular,256,256,256,9,COMPRESSED(DXT1/PVRTC/ETC1),2,False,29784
turkey_specular_512.atf,turkey,specular,512,512,512,10,COMPRESSED(DXT1/PVRTC/ETC1),2,False,106459
ufo_diffuse_128.atf,ufo,diffuse,128,128,128,8,COMPRESSED(DXT1/PVRTC/ETC1),2,False,11316
ufo_diffuse_256.atf,ufo,diffuse,256,256,256,9,COMPRESSED(DXT1/PVRTC/ETC1),2,False,34856
ufo_diffuse_512.atf,ufo,diffuse,512,512,512,10,COMPRESSED(DXT1/PVRTC/ETC1),2,False,119801
ufo_glow_128.atf,ufo,glow,128,128,128,8,COMPRESSED_ALPHA(DXT5),4,False,8304
ufo_glow_256.atf,ufo,glow,256,256,256,9,COMPRESSED_ALPHA(DXT5),4,False,17656
ufo_glow_512.atf,ufo,glow,512,512,512,10,COMPRESSED_ALPHA(DXT5),4,False,44213
ufo_normal_128.atf,ufo,normal,128,128,128,8,COMPRESSED_ALPHA(DXT5),4,False,11003
ufo_normal_256.atf,ufo,normal,256,256,256,9,COMPRESSED_ALPHA(DXT5),4,False,30453
ufo_normal_512.atf,ufo,normal,512,512,512,10,COMPRESSED_ALPHA(DXT5),4,False,93291
ufo_specular_128.atf,ufo,specular,128,128,128,8,COMPRESSED(DXT1/PVRTC/ETC1),2,False,9198
ufo_specular_256.atf,ufo,specular,256,256,256,9,COMPRESSED(DXT1/PVRTC/ETC1),2,False,28828
ufo_specular_512.atf,ufo,specular,512,512,512,10,COMPRESSED(DXT1/PVRTC/ETC1),2,False,100481
vagrant_diffuse_128.atf,vagrant,diffuse,128,128,128,8,COMPRESSED(DXT1/PVRTC/ETC1),2,False,11733
vagrant_diffuse_256.atf,vagrant,diffuse,256,256,256,9,COMPRESSED(DXT1/PVRTC/ETC1),2,False,38778
vagrant_diffuse_512.atf,vagrant,diffuse,512,512,512,10,COMPRESSED(DXT1/PVRTC/ETC1),2,False,137410
vagrant_glow_128.atf,vagrant,glow,128,128,128,8,COMPRESSED(DXT1/PVRTC/ETC1),2,False,3321
vagrant_glow_256.atf,vagrant,glow,256,256,256,9,COMPRESSED(DXT1/PVRTC/ETC1),2,False,5762
vagrant_glow_512.atf,vagrant,glow,512,512,512,10,COMPRESSED(DXT1/PVRTC/ETC1),2,False,11096
vagrant_normal_128.atf,vagrant,normal,128,128,128,8,COMPRESSED(DXT1/PVRTC/ETC1),2,False,11474
vagrant_normal_256.atf,vagrant,normal,256,256,256,9,COMPRESSED(DXT1/PVRTC/ETC1),2,False,37092
vagrant_normal_512.atf,vagrant,normal,512,512,512,10,COMPRESSED(DXT1/PVRTC/ETC1),2,False,126553
vagrant_specular_128.atf,vagrant,specular,128,128,128,8,COMPRESSED(DXT1/PVRTC/ETC1),2,False,9605
vagrant_specular_256.atf,vagrant,specular,256,256,256,9,COMPRESSED(DXT1/PVRTC/ETC1),2,False,31340
vagrant_specular_512.atf,vagrant,specular,512,512,512,10,COMPRESSED(DXT1/PVRTC/ETC1),2,False,113062
vengeance-adept_diffuse_128.atf,vengeance-adept,diffuse,128,128,128,8,COMPRESSED(DXT1/PVRTC/ETC1),2,False,10662
vengeance-adept_diffuse_256.atf,vengeance-adept,diffuse,256,256,256,9,COMPRESSED(DXT1/PVRTC/ETC1),2,False,34976
vengeance-adept_diffuse_512.atf,vengeance-adept,diffuse,512,512,512,10,COMPRESSED(DXT1/PVRTC/ETC1),2,False,123896
vengeance-avenger_diffuse_128.atf,vengeance-avenger,diffuse,128,128,128,8,COMPRESSED(DXT1/PVRTC/ETC1),2,False,11127
vengeance-avenger_diffuse_256.atf,vengeance-avenger,diffuse,256,256,256,9,COMPRESSED(DXT1/PVRTC/ETC1),2,False,36819
vengeance-avenger_diffuse_512.atf,vengeance-avenger,diffuse,512,512,512,10,COMPRESSED(DXT1/PVRTC/ETC1),2,False,131299
vengeance-avenger_glow_128.atf,vengeance-avenger,glow,128,128,128,8,COMPRESSED(DXT1/PVRTC/ETC1),2,False,2618
vengeance-avenger_glow_256.atf,vengeance-avenger,glow,256,256,256,9,COMPRESSED(DXT1/PVRTC/ETC1),2,False,3900
vengeance-avenger_glow_512.atf,vengeance-avenger,glow,512,512,512,10,COMPRESSED(DXT1/PVRTC/ETC1),2,False,6282
vengeance-avenger_normal_128.atf,vengeance-avenger,normal,128,128,128,8,COMPRESSED(DXT1/PVRTC/ETC1),2,False,12745
vengeance-avenger_normal_256.atf,vengeance-avenger,normal,256,256,256,9,COMPRESSED(DXT1/PVRTC/ETC1),2,False,43020
vengeance-avenger_normal_512.atf,vengeance-avenger,normal,512,512,512,10,COMPRESSED(DXT1/PVRTC/ETC1),2,False,151146
vengeance-avenger_specular_128.atf,vengeance-avenger,specular,128,128,128,8,COMPRESSED(DXT1/PVRTC/ETC1),2,False,9242
vengeance-avenger_specular_256.atf,vengeance-avenger,specular,256,256,256,9,COMPRESSED(DXT1/PVRTC/ETC1),2,False,29648
vengeance-avenger_specular_512.atf,vengeance-avenger,specular,512,512,512,10,COMPRESSED(DXT1/PVRTC/ETC1),2,False,105558
vengeance-corsair_diffuse_128.atf,vengeance-corsair,diffuse,128,128,128,8,COMPRESSED(DXT1/PVRTC/ETC1),2,False,12662
vengeance-corsair_diffuse_256.atf,vengeance-corsair,diffuse,256,256,256,9,COMPRESSED(DXT1/PVRTC/ETC1),2,False,39937
vengeance-corsair_diffuse_512.atf,vengeance-corsair,diffuse,512,512,512,10,COMPRESSED(DXT1/PVRTC/ETC1),2,False,137474
vengeance-lightning_diffuse_128.atf,vengeance-lightning,diffuse,128,128,128,8,COMPRESSED(DXT1/PVRTC/ETC1),2,False,12392
vengeance-lightning_diffuse_256.atf,vengeance-lightning,diffuse,256,256,256,9,COMPRESSED(DXT1/PVRTC/ETC1),2,False,42136
vengeance-lightning_diffuse_512.atf,vengeance-lightning,diffuse,512,512,512,10,COMPRESSED(DXT1/PVRTC/ETC1),2,False,152123
vengeance-lightning_glow_128.atf,vengeance-lightning,glow,128,128,128,8,COMPRESSED(DXT1/PVRTC/ETC1),2,False,3575
vengeance-lightning_glow_256.atf,vengeance-lightning,glow,256,256,256,9,COMPRESSED(DXT1/PVRTC/ETC1),2,False,6036
vengeance-lightning_glow_512.atf,vengeance-lightning,glow,512,512,512,10,COMPRESSED(DXT1/PVRTC/ETC1),2,False,10030
vengeance-lightning_normal_128.atf,vengeance-lightning,normal,128,128,128,8,COMPRESSED(DXT1/PVRTC/ETC1),2,False,12869
vengeance-lightning_normal_256.atf,vengeance-lightning,normal,256,256,256,9,COMPRESSED(DXT1/PVRTC/ETC1),2,False,44017
vengeance-lightning_normal_512.atf,vengeance-lightning,normal,512,512,512,10,COMPRESSED(DXT1/PVRTC/ETC1),2,False,156281
vengeance-lightning_specular_128.atf,vengeance-lightning,specular,128,128,128,8,COMPRESSED(DXT1/PVRTC/ETC1),2,False,9427
vengeance-lightning_specular_256.atf,vengeance-lightning,specular,256,256,256,9,COMPRESSED(DXT1/PVRTC/ETC1),2,False,30951
vengeance-lightning_specular_512.atf,vengeance-lightning,specular,512,512,512,10,COMPRESSED(DXT1/PVRTC/ETC1),2,False,110597
vengeance-pusat_diffuse_128.atf,vengeance-pusat,diffuse,128,128,128,8,COMPRESSED(DXT1/PVRTC/ETC1),2,False,10947
vengeance-pusat_diffuse_256.atf,vengeance-pusat,diffuse,256,256,256,9,COMPRESSED(DXT1/PVRTC/ETC1),2,False,34615
vengeance-pusat_diffuse_512.atf,vengeance-pusat,diffuse,512,512,512,10,COMPRESSED(DXT1/PVRTC/ETC1),2,False,117071
vengeance-pusat_glow_128.atf,vengeance-pusat,glow,128,128,128,8,COMPRESSED(DXT1/PVRTC/ETC1),2,False,3064
vengeance-pusat_glow_256.atf,vengeance-pusat,glow,256,256,256,9,COMPRESSED(DXT1/PVRTC/ETC1),2,False,4815
vengeance-pusat_glow_512.atf,vengeance-pusat,glow,512,512,512,10,COMPRESSED(DXT1/PVRTC/ETC1),2,False,8744
vengeance-pusat_normal_128.atf,vengeance-pusat,normal,128,128,128,8,COMPRESSED(DXT1/PVRTC/ETC1),2,False,12484
vengeance-pusat_normal_256.atf,vengeance-pusat,normal,256,256,256,9,COMPRESSED(DXT1/PVRTC/ETC1),2,False,42390
vengeance-pusat_normal_512.atf,vengeance-pusat,normal,512,512,512,10,COMPRESSED(DXT1/PVRTC/ETC1),2,False,146346
vengeance-pusat_specular_128.atf,vengeance-pusat,specular,128,128,128,8,COMPRESSED(DXT1/PVRTC/ETC1),2,False,9764
vengeance-pusat_specular_256.atf,vengeance-pusat,specular,256,256,256,9,COMPRESSED(DXT1/PVRTC/ETC1),2,False,31318
vengeance-pusat_specular_512.atf,vengeance-pusat,specular,512,512,512,10,COMPRESSED(DXT1/PVRTC/ETC1),2,False,106235
vengeance-revenge_diffuse_128.atf,vengeance-revenge,diffuse,128,128,128,8,COMPRESSED(DXT1/PVRTC/ETC1),2,False,11923
vengeance-revenge_diffuse_256.atf,vengeance-revenge,diffuse,256,256,256,9,COMPRESSED(DXT1/PVRTC/ETC1),2,False,38664
vengeance-revenge_diffuse_512.atf,vengeance-revenge,diffuse,512,512,512,10,COMPRESSED(DXT1/PVRTC/ETC1),2,False,137251
vengeance-violet_diffuse_128.atf,vengeance-violet,diffuse,128,128,128,8,COMPRESSED(DXT1/PVRTC/ETC1),2,False,13003
vengeance-violet_diffuse_256.atf,vengeance-violet,diffuse,256,256,256,9,COMPRESSED(DXT1/PVRTC/ETC1),2,False,44372
vengeance-violet_diffuse_512.atf,vengeance-violet,diffuse,512,512,512,10,COMPRESSED(DXT1/PVRTC/ETC1),2,False,159061
vengeance_diffuse_128.atf,vengeance,diffuse,128,128,128,8,COMPRESSED(DXT1/PVRTC/ETC1),2,False,10463
vengeance_diffuse_256.atf,vengeance,diffuse,256,256,256,9,COMPRESSED(DXT1/PVRTC/ETC1),2,False,34968
vengeance_diffuse_512.atf,vengeance,diffuse,512,512,512,10,COMPRESSED(DXT1/PVRTC/ETC1),2,False,126626
vengeance_glow_128.atf,vengeance,glow,128,128,128,8,COMPRESSED(DXT1/PVRTC/ETC1),2,False,2572
vengeance_glow_256.atf,vengeance,glow,256,256,256,9,COMPRESSED(DXT1/PVRTC/ETC1),2,False,3985
vengeance_glow_512.atf,vengeance,glow,512,512,512,10,COMPRESSED(DXT1/PVRTC/ETC1),2,False,5946
vengeance_normal_128.atf,vengeance,normal,128,128,128,8,COMPRESSED(DXT1/PVRTC/ETC1),2,False,12750
vengeance_normal_256.atf,vengeance,normal,256,256,256,9,COMPRESSED(DXT1/PVRTC/ETC1),2,False,43091
vengeance_normal_512.atf,vengeance,normal,512,512,512,10,COMPRESSED(DXT1/PVRTC/ETC1),2,False,151871
vengeance_specular_128.atf,vengeance,specular,128,128,128,8,COMPRESSED(DXT1/PVRTC/ETC1),2,False,9746
vengeance_specular_256.atf,vengeance,specular,256,256,256,9,COMPRESSED(DXT1/PVRTC/ETC1),2,False,32084
vengeance_specular_512.atf,vengeance,specular,512,512,512,10,COMPRESSED(DXT1/PVRTC/ETC1),2,False,115972
venom_design_venom-ocean_diffuse_128.atf,venom_design_venom-ocean,diffuse,128,128,128,8,COMPRESSED(DXT1/PVRTC/ETC1),2,False,12656
venom_design_venom-ocean_diffuse_256.atf,venom_design_venom-ocean,diffuse,256,256,256,9,COMPRESSED(DXT1/PVRTC/ETC1),2,False,41431
venom_design_venom-ocean_diffuse_512.atf,venom_design_venom-ocean,diffuse,512,512,512,10,COMPRESSED(DXT1/PVRTC/ETC1),2,False,143636
vru-scrap_diffuse_128.atf,vru-scrap,diffuse,128,128,128,8,COMPRESSED(DXT1/PVRTC/ETC1),2,False,10382
vru-scrap_diffuse_256.atf,vru-scrap,diffuse,256,256,256,9,COMPRESSED(DXT1/PVRTC/ETC1),2,False,33040
vru-scrap_diffuse_512.atf,vru-scrap,diffuse,512,512,512,10,COMPRESSED(DXT1/PVRTC/ETC1),2,False,116332
vru-scrap_glow_128.atf,vru-scrap,glow,128,128,128,8,COMPRESSED(DXT1/PVRTC/ETC1),2,False,5792
vru-scrap_glow_256.atf,vru-scrap,glow,256,256,256,9,COMPRESSED(DXT1/PVRTC/ETC1),2,False,12872
vru-scrap_glow_512.atf,vru-scrap,glow,512,512,512,10,COMPRESSED(DXT1/PVRTC/ETC1),2,False,31646
vru-scrap_normal_128.atf,vru-scrap,normal,128,128,128,8,COMPRESSED(DXT1/PVRTC/ETC1),2,False,9123
vru-scrap_normal_256.atf,vru-scrap,normal,256,256,256,9,COMPRESSED(DXT1/PVRTC/ETC1),2,False,28296
vru-scrap_normal_512.atf,vru-scrap,normal,512,512,512,10,COMPRESSED(DXT1/PVRTC/ETC1),2,False,89876
vru-scrap_specular_128.atf,vru-scrap,specular,128,128,128,8,COMPRESSED(DXT1/PVRTC/ETC1),2,False,10475
vru-scrap_specular_256.atf,vru-scrap,specular,256,256,256,9,COMPRESSED(DXT1/PVRTC/ETC1),2,False,35332
vru-scrap_specular_512.atf,vru-scrap,specular,512,512,512,10,COMPRESSED(DXT1/PVRTC/ETC1),2,False,132918
wrecks_tiles_diffuse_128.atf,wrecks_tiles,diffuse,128,128,128,8,COMPRESSED_ALPHA(DXT5),4,False,16822
wrecks_tiles_diffuse_256.atf,wrecks_tiles,diffuse,256,256,256,9,COMPRESSED_ALPHA(DXT5),4,False,44776
wrecks_tiles_diffuse_512.atf,wrecks_tiles,diffuse,512,512,512,10,COMPRESSED_ALPHA(DXT5),4,False,124889
xmas-tree_diffuse_128.atf,xmas-tree,diffuse,128,128,128,8,COMPRESSED(DXT1/PVRTC/ETC1),2,False,12374
xmas-tree_diffuse_256.atf,xmas-tree,diffuse,256,256,256,9,COMPRESSED(DXT1/PVRTC/ETC1),2,False,39803
xmas-tree_diffuse_512.atf,xmas-tree,diffuse,512,512,512,10,COMPRESSED(DXT1/PVRTC/ETC1),2,False,136829
xmas-tree_glow_128.atf,xmas-tree,glow,128,128,128,8,COMPRESSED(DXT1/PVRTC/ETC1),2,False,2249
xmas-tree_glow_256.atf,xmas-tree,glow,256,256,256,9,COMPRESSED(DXT1/PVRTC/ETC1),2,False,3422
xmas-tree_glow_512.atf,xmas-tree,glow,512,512,512,10,COMPRESSED(DXT1/PVRTC/ETC1),2,False,5727
xmas-tree_normal_128.atf,xmas-tree,normal,128,128,128,8,COMPRESSED(DXT1/PVRTC/ETC1),2,False,12049
xmas-tree_normal_256.atf,xmas-tree,normal,256,256,256,9,COMPRESSED(DXT1/PVRTC/ETC1),2,False,39160
xmas-tree_normal_512.atf,xmas-tree,normal,512,512,512,10,COMPRESSED(DXT1/PVRTC/ETC1),2,False,133582
xmas-tree_specular_128.atf,xmas-tree,specular,128,128,128,8,COMPRESSED(DXT1/PVRTC/ETC1),2,False,9548
xmas-tree_specular_256.atf,xmas-tree,specular,256,256,256,9,COMPRESSED(DXT1/PVRTC/ETC1),2,False,30864
xmas-tree_specular_512.atf,xmas-tree,specular,512,512,512,10,COMPRESSED(DXT1/PVRTC/ETC1),2,False,108132
yamato-ronin_diffuse_128.atf,yamato-ronin,diffuse,128,128,128,8,COMPRESSED(DXT1/PVRTC/ETC1),2,False,11089
yamato-ronin_diffuse_256.atf,yamato-ronin,diffuse,256,256,256,9,COMPRESSED(DXT1/PVRTC/ETC1),2,False,34891
yamato-ronin_diffuse_512.atf,yamato-ronin,diffuse,512,512,512,10,COMPRESSED(DXT1/PVRTC/ETC1),2,False,119958
yamato-violet_diffuse_128.atf,yamato-violet,diffuse,128,128,128,8,COMPRESSED(DXT1/PVRTC/ETC1),2,False,12333
yamato-violet_diffuse_256.atf,yamato-violet,diffuse,256,256,256,9,COMPRESSED(DXT1/PVRTC/ETC1),2,False,39956
yamato-violet_diffuse_512.atf,yamato-violet,diffuse,512,512,512,10,COMPRESSED(DXT1/PVRTC/ETC1),2,False,140428
yamato_diffuse_128.atf,yamato,diffuse,128,128,128,8,COMPRESSED(DXT1/PVRTC/ETC1),2,False,10634
yamato_diffuse_256.atf,yamato,diffuse,256,256,256,9,COMPRESSED(DXT1/PVRTC/ETC1),2,False,35181
yamato_diffuse_512.atf,yamato,diffuse,512,512,512,10,COMPRESSED(DXT1/PVRTC/ETC1),2,False,128669
yamato_glow_128.atf,yamato,glow,128,128,128,8,COMPRESSED(DXT1/PVRTC/ETC1),2,False,2976
yamato_glow_256.atf,yamato,glow,256,256,256,9,COMPRESSED(DXT1/PVRTC/ETC1),2,False,4366
yamato_glow_512.atf,yamato,glow,512,512,512,10,COMPRESSED(DXT1/PVRTC/ETC1),2,False,7183
yamato_normal_128.atf,yamato,normal,128,128,128,8,COMPRESSED(DXT1/PVRTC/ETC1),2,False,11367
yamato_normal_256.atf,yamato,normal,256,256,256,9,COMPRESSED(DXT1/PVRTC/ETC1),2,False,38259
yamato_normal_512.atf,yamato,normal,512,512,512,10,COMPRESSED(DXT1/PVRTC/ETC1),2,False,137735
yamato_specular_128.atf,yamato,specular,128,128,128,8,COMPRESSED(DXT1/PVRTC/ETC1),2,False,9585
yamato_specular_256.atf,yamato,specular,256,256,256,9,COMPRESSED(DXT1/PVRTC/ETC1),2,False,31321
yamato_specular_512.atf,yamato,specular,512,512,512,10,COMPRESSED(DXT1/PVRTC/ETC1),2,False,112216
z-gate-asteroid_diffuse_128.atf,z-gate-asteroid,diffuse,128,128,128,8,COMPRESSED(DXT1/PVRTC/ETC1),2,False,9990
z-gate-asteroid_diffuse_256.atf,z-gate-asteroid,diffuse,256,256,256,9,COMPRESSED(DXT1/PVRTC/ETC1),2,False,33504
z-gate-asteroid_diffuse_512.atf,z-gate-asteroid,diffuse,512,512,512,10,COMPRESSED(DXT1/PVRTC/ETC1),2,False,123206
z-gate-asteroid_glow_128.atf,z-gate-asteroid,glow,128,128,128,8,COMPRESSED(DXT1/PVRTC/ETC1),2,False,8082
z-gate-asteroid_glow_256.atf,z-gate-asteroid,glow,256,256,256,9,COMPRESSED(DXT1/PVRTC/ETC1),2,False,23316
z-gate-asteroid_glow_512.atf,z-gate-asteroid,glow,512,512,512,10,COMPRESSED(DXT1/PVRTC/ETC1),2,False,73063
z-gate-asteroid_normal_128.atf,z-gate-asteroid,normal,128,128,128,8,COMPRESSED(DXT1/PVRTC/ETC1),2,False,12625
z-gate-asteroid_normal_256.atf,z-gate-asteroid,normal,256,256,256,9,COMPRESSED(DXT1/PVRTC/ETC1),2,False,39787
z-gate-asteroid_normal_512.atf,z-gate-asteroid,normal,512,512,512,10,COMPRESSED(DXT1/PVRTC/ETC1),2,False,132311
z-gate-asteroid_specular_128.atf,z-gate-asteroid,specular,128,128,128,8,COMPRESSED(DXT1/PVRTC/ETC1),2,False,11484
z-gate-asteroid_specular_256.atf,z-gate-asteroid,specular,256,256,256,9,COMPRESSED(DXT1/PVRTC/ETC1),2,False,38865
z-gate-asteroid_specular_512.atf,z-gate-asteroid,specular,512,512,512,10,COMPRESSED(DXT1/PVRTC/ETC1),2,False,141353
zone_asteroid_low_pirates_diffuse_512.atf,zone_asteroid_low_pirates,diffuse,512,512,512,10,RGBA888,0,False,70942
zone_asteroid_low_pirates_normal_512.atf,zone_asteroid_low_pirates,normal,512,512,512,10,RGBA888,0,False,111276
zone_asteroid_low_pirates_specular_512.atf,zone_asteroid_low_pirates,specular,512,512,512,10,RGBA888,0,False,79988
zone_scrap_pirates_alpha_128.atf,zone_scrap_pirates,alpha,128,128,128,8,COMPRESSED(DXT1/PVRTC/ETC1),2,False,8586
zone_scrap_pirates_alpha_256.atf,zone_scrap_pirates,alpha,256,256,256,9,COMPRESSED(DXT1/PVRTC/ETC1),2,False,22402
zone_scrap_pirates_alpha_512.atf,zone_scrap_pirates,alpha,512,512,512,10,COMPRESSED(DXT1/PVRTC/ETC1),2,False,62257
zone_scrap_pirates_diffuse_128.atf,zone_scrap_pirates,diffuse,128,128,128,8,COMPRESSED(DXT1/PVRTC/ETC1),2,False,9373
zone_scrap_pirates_diffuse_256.atf,zone_scrap_pirates,diffuse,256,256,256,9,COMPRESSED(DXT1/PVRTC/ETC1),2,False,28125
zone_scrap_pirates_diffuse_512.atf,zone_scrap_pirates,diffuse,512,512,512,10,COMPRESSED(DXT1/PVRTC/ETC1),2,False,94011
zone_scrap_pirates_normal_128.atf,zone_scrap_pirates,normal,128,128,128,8,COMPRESSED(DXT1/PVRTC/ETC1),2,False,9042
zone_scrap_pirates_normal_256.atf,zone_scrap_pirates,normal,256,256,256,9,COMPRESSED(DXT1/PVRTC/ETC1),2,False,28710
zone_scrap_pirates_normal_512.atf,zone_scrap_pirates,normal,512,512,512,10,COMPRESSED(DXT1/PVRTC/ETC1),2,False,103129
zone_scrap_pirates_specular_128.atf,zone_scrap_pirates,specular,128,128,128,8,COMPRESSED(DXT1/PVRTC/ETC1),2,False,8624
zone_scrap_pirates_specular_256.atf,zone_scrap_pirates,specular,256,256,256,9,COMPRESSED(DXT1/PVRTC/ETC1),2,False,25003
zone_scrap_pirates_specular_512.atf,zone_scrap_pirates,specular,512,512,512,10,COMPRESSED(DXT1/PVRTC/ETC1),2,False,80672
